ID,Substitution,MutPred2 score,Molecular mechanisms with Pr >= 0.01 and P < 0.05,Motif information,Pathogenicity
Phenylalanine_Hydroxylase(PAH)_HUMAN,L293S,0.772,Altered Stability (Pr = 0.11 | P = 0.04),Altered Motifs (ELME000173:Consensus derived from reported natural interactors which do not  match the Mode 1 and Mode 2 ligands.; ELME000193:Some proteins re-exported from the nucleus contain a Leucine-rich nuclear export signal (NES) binding to the CRM1 exportin protein.; ELME000235:The PTB RRM2 Interacting (PRI) motif is found in some splicing regulators - possibly only in the chordate lineage. As part of splicing complex regulation - it interacts with the 2nd RNA binding domain (RRM) of PTB - the polypyrimidine tract binding protein.; PS00006:Casein kinase II phosphorylation site),Pathogenic
Phenylalanine_Hydroxylase(PAH)_HUMAN,S250F,0.815,,Altered Motifs (ELME000197:Phosphopeptide motif which directly interacts with the BRCT (carboxy-terminal) domain  of the Breast Cancer Gene BRCA1 with low affinity; ELME000233:MAPK interacting molecules (e.g. MAPKKs - substrates - phosphatases) carry docking motif that help to regulate specific interaction in the MAPK cascade. The classic motif approximates (R/K)xxxx#x# where # is a hydrophobic residue.; ELME000328:Fxxx[WF] motifs are present in Pex19 and S. cerevisiae Pex5 cytosolic receptors that bind to peroxisomal membrane docking member - Pex14; PS00005:Protein kinase C phosphorylation site; PS00006:Casein kinase II phosphorylation site; PS00008:N-myristoylation site),Pathogenic
Phenylalanine_Hydroxylase(PAH)_HUMAN,Y277H,0.489,Gain of Intrinsic_disorder (Pr = 0.31 | P = 0.04); Altered PPI_hotspot (Pr = 0.28 | P = 6.8e-03),Altered Motifs (ELME000136:The Class IV WW domain interaction motif is recognised primarily by the Pin1 phosphorylation-dependent prolyl isomerase.; ELME000159:Proline-Directed Kinase (e.g. MAPK) phosphorylation site in higher eukaryotes.; ELME000182:STAT5 Src Homology 2 (SH2) domain binding motif.; ELME000358:Phospho-dependent motif that mediates docking of CDK substrates and regulators to cyclin-CDK-bound Cks1.),Benign
Phenylalanine_Hydroxylase(PAH)_HUMAN,A322D,0.85,Altered PPI_hotspot (Pr = 0.26 | P = 0.01); Gain of Sulfation at Y317 (Pr = 0.01 | P = 0.04),Altered Motifs (ELME000146:Subtilisin/kexin isozyme-1 (SKI1) cleavage site ([RK]-X-[hydrophobic]-[LTKF]-|-X); ELME000193:Some proteins re-exported from the nucleus contain a Leucine-rich nuclear export signal (NES) binding to the CRM1 exportin protein.),Pathogenic
Phenylalanine_Hydroxylase(PAH)_HUMAN,D151N,0.823,Loss of Sodium_binding at H146 (Pr = 0.31 | P = 3.1e-03); Loss of Manganese_binding at H146 (Pr = 0.29 | P = 5.1e-03); Altered DNA_binding (Pr = 0.27 | P = 5.3e-03); Gain of Relative_solvent_accessibility (Pr = 0.27 | P = 0.02); Gain of Catalytic_site at H146 (Pr = 0.25 | P = 4.7e-03); Gain of Acetylation at K150 (Pr = 0.25 | P = 0.01); Loss of Allosteric_site at H146 (Pr = 0.25 | P = 0.02); Loss of Potassium_binding at D151 (Pr = 0.10 | P = 0.05); Loss of Copper_binding at H146 (Pr = 0.04 | P = 0.05),Altered Motifs (ELME000095:This phosphorylation-dependent motif binds to Shc-like and IRS-like PTB domains. The pTyr is positioned within a highly basic-charged anchoring pocket. A hydrophobic residue -5 (compared to pY) increases the affinity of the interaction.; ELME000122:These phosphorylation-independent motifs bind to Dab-like PTB domains. Binding is not driven by contacts at the 0 or FY position - but instead is dependent upon the large number of hydrophobic and hydrogen bond contacts between motif and domain.),Pathogenic
Phenylalanine_Hydroxylase(PAH)_HUMAN,P407T,0.749,Altered PPI_residue (Pr = 0.29 | P = 0.03); Gain of Relative_solvent_accessibility (Pr = 0.29 | P = 0.01); Altered Cytoplasmic_loop (Pr = 0.24 | P = 1.6e-03); Altered DNA_binding (Pr = 0.22 | P = 0.01); Loss of Allosteric_site at F402 (Pr = 0.21 | P = 0.04),Altered Motifs (ELME000053:GSK3 phosphorylation recognition site; ELME000336:NEK2 phosphorylation motif with preferred Phe - Leu or Met in the -3 position to compensate for less favorable residues in the +1 and +2 position.),Pathogenic
Phenylalanine_Hydroxylase(PAH)_HUMAN,I406R,0.926,Altered PPI_residue (Pr = 0.35 | P = 4.5e-03); Loss of Relative_solvent_accessibility (Pr = 0.29 | P = 0.01); Altered Cytoplasmic_loop (Pr = 0.26 | P = 1.1e-03); Altered DNA_binding (Pr = 0.21 | P = 0.02); Loss of Allosteric_site at F402 (Pr = 0.21 | P = 0.04),Altered Motifs (ELME000012:The di-Arg ER retention motif is defined by two consecutive arginine residues (RR) or with a single residue insertion (RXR). The motif is completed by an adjacent hydrophobic/arginine residue which may be on either side of the Arg pair.; ELME000061:PKB Phosphorylation site; ELME000336:NEK2 phosphorylation motif with preferred Phe - Leu or Met in the -3 position to compensate for less favorable residues in the +1 and +2 position.),Pathogenic
Phenylalanine_Hydroxylase(PAH)_HUMAN,D394G,0.631,Loss of Relative_solvent_accessibility (Pr = 0.29 | P = 0.01); Altered PPI_residue (Pr = 0.28 | P = 0.04); Gain of Copper_binding at E390 (Pr = 0.13 | P = 6.6e-03); Altered Stability (Pr = 0.13 | P = 0.03); Gain of Methylation at K398 (Pr = 0.10 | P = 0.04); Altered Cytoplasmic_loop (Pr = 0.09 | P = 0.05),Altered Motifs (ELME000321:Caspase3 and Caspase7 cleavage site; PS00006:Casein kinase II phosphorylation site),Pathogenic
Phenylalanine_Hydroxylase(PAH)_HUMAN,V177A,0.649,Loss of Relative_solvent_accessibility (Pr = 0.27 | P = 0.02); Gain of Sodium_binding at Q172 (Pr = 0.20 | P = 0.03); Altered Cytoplasmic_loop (Pr = 0.17 | P = 0.01); Gain of Potassium_binding at Q172 (Pr = 0.12 | P = 0.03),Altered Motifs (None),Pathogenic
Phenylalanine_Hydroxylase(PAH)_HUMAN,A132T,0.568,Gain of Relative_solvent_accessibility (Pr = 0.28 | P = 0.02); Gain of Strand (Pr = 0.26 | P = 0.05),Altered Motifs (ELME000052:Phosphothreonine motif binding a subset of FHA domains that show a preference for a large aliphatic amino acid at the pT+3 position.; ELME000062:Secondary preference for PKA-type AGC kinase phosphorylation.),Pathogenic
Phenylalanine_Hydroxylase(PAH)_HUMAN,L293M,0.348,,Altered Motifs (ELME000193:Some proteins re-exported from the nucleus contain a Leucine-rich nuclear export signal (NES) binding to the CRM1 exportin protein.; ELME000235:The PTB RRM2 Interacting (PRI) motif is found in some splicing regulators - possibly only in the chordate lineage. As part of splicing complex regulation - it interacts with the 2nd RNA binding domain (RRM) of PTB - the polypyrimidine tract binding protein.),Benign
Phenylalanine_Hydroxylase(PAH)_HUMAN,E76D,0.314,Gain of Phosphorylation at Y77 (Pr = 0.29 | P = 0.02); Loss of SUMOylation at K74 (Pr = 0.22 | P = 0.02); Gain of Manganese_binding at E78 (Pr = 0.13 | P = 0.05); Gain of Sulfation at Y77 (Pr = 0.04 | P = 9.6e-03),Altered Motifs (None),Benign
Phenylalanine_Hydroxylase(PAH)_HUMAN,G171E,0.859,Gain of Zinc_binding at H170 (Pr = 0.36 | P = 0.01); Loss of Allosteric_site at Y168 (Pr = 0.26 | P = 0.01); Gain of Relative_solvent_accessibility (Pr = 0.25 | P = 0.03); Gain of Manganese_binding at H170 (Pr = 0.23 | P = 0.01); Altered DNA_binding (Pr = 0.21 | P = 0.02); Gain of Potassium_binding at Y168 (Pr = 0.20 | P = 7.6e-03); Gain of Sodium_binding at Q172 (Pr = 0.20 | P = 0.03); Gain of Nickel_binding at H170 (Pr = 0.20 | P = 0.03); Altered Cytoplasmic_loop (Pr = 0.20 | P = 5.9e-03); Loss of Copper_binding at H170 (Pr = 0.06 | P = 0.02),Altered Motifs (None),Pathogenic
Phenylalanine_Hydroxylase(PAH)_HUMAN,Q304P,0.943,Loss of Helix (Pr = 0.28 | P = 0.03); Loss of Pyrrolidone_carboxylic_acid at Q301 (Pr = 0.08 | P = 0.02),Altered Motifs (ELME000136:The Class IV WW domain interaction motif is recognised primarily by the Pin1 phosphorylation-dependent prolyl isomerase.; ELME000159:Proline-Directed Kinase (e.g. MAPK) phosphorylation site in higher eukaryotes.; ELME000202:(ST)Q motif which is phosphorylated by PIKK family members.),Pathogenic
Phenylalanine_Hydroxylase(PAH)_HUMAN,F149S,0.898,Gain of Intrinsic_disorder (Pr = 0.42 | P = 6.3e-03); Loss of Manganese_binding at H146 (Pr = 0.36 | P = 1.8e-03); Loss of Acetylation at K150 (Pr = 0.31 | P = 3.4e-03); Gain of Catalytic_site at H146 (Pr = 0.31 | P = 1.1e-03); Gain of Relative_solvent_accessibility (Pr = 0.28 | P = 0.02); Altered PPI_residue (Pr = 0.28 | P = 0.04); Gain of Sodium_binding at H146 (Pr = 0.27 | P = 7.0e-03); Gain of B-factor (Pr = 0.27 | P = 0.01); Gain of Zinc_binding at D145 (Pr = 0.26 | P = 0.03); Loss of Allosteric_site at H146 (Pr = 0.26 | P = 0.01); Altered DNA_binding (Pr = 0.23 | P = 0.01); Gain of Nickel_binding at D145 (Pr = 0.21 | P = 0.02); Gain of Copper_binding at H146 (Pr = 0.05 | P = 0.03),Altered Motifs (None),Pathogenic
Phenylalanine_Hydroxylase(PAH)_HUMAN,Q232H,0.235,Gain of Loop (Pr = 0.28 | P = 0.01); Loss of Relative_solvent_accessibility (Pr = 0.26 | P = 0.03); Gain of Copper_binding at Q232 (Pr = 0.06 | P = 0.03),Altered Motifs (ELME000202:(ST)Q motif which is phosphorylated by PIKK family members.; ELME000313:The WH2 motif is of variable length (16-19 amino acids) binding to the hydrophobic cleft formed by actin's subdomains 1 and 3. At the N-terminus it forms an alpha-helix followed by a flexible loop stabilised upon actin binding.),Benign
Phenylalanine_Hydroxylase(PAH)_HUMAN,C284Y,0.736,Gain of Sulfation at C284 (Pr = 0.04 | P = 0.01),Altered Motifs (ELME000120:Tyrosine-based sorting signal responsible for the interaction with mu subunit of AP (Adaptor Protein) complex; ELME000193:Some proteins re-exported from the nucleus contain a Leucine-rich nuclear export signal (NES) binding to the CRM1 exportin protein.; PS00367:Biopterin-dependent aromatic amino acid hydroxylases signature),Pathogenic
Phenylalanine_Hydroxylase(PAH)_HUMAN,P416L,0.721,Altered PPI_residue (Pr = 0.36 | P = 3.7e-03); Gain of Strand (Pr = 0.27 | P = 0.02); Altered PPI_hotspot (Pr = 0.26 | P = 0.01); Altered Coiled_coil (Pr = 0.21 | P = 0.02); Altered Cytoplasmic_loop (Pr = 0.15 | P = 0.01); Loss of Sulfation at Y417 (Pr = 0.02 | P = 0.03),Altered Motifs (ELME000052:Phosphothreonine motif binding a subset of FHA domains that show a preference for a large aliphatic amino acid at the pT+3 position.; ELME000202:(ST)Q motif which is phosphorylated by PIKK family members.),Pathogenic
Phenylalanine_Hydroxylase(PAH)_HUMAN,G171W,0.877,Altered PPI_residue (Pr = 0.41 | P = 6.6e-04); Loss of Relative_solvent_accessibility (Pr = 0.27 | P = 0.02); Gain of Allosteric_site at G171 (Pr = 0.25 | P = 0.01); Altered DNA_binding (Pr = 0.21 | P = 0.02); Loss of Sodium_binding at Y168 (Pr = 0.19 | P = 0.05); Loss of Potassium_binding at Y168 (Pr = 0.18 | P = 0.01); Altered Cytoplasmic_loop (Pr = 0.17 | P = 9.4e-03); Loss of Nickel_binding at H170 (Pr = 0.16 | P = 0.05); Loss of Manganese_binding at H170 (Pr = 0.13 | P = 0.05); Loss of Copper_binding at H170 (Pr = 0.06 | P = 0.02),Altered Motifs (None),Pathogenic
Phenylalanine_Hydroxylase(PAH)_HUMAN,G289E,0.866,Gain of Allosteric_site at H285 (Pr = 0.20 | P = 0.04); Gain of Manganese_binding at H290 (Pr = 0.13 | P = 0.05),Altered Motifs (ELME000193:Some proteins re-exported from the nucleus contain a Leucine-rich nuclear export signal (NES) binding to the CRM1 exportin protein.; ELME000235:The PTB RRM2 Interacting (PRI) motif is found in some splicing regulators - possibly only in the chordate lineage. As part of splicing complex regulation - it interacts with the 2nd RNA binding domain (RRM) of PTB - the polypyrimidine tract binding protein.; PS00367:Biopterin-dependent aromatic amino acid hydroxylases signature),Pathogenic
Phenylalanine_Hydroxylase(PAH)_HUMAN,N426H,0.309,Gain of Zinc_binding at D425 (Pr = 0.26 | P = 0.03); Altered Coiled_coil (Pr = 0.19 | P = 0.02),Altered Motifs (ELME000052:Phosphothreonine motif binding a subset of FHA domains that show a preference for a large aliphatic amino acid at the pT+3 position.; ELME000202:(ST)Q motif which is phosphorylated by PIKK family members.; ELME000321:Caspase3 and Caspase7 cleavage site; ELME000336:NEK2 phosphorylation motif with preferred Phe - Leu or Met in the -3 position to compensate for less favorable residues in the +1 and +2 position.),Benign
Phenylalanine_Hydroxylase(PAH)_HUMAN,D129A,0.762,Altered PPI_residue (Pr = 0.28 | P = 0.05); Loss of Relative_solvent_accessibility (Pr = 0.27 | P = 0.02); Altered DNA_binding (Pr = 0.18 | P = 0.03),Altered Motifs (None),Pathogenic
Phenylalanine_Hydroxylase(PAH)_HUMAN,L194R,0.86,Loss of Relative_solvent_accessibility (Pr = 0.31 | P = 7.5e-03); Loss of Acetylation at K192 (Pr = 0.20 | P = 0.04); Altered Stability (Pr = 0.10 | P = 0.04),Altered Motifs (ELME000062:Secondary preference for PKA-type AGC kinase phosphorylation.; ELME000102:N-Arg dibasic convertase (nardilysin) cleavage site (Xaa-|-Arg-Lys or Arg-|-Arg-Xaa).; ELME000146:Subtilisin/kexin isozyme-1 (SKI1) cleavage site ([RK]-X-[hydrophobic]-[LTKF]-|-X); PS00005:Protein kinase C phosphorylation site),Pathogenic
Phenylalanine_Hydroxylase(PAH)_HUMAN,Q375H,0.52,Altered PPI_residue (Pr = 0.29 | P = 0.03); Gain of Loop (Pr = 0.26 | P = 0.05); Altered Cytoplasmic_loop (Pr = 0.26 | P = 1.1e-03); Loss of Relative_solvent_accessibility (Pr = 0.25 | P = 0.04); Loss of Allosteric_site at Y377 (Pr = 0.23 | P = 0.03); Gain of Nickel_binding at Y377 (Pr = 0.22 | P = 0.02); Gain of Copper_binding at Y377 (Pr = 0.10 | P = 0.01); Loss of N-linked_glycosylation at N376 (Pr = 0.08 | P = 0.02),Altered Motifs (ELME000064:CK2 phosphorylation site; ELME000070:Generic motif for N-glycosylation. It was shown that Trp - Asp - and Glu are uncommon before the Ser/Thr position (PMID-8626433). Efficient glycosylation usually occurs when ~60 residues or more separate the glycosylation acceptor site from the C-terminus.; ELME000147:Site phosphorylated by the Polo-like kinase.),Pathogenic
Phenylalanine_Hydroxylase(PAH)_HUMAN,A132V,0.599,Loss of Relative_solvent_accessibility (Pr = 0.27 | P = 0.02); Gain of Strand (Pr = 0.27 | P = 0.03),Altered Motifs (None),Pathogenic
Phenylalanine_Hydroxylase(PAH)_HUMAN,E183G,0.881,Loss of Helix (Pr = 0.29 | P = 0.01); Gain of Relative_solvent_accessibility (Pr = 0.27 | P = 0.02); Loss of B-factor (Pr = 0.26 | P = 0.05); Loss of Allosteric_site at W187 (Pr = 0.24 | P = 0.02); Gain of Acetylation at K184 (Pr = 0.22 | P = 0.03); Altered Stability (Pr = 0.15 | P = 0.02); Altered Cytoplasmic_loop (Pr = 0.12 | P = 0.03),Altered Motifs (ELME000093:Peptide C-terminal amidation; PS00009:Amidation site),Pathogenic
Phenylalanine_Hydroxylase(PAH)_HUMAN,D229G,0.609,Altered PPI_residue (Pr = 0.28 | P = 0.05); Loss of Relative_solvent_accessibility (Pr = 0.27 | P = 0.02),Altered Motifs (ELME000202:(ST)Q motif which is phosphorylated by PIKK family members.; ELME000313:The WH2 motif is of variable length (16-19 amino acids) binding to the hydrophobic cleft formed by actin's subdomains 1 and 3. At the N-terminus it forms an alpha-helix followed by a flexible loop stabilised upon actin binding.),Pathogenic
Phenylalanine_Hydroxylase(PAH)_HUMAN,K184N,0.4,Gain of Relative_solvent_accessibility (Pr = 0.29 | P = 0.01); Loss of Helix (Pr = 0.29 | P = 0.02); Gain of Allosteric_site at W187 (Pr = 0.25 | P = 0.01); Altered Cytoplasmic_loop (Pr = 0.14 | P = 0.02); Gain of N-linked_glycosylation at K184 (Pr = 0.06 | P = 0.02),Altered Motifs (ELME000070:Generic motif for N-glycosylation. It was shown that Trp - Asp - and Glu are uncommon before the Ser/Thr position (PMID-8626433). Efficient glycosylation usually occurs when ~60 residues or more separate the glycosylation acceptor site from the C-terminus.; PS00001:N-glycosylation site),Benign
Phenylalanine_Hydroxylase(PAH)_HUMAN,C203G,0.951,Loss of Zinc_binding at C203 (Pr = 0.36 | P = 8.3e-03); Gain of Nickel_binding at H201 (Pr = 0.26 | P = 0.01); Gain of Relative_solvent_accessibility (Pr = 0.24 | P = 0.04); Altered Stability (Pr = 0.14 | P = 0.02); Altered Cytoplasmic_loop (Pr = 0.10 | P = 0.05),Altered Motifs (None),Pathogenic
Phenylalanine_Hydroxylase(PAH)_HUMAN,D151E,0.754,Loss of Sodium_binding at H146 (Pr = 0.30 | P = 3.7e-03); Loss of Allosteric_site at Y154 (Pr = 0.27 | P = 8.3e-03); Altered DNA_binding (Pr = 0.26 | P = 7.3e-03); Loss of Manganese_binding at H146 (Pr = 0.26 | P = 8.6e-03); Loss of Relative_solvent_accessibility (Pr = 0.25 | P = 0.03); Loss of Acetylation at K150 (Pr = 0.25 | P = 0.01); Gain of Catalytic_site at H146 (Pr = 0.25 | P = 5.2e-03); Loss of Potassium_binding at D151 (Pr = 0.10 | P = 0.05); Loss of Copper_binding at H146 (Pr = 0.04 | P = 0.05),Altered Motifs (None),Pathogenic
Phenylalanine_Hydroxylase(PAH)_HUMAN,R86P,0.432,Gain of Nickel_binding at H82 (Pr = 0.18 | P = 0.04),Altered Motifs (ELME000100:NEC1/NEC2 cleavage site (Lys-Arg-|-Xaa); ELME000106:Substrate recognition site that interacts with cyclin and thereby increases phosphorylation by cyclin/cdk complexes. Predicted proteins should have a CDK phosphorylation site. Also used by cyclin/cdk inhibitors.; ELME000108:Yeast kexin 2 cleavage site (Lys-Arg-|-Xaa or Arg-Arg-|-Xaa); ELME000155:This is the motif recognized by those SH3 domains with a non-canonical class I recognition specificity),Benign
Phenylalanine_Hydroxylase(PAH)_HUMAN,P89T,0.19,,Altered Motifs (ELME000106:Substrate recognition site that interacts with cyclin and thereby increases phosphorylation by cyclin/cdk complexes. Predicted proteins should have a CDK phosphorylation site. Also used by cyclin/cdk inhibitors.; ELME000146:Subtilisin/kexin isozyme-1 (SKI1) cleavage site ([RK]-X-[hydrophobic]-[LTKF]-|-X)),Benign
Phenylalanine_Hydroxylase(PAH)_HUMAN,P279T,0.666,Altered PPI_hotspot (Pr = 0.23 | P = 0.05),Altered Motifs (ELME000136:The Class IV WW domain interaction motif is recognised primarily by the Pin1 phosphorylation-dependent prolyl isomerase.; ELME000159:Proline-Directed Kinase (e.g. MAPK) phosphorylation site in higher eukaryotes.; ELME000182:STAT5 Src Homology 2 (SH2) domain binding motif.; ELME000220:Phosphothreonine motif binding a subset of FHA domains that have a preference for an acidic amino acid at the pT+3 position.; ELME000358:Phospho-dependent motif that mediates docking of CDK substrates and regulators to cyclin-CDK-bound Cks1.; PS00006:Casein kinase II phosphorylation site),Pathogenic
Phenylalanine_Hydroxylase(PAH)_HUMAN,D84N,0.525,,Altered Motifs (ELME000220:Phosphothreonine motif binding a subset of FHA domains that have a preference for an acidic amino acid at the pT+3 position.; PS00006:Casein kinase II phosphorylation site),Pathogenic
Phenylalanine_Hydroxylase(PAH)_HUMAN,H271N,0.72,Gain of N-linked_glycosylation at H271 (Pr = 0.02 | P = 0.03),Altered Motifs (ELME000048:Mode 1 interacting phospho-motif for 14-3-3 proteins with key conservation RxxSxP.; ELME000070:Generic motif for N-glycosylation. It was shown that Trp - Asp - and Glu are uncommon before the Ser/Thr position (PMID-8626433). Efficient glycosylation usually occurs when ~60 residues or more separate the glycosylation acceptor site from the C-terminus.; ELME000182:STAT5 Src Homology 2 (SH2) domain binding motif.; PS00001:N-glycosylation site),Pathogenic
Phenylalanine_Hydroxylase(PAH)_HUMAN,T238I,0.761,,Altered Motifs (ELME000313:The WH2 motif is of variable length (16-19 amino acids) binding to the hydrophobic cleft formed by actin's subdomains 1 and 3. At the N-terminus it forms an alpha-helix followed by a flexible loop stabilised upon actin binding.; ELME000336:NEK2 phosphorylation motif with preferred Phe - Leu or Met in the -3 position to compensate for less favorable residues in the +1 and +2 position.),Pathogenic
Phenylalanine_Hydroxylase(PAH)_HUMAN,D338V,0.56,Altered PPI_residue (Pr = 0.34 | P = 6.2e-03); Loss of Relative_solvent_accessibility (Pr = 0.31 | P = 6.8e-03); Altered Cytoplasmic_loop (Pr = 0.29 | P = 2.1e-04); Altered PPI_hotspot (Pr = 0.27 | P = 8.7e-03); Gain of Pyrrolidone_carboxylic_acid at Q336 (Pr = 0.06 | P = 0.03),Altered Motifs (None),Pathogenic
Phenylalanine_Hydroxylase(PAH)_HUMAN,R158G,0.916,Loss of Allosteric_site at R158 (Pr = 0.52 | P = 6.8e-05); Altered DNA_binding (Pr = 0.35 | P = 9.5e-04); Gain of Acetylation at K159 (Pr = 0.34 | P = 2.2e-03); Gain of Relative_solvent_accessibility (Pr = 0.34 | P = 1.7e-03); Altered MoRF (Pr = 0.34 | P = 0.01); Altered PPI_residue (Pr = 0.32 | P = 0.01); Loss of Helix (Pr = 0.29 | P = 0.02); Gain of Nickel_binding at D163 (Pr = 0.18 | P = 0.04); Gain of Methylation at K159 (Pr = 0.13 | P = 0.02); Gain of Catalytic_site at R155 (Pr = 0.11 | P = 0.03),Altered Motifs (ELME000101:Furin (PACE) cleavage site (Arg-Xaa-[Arg/Lys]-Arg-|-Xaa); ELME000102:N-Arg dibasic convertase (nardilysin) cleavage site (Xaa-|-Arg-Lys or Arg-|-Arg-Xaa).; ELME000108:Yeast kexin 2 cleavage site (Lys-Arg-|-Xaa or Arg-Arg-|-Xaa)),Pathogenic
Phenylalanine_Hydroxylase(PAH)_HUMAN,P362L,0.742,,Altered Motifs (ELME000145:PxLxP motif is recognized by a subset of MYND domain containing proteins.; ELME000149:Sorting and internalisation signal found in the cytoplasmic juxta-membrane region of type I transmembrane proteins. Targets them from the Trans Golgi Network to the lysosomal-endosomal-melanosomal compartments. Interacts with adaptor protein (AP) complexes; ELME000193:Some proteins re-exported from the nucleus contain a Leucine-rich nuclear export signal (NES) binding to the CRM1 exportin protein.; ELME000233:MAPK interacting molecules (e.g. MAPKKs - substrates - phosphatases) carry docking motif that help to regulate specific interaction in the MAPK cascade. The classic motif approximates (R/K)xxxx#x# where # is a hydrophobic residue.),Pathogenic
Phenylalanine_Hydroxylase(PAH)_HUMAN,T418N,0.72,Altered PPI_hotspot (Pr = 0.24 | P = 0.04); Altered Coiled_coil (Pr = 0.14 | P = 0.03); Altered Cytoplasmic_loop (Pr = 0.14 | P = 0.02); Loss of Sulfation at Y417 (Pr = 0.02 | P = 0.03),Altered Motifs (ELME000052:Phosphothreonine motif binding a subset of FHA domains that show a preference for a large aliphatic amino acid at the pT+3 position.; ELME000182:STAT5 Src Homology 2 (SH2) domain binding motif.; ELME000202:(ST)Q motif which is phosphorylated by PIKK family members.; PS00005:Protein kinase C phosphorylation site),Pathogenic
Phenylalanine_Hydroxylase(PAH)_HUMAN,I324N,0.874,Altered PPI_hotspot (Pr = 0.26 | P = 0.02); Altered DNA_binding (Pr = 0.15 | P = 0.04),Altered Motifs (ELME000146:Subtilisin/kexin isozyme-1 (SKI1) cleavage site ([RK]-X-[hydrophobic]-[LTKF]-|-X); ELME000193:Some proteins re-exported from the nucleus contain a Leucine-rich nuclear export signal (NES) binding to the CRM1 exportin protein.),Pathogenic
Phenylalanine_Hydroxylase(PAH)_HUMAN,L385P,0.744,Altered Cytoplasmic_loop (Pr = 0.29 | P = 1.9e-04); Altered PPI_residue (Pr = 0.29 | P = 0.03); Altered PPI_hotspot (Pr = 0.26 | P = 0.01); Gain of Relative_solvent_accessibility (Pr = 0.24 | P = 0.04); Gain of Copper_binding at E390 (Pr = 0.13 | P = 6.6e-03); Gain of Potassium_binding at Q383 (Pr = 0.11 | P = 0.04); Loss of Sulfation at Y387 (Pr = 0.03 | P = 0.02),Altered Motifs (ELME000003:PPXY is the motif recognized by WW domains of Group I),Pathogenic
Phenylalanine_Hydroxylase(PAH)_HUMAN,S310C,0.784,,Altered Motifs (None),Pathogenic
Phenylalanine_Hydroxylase(PAH)_HUMAN,T193I,0.246,Gain of Relative_solvent_accessibility (Pr = 0.26 | P = 0.03); Loss of Acetylation at K192 (Pr = 0.20 | P = 0.04),Altered Motifs (ELME000053:GSK3 phosphorylation recognition site; ELME000146:Subtilisin/kexin isozyme-1 (SKI1) cleavage site ([RK]-X-[hydrophobic]-[LTKF]-|-X); PS00005:Protein kinase C phosphorylation site),Benign
Phenylalanine_Hydroxylase(PAH)_HUMAN,R169L,0.728,Altered PPI_residue (Pr = 0.35 | P = 5.7e-03); Gain of Relative_solvent_accessibility (Pr = 0.31 | P = 5.2e-03); Gain of Zinc_binding at H170 (Pr = 0.29 | P = 0.02); Gain of Allosteric_site at Y168 (Pr = 0.26 | P = 8.7e-03); Altered DNA_binding (Pr = 0.21 | P = 0.02); Gain of Sodium_binding at Q172 (Pr = 0.21 | P = 0.03); Gain of Manganese_binding at H170 (Pr = 0.20 | P = 0.02); Loss of Potassium_binding at Y168 (Pr = 0.18 | P = 0.01); Gain of Nickel_binding at H170 (Pr = 0.16 | P = 0.05); Altered Cytoplasmic_loop (Pr = 0.11 | P = 0.04); Loss of Copper_binding at H170 (Pr = 0.06 | P = 0.02),Altered Motifs (ELME000020:ITIM (immunoreceptor tyrosine-based inhibitory motif). Phosphorylation of the ITIM motif - found in the cytoplasmic tail of some inhibitory receptors (KIRs) that bind MHC Class I - leads to the recruitment and activation of a protein tyrosine phosphatase.; ELME000081:Src-family Src Homology 2 (SH2) domains binding motif.; ELME000120:Tyrosine-based sorting signal responsible for the interaction with mu subunit of AP (Adaptor Protein) complex; ELME000182:STAT5 Src Homology 2 (SH2) domain binding motif.),Pathogenic
Phenylalanine_Hydroxylase(PAH)_HUMAN,T266I,0.892,,Altered Motifs (ELME000052:Phosphothreonine motif binding a subset of FHA domains that show a preference for a large aliphatic amino acid at the pT+3 position.; ELME000202:(ST)Q motif which is phosphorylated by PIKK family members.; ELME000336:NEK2 phosphorylation motif with preferred Phe - Leu or Met in the -3 position to compensate for less favorable residues in the +1 and +2 position.),Pathogenic
Phenylalanine_Hydroxylase(PAH)_HUMAN,S67A,0.406,,Altered Motifs (ELME000053:GSK3 phosphorylation recognition site; ELME000062:Secondary preference for PKA-type AGC kinase phosphorylation.; ELME000063:CK1 phosphorylation site; ELME000220:Phosphothreonine motif binding a subset of FHA domains that have a preference for an acidic amino acid at the pT+3 position.; ELME000239:The USP7 NTD domain binding motif variant based on the MDM2 and P53 interactions.),Benign
Phenylalanine_Hydroxylase(PAH)_HUMAN,A202T,0.834,Gain of Zinc_binding at C203 (Pr = 0.25 | P = 0.04); Gain of Relative_solvent_accessibility (Pr = 0.25 | P = 0.04); Gain of Nickel_binding at H201 (Pr = 0.22 | P = 0.02),Altered Motifs (ELME000064:CK2 phosphorylation site; ELME000220:Phosphothreonine motif binding a subset of FHA domains that have a preference for an acidic amino acid at the pT+3 position.; ELME000336:NEK2 phosphorylation motif with preferred Phe - Leu or Met in the -3 position to compensate for less favorable residues in the +1 and +2 position.; PS00006:Casein kinase II phosphorylation site),Pathogenic
Phenylalanine_Hydroxylase(PAH)_HUMAN,G332R,0.924,Altered Cytoplasmic_loop (Pr = 0.30 | P = 1.9e-04); Loss of Relative_solvent_accessibility (Pr = 0.26 | P = 0.03); Altered PPI_hotspot (Pr = 0.25 | P = 0.03); Altered DNA_binding (Pr = 0.19 | P = 0.02); Loss of Pyrrolidone_carboxylic_acid at Q336 (Pr = 0.05 | P = 0.04),Altered Motifs (None),Pathogenic
Phenylalanine_Hydroxylase(PAH)_HUMAN,S196T,0.124,Loss of Relative_solvent_accessibility (Pr = 0.28 | P = 0.02); Loss of Nickel_binding at H201 (Pr = 0.22 | P = 0.02); Loss of Zinc_binding at H201 (Pr = 0.22 | P = 0.05); Loss of Acetylation at K192 (Pr = 0.20 | P = 0.04),Altered Motifs (ELME000106:Substrate recognition site that interacts with cyclin and thereby increases phosphorylation by cyclin/cdk complexes. Predicted proteins should have a CDK phosphorylation site. Also used by cyclin/cdk inhibitors.; ELME000146:Subtilisin/kexin isozyme-1 (SKI1) cleavage site ([RK]-X-[hydrophobic]-[LTKF]-|-X)),Benign
Phenylalanine_Hydroxylase(PAH)_HUMAN,R111Q,0.555,Loss of Loop (Pr = 0.27 | P = 0.03); Altered Cytoplasmic_loop (Pr = 0.26 | P = 9.9e-04); Gain of B-factor (Pr = 0.25 | P = 0.03),Altered Motifs (ELME000202:(ST)Q motif which is phosphorylated by PIKK family members.),Pathogenic
Phenylalanine_Hydroxylase(PAH)_HUMAN,V245L,0.818,Loss of Strand (Pr = 0.28 | P = 5.8e-03); Gain of Helix (Pr = 0.27 | P = 0.03); Gain of Loop (Pr = 0.26 | P = 0.05),Altered Motifs (ELME000313:The WH2 motif is of variable length (16-19 amino acids) binding to the hydrophobic cleft formed by actin's subdomains 1 and 3. At the N-terminus it forms an alpha-helix followed by a flexible loop stabilised upon actin binding.),Pathogenic
Phenylalanine_Hydroxylase(PAH)_HUMAN,R420G,0.735,Gain of Strand (Pr = 0.27 | P = 0.01); Altered Coiled_coil (Pr = 0.16 | P = 0.03); Altered Cytoplasmic_loop (Pr = 0.14 | P = 0.02); Altered Stability (Pr = 0.09 | P = 0.05); Loss of Sulfation at Y417 (Pr = 0.02 | P = 0.03),Altered Motifs (ELME000052:Phosphothreonine motif binding a subset of FHA domains that show a preference for a large aliphatic amino acid at the pT+3 position.; ELME000182:STAT5 Src Homology 2 (SH2) domain binding motif.; ELME000202:(ST)Q motif which is phosphorylated by PIKK family members.; PS00005:Protein kinase C phosphorylation site),Pathogenic
Phenylalanine_Hydroxylase(PAH)_HUMAN,F260L,0.823,,Altered Motifs (None),Pathogenic
Phenylalanine_Hydroxylase(PAH)_HUMAN,I224V,0.532,Gain of Nickel_binding at D222 (Pr = 0.20 | P = 0.03),Altered Motifs (ELME000341:A variant MYND binding motif found in the HSP90 co-chaperones p23 and FKBP38 interacting with PHD2 MYND domain.),Pathogenic
Phenylalanine_Hydroxylase(PAH)_HUMAN,E214G,0.636,,Altered Motifs (None),Pathogenic
Phenylalanine_Hydroxylase(PAH)_HUMAN,M276T,0.409,Altered PPI_hotspot (Pr = 0.24 | P = 0.04); Gain of Sulfation at Y277 (Pr = 0.01 | P = 0.05),Altered Motifs (ELME000063:CK1 phosphorylation site; ELME000136:The Class IV WW domain interaction motif is recognised primarily by the Pin1 phosphorylation-dependent prolyl isomerase.; ELME000159:Proline-Directed Kinase (e.g. MAPK) phosphorylation site in higher eukaryotes.; ELME000358:Phospho-dependent motif that mediates docking of CDK substrates and regulators to cyclin-CDK-bound Cks1.; PS00008:N-myristoylation site),Benign
Phenylalanine_Hydroxylase(PAH)_HUMAN,I224L,0.686,Gain of Nickel_binding at D222 (Pr = 0.18 | P = 0.04),Altered Motifs (ELME000341:A variant MYND binding motif found in the HSP90 co-chaperones p23 and FKBP38 interacting with PHD2 MYND domain.),Pathogenic
Phenylalanine_Hydroxylase(PAH)_HUMAN,R71C,0.365,Loss of Intrinsic_disorder (Pr = 0.36 | P = 0.04); Loss of SUMOylation at K74 (Pr = 0.19 | P = 0.04),Altered Motifs (ELME000062:Secondary preference for PKA-type AGC kinase phosphorylation.; ELME000063:CK1 phosphorylation site),Benign
Phenylalanine_Hydroxylase(PAH)_HUMAN,F121L,0.846,Altered PPI_residue (Pr = 0.31 | P = 0.02); Loss of Allosteric_site at W120 (Pr = 0.27 | P = 8.9e-03); Altered DNA_binding (Pr = 0.24 | P = 7.9e-03); Altered Cytoplasmic_loop (Pr = 0.16 | P = 0.01),Altered Motifs (ELME000064:CK2 phosphorylation site; ELME000155:This is the motif recognized by those SH3 domains with a non-canonical class I recognition specificity),Pathogenic
Phenylalanine_Hydroxylase(PAH)_HUMAN,I174N,0.896,Altered PPI_residue (Pr = 0.38 | P = 1.9e-03); Gain of Intrinsic_disorder (Pr = 0.31 | P = 0.04); Loss of Relative_solvent_accessibility (Pr = 0.28 | P = 0.02); Gain of Allosteric_site at R169 (Pr = 0.20 | P = 0.04); Gain of Sodium_binding at Q172 (Pr = 0.18 | P = 0.05); Altered Cytoplasmic_loop (Pr = 0.18 | P = 9.0e-03); Altered DNA_binding (Pr = 0.16 | P = 0.04); Gain of Potassium_binding at Q172 (Pr = 0.16 | P = 0.02); Gain of Manganese_binding at H170 (Pr = 0.16 | P = 0.03); Loss of Nickel_binding at H170 (Pr = 0.16 | P = 0.05); Gain of Copper_binding at H170 (Pr = 0.06 | P = 0.03),Altered Motifs (None),Pathogenic
Phenylalanine_Hydroxylase(PAH)_HUMAN,E280A,0.803,Altered PPI_hotspot (Pr = 0.25 | P = 0.03),Altered Motifs (ELME000136:The Class IV WW domain interaction motif is recognised primarily by the Pin1 phosphorylation-dependent prolyl isomerase.; ELME000159:Proline-Directed Kinase (e.g. MAPK) phosphorylation site in higher eukaryotes.; ELME000182:STAT5 Src Homology 2 (SH2) domain binding motif.; ELME000358:Phospho-dependent motif that mediates docking of CDK substrates and regulators to cyclin-CDK-bound Cks1.),Pathogenic
Phenylalanine_Hydroxylase(PAH)_HUMAN,S391I,0.824,Altered PPI_residue (Pr = 0.36 | P = 4.3e-03); Loss of Relative_solvent_accessibility (Pr = 0.33 | P = 3.6e-03); Altered PPI_hotspot (Pr = 0.25 | P = 0.02); Altered Cytoplasmic_loop (Pr = 0.22 | P = 3.2e-03); Loss of Allosteric_site at F392 (Pr = 0.19 | P = 0.05); Loss of Copper_binding at E390 (Pr = 0.12 | P = 6.8e-03); Loss of Sulfation at Y387 (Pr = 0.03 | P = 0.02),Altered Motifs (ELME000321:Caspase3 and Caspase7 cleavage site; PS00006:Casein kinase II phosphorylation site),Pathogenic
Phenylalanine_Hydroxylase(PAH)_HUMAN,T186A,0.7,Gain of Helix (Pr = 0.27 | P = 0.04); Gain of Relative_solvent_accessibility (Pr = 0.26 | P = 0.03); Gain of Allosteric_site at W187 (Pr = 0.24 | P = 0.02); Altered Cytoplasmic_loop (Pr = 0.15 | P = 0.01),Altered Motifs (ELME000053:GSK3 phosphorylation recognition site; ELME000337:NEK2 phosphorylation motif with specific set of residues in the +1 and +2 position to compensate for less favorable residues in the -3 position.),Pathogenic
Phenylalanine_Hydroxylase(PAH)_HUMAN,S67Y,0.758,Gain of Strand (Pr = 0.26 | P = 0.04),Altered Motifs (ELME000053:GSK3 phosphorylation recognition site; ELME000062:Secondary preference for PKA-type AGC kinase phosphorylation.; ELME000063:CK1 phosphorylation site; ELME000220:Phosphothreonine motif binding a subset of FHA domains that have a preference for an acidic amino acid at the pT+3 position.),Pathogenic
Phenylalanine_Hydroxylase(PAH)_HUMAN,S350C,0.837,,Altered Motifs (ELME000064:CK2 phosphorylation site; ELME000336:NEK2 phosphorylation motif with preferred Phe - Leu or Met in the -3 position to compensate for less favorable residues in the +1 and +2 position.; ELME000337:NEK2 phosphorylation motif with specific set of residues in the +1 and +2 position to compensate for less favorable residues in the -3 position.; PS00006:Casein kinase II phosphorylation site; PS00008:N-myristoylation site),Pathogenic
Phenylalanine_Hydroxylase(PAH)_HUMAN,K192E,0.433,Loss of Relative_solvent_accessibility (Pr = 0.28 | P = 0.01); Loss of Acetylation at K192 (Pr = 0.27 | P = 6.8e-03); Loss of Allosteric_site at W187 (Pr = 0.24 | P = 0.02),Altered Motifs (ELME000053:GSK3 phosphorylation recognition site; ELME000064:CK2 phosphorylation site; ELME000146:Subtilisin/kexin isozyme-1 (SKI1) cleavage site ([RK]-X-[hydrophobic]-[LTKF]-|-X); ELME000220:Phosphothreonine motif binding a subset of FHA domains that have a preference for an acidic amino acid at the pT+3 position.; PS00006:Casein kinase II phosphorylation site),Benign
Phenylalanine_Hydroxylase(PAH)_HUMAN,A300G,0.695,Loss of Helix (Pr = 0.28 | P = 0.02); Loss of Pyrrolidone_carboxylic_acid at Q301 (Pr = 0.08 | P = 0.02),Altered Motifs (ELME000063:CK1 phosphorylation site; ELME000147:Site phosphorylated by the Polo-like kinase.; ELME000202:(ST)Q motif which is phosphorylated by PIKK family members.),Pathogenic
Phenylalanine_Hydroxylase(PAH)_HUMAN,H290Q,0.789,,Altered Motifs (ELME000193:Some proteins re-exported from the nucleus contain a Leucine-rich nuclear export signal (NES) binding to the CRM1 exportin protein.; ELME000235:The PTB RRM2 Interacting (PRI) motif is found in some splicing regulators - possibly only in the chordate lineage. As part of splicing complex regulation - it interacts with the 2nd RNA binding domain (RRM) of PTB - the polypyrimidine tract binding protein.; PS00367:Biopterin-dependent aromatic amino acid hydroxylases signature),Pathogenic
Phenylalanine_Hydroxylase(PAH)_HUMAN,H290Q,0.789,,Altered Motifs (ELME000193:Some proteins re-exported from the nucleus contain a Leucine-rich nuclear export signal (NES) binding to the CRM1 exportin protein.; ELME000235:The PTB RRM2 Interacting (PRI) motif is found in some splicing regulators - possibly only in the chordate lineage. As part of splicing complex regulation - it interacts with the 2nd RNA binding domain (RRM) of PTB - the polypyrimidine tract binding protein.; PS00367:Biopterin-dependent aromatic amino acid hydroxylases signature),Pathogenic
Phenylalanine_Hydroxylase(PAH)_HUMAN,G307V,0.832,,Altered Motifs (ELME000335:Inverted version of LIG_SUMO_SBM_1 that mediates binding to SUMO proteins non-covalently.),Pathogenic
Phenylalanine_Hydroxylase(PAH)_HUMAN,Q172R,0.611,Loss of Relative_solvent_accessibility (Pr = 0.30 | P = 0.01); Loss of Allosteric_site at Y168 (Pr = 0.24 | P = 0.02); Altered DNA_binding (Pr = 0.21 | P = 0.02); Loss of Sodium_binding at Q172 (Pr = 0.20 | P = 0.04); Loss of Potassium_binding at Y168 (Pr = 0.18 | P = 0.01); Loss of Nickel_binding at H170 (Pr = 0.17 | P = 0.04); Altered Cytoplasmic_loop (Pr = 0.16 | P = 0.01); Loss of Manganese_binding at H170 (Pr = 0.14 | P = 0.05); Gain of Copper_binding at H170 (Pr = 0.06 | P = 0.03),Altered Motifs (None),Pathogenic
Phenylalanine_Hydroxylase(PAH)_HUMAN,C217F,0.789,Gain of Acetylation at K215 (Pr = 0.20 | P = 0.04); Loss of Nickel_binding at D222 (Pr = 0.17 | P = 0.04),Altered Motifs (ELME000120:Tyrosine-based sorting signal responsible for the interaction with mu subunit of AP (Adaptor Protein) complex; ELME000182:STAT5 Src Homology 2 (SH2) domain binding motif.),Pathogenic
Phenylalanine_Hydroxylase(PAH)_HUMAN,P366A,0.257,Loss of Relative_solvent_accessibility (Pr = 0.27 | P = 0.02); Altered Cytoplasmic_loop (Pr = 0.12 | P = 0.03),Altered Motifs (ELME000047:Clathrin box motif found on cargo adaptor proteins - it interacts with the beta propeller structure located at the N-terminus of Clathrin heavy chain.; ELME000106:Substrate recognition site that interacts with cyclin and thereby increases phosphorylation by cyclin/cdk complexes. Predicted proteins should have a CDK phosphorylation site. Also used by cyclin/cdk inhibitors.; ELME000145:PxLxP motif is recognized by a subset of MYND domain containing proteins.; ELME000233:MAPK interacting molecules (e.g. MAPKKs - substrates - phosphatases) carry docking motif that help to regulate specific interaction in the MAPK cascade. The classic motif approximates (R/K)xxxx#x# where # is a hydrophobic residue.; ELME000333:Motif that mediates binding to SUMO proteins non-covalently.),Benign
Phenylalanine_Hydroxylase(PAH)_HUMAN,K341N,0.656,Altered PPI_hotspot (Pr = 0.27 | P = 7.4e-03); Altered Cytoplasmic_loop (Pr = 0.27 | P = 9.0e-04); Gain of Relative_solvent_accessibility (Pr = 0.24 | P = 0.04); Gain of Pyrrolidone_carboxylic_acid at Q336 (Pr = 0.05 | P = 0.03),Altered Motifs (PS00005:Protein kinase C phosphorylation site),Pathogenic
Phenylalanine_Hydroxylase(PAH)_HUMAN,S339F,0.36,Loss of Relative_solvent_accessibility (Pr = 0.33 | P = 4.2e-03); Altered PPI_residue (Pr = 0.31 | P = 0.01); Altered Cytoplasmic_loop (Pr = 0.28 | P = 4.5e-04); Altered PPI_hotspot (Pr = 0.26 | P = 0.01); Gain of Pyrrolidone_carboxylic_acid at Q336 (Pr = 0.06 | P = 0.02),Altered Motifs (PS00005:Protein kinase C phosphorylation site),Benign
Phenylalanine_Hydroxylase(PAH)_HUMAN,A104V,0.214,Altered Cytoplasmic_loop (Pr = 0.17 | P = 0.01),Altered Motifs (ELME000064:CK2 phosphorylation site; ELME000220:Phosphothreonine motif binding a subset of FHA domains that have a preference for an acidic amino acid at the pT+3 position.; ELME000233:MAPK interacting molecules (e.g. MAPKKs - substrates - phosphatases) carry docking motif that help to regulate specific interaction in the MAPK cascade. The classic motif approximates (R/K)xxxx#x# where # is a hydrophobic residue.),Benign
Phenylalanine_Hydroxylase(PAH)_HUMAN,P362S,0.622,,Altered Motifs (ELME000063:CK1 phosphorylation site; ELME000145:PxLxP motif is recognized by a subset of MYND domain containing proteins.; ELME000149:Sorting and internalisation signal found in the cytoplasmic juxta-membrane region of type I transmembrane proteins. Targets them from the Trans Golgi Network to the lysosomal-endosomal-melanosomal compartments. Interacts with adaptor protein (AP) complexes; ELME000233:MAPK interacting molecules (e.g. MAPKKs - substrates - phosphatases) carry docking motif that help to regulate specific interaction in the MAPK cascade. The classic motif approximates (R/K)xxxx#x# where # is a hydrophobic residue.),Pathogenic
Phenylalanine_Hydroxylase(PAH)_HUMAN,I318V,0.119,Loss of Sulfation at Y317 (Pr = 0.01 | P = 0.04),Altered Motifs (ELME000133:TRAF6 binding site. Members of the tumor necrosis factor receptor (TNFR) superfamily initiate intracellular signaling by recruiting the C-domain of the TNFR-associated factors (TRAFs) through their cytoplasmatic tails.; ELME000182:STAT5 Src Homology 2 (SH2) domain binding motif.),Benign
Phenylalanine_Hydroxylase(PAH)_HUMAN,D415V,0.768,Altered PPI_residue (Pr = 0.30 | P = 0.02); Gain of Loop (Pr = 0.27 | P = 0.04); Altered PPI_hotspot (Pr = 0.26 | P = 0.01); Altered Cytoplasmic_loop (Pr = 0.15 | P = 0.01); Loss of Sulfation at Y417 (Pr = 0.02 | P = 0.03),Altered Motifs (ELME000182:STAT5 Src Homology 2 (SH2) domain binding motif.; ELME000202:(ST)Q motif which is phosphorylated by PIKK family members.),Pathogenic
Phenylalanine_Hydroxylase(PAH)_HUMAN,E66K,0.831,Gain of Strand (Pr = 0.26 | P = 0.05); Loss of N-linked_glycosylation at N61 (Pr = 0.01 | P = 0.04),Altered Motifs (ELME000053:GSK3 phosphorylation recognition site; ELME000064:CK2 phosphorylation site; ELME000220:Phosphothreonine motif binding a subset of FHA domains that have a preference for an acidic amino acid at the pT+3 position.; PS00006:Casein kinase II phosphorylation site),Pathogenic
Phenylalanine_Hydroxylase(PAH)_HUMAN,L333P,0.908,Altered PPI_residue (Pr = 0.31 | P = 0.02); Altered Cytoplasmic_loop (Pr = 0.26 | P = 1.3e-03); Gain of Relative_solvent_accessibility (Pr = 0.25 | P = 0.03); Altered PPI_hotspot (Pr = 0.25 | P = 0.03); Gain of Allosteric_site at F331 (Pr = 0.23 | P = 0.02); Gain of Manganese_binding at E330 (Pr = 0.13 | P = 0.05); Gain of Catalytic_site at E330 (Pr = 0.08 | P = 0.05); Loss of Pyrrolidone_carboxylic_acid at Q336 (Pr = 0.05 | P = 0.04),Altered Motifs (None),Pathogenic
Phenylalanine_Hydroxylase(PAH)_HUMAN,G307D,0.836,Gain of Helix (Pr = 0.28 | P = 0.03),Altered Motifs (None),Pathogenic
Phenylalanine_Hydroxylase(PAH)_HUMAN,N223Y,0.7,Altered PPI_residue (Pr = 0.31 | P = 0.02); Loss of Nickel_binding at D222 (Pr = 0.18 | P = 0.04); Gain of Sulfation at N223 (Pr = 0.09 | P = 2.8e-03),Altered Motifs (ELME000163:YXXQ motif found in the cytoplasmic region of cytokine receptors that bind STAT3 SH2 domain.; ELME000182:STAT5 Src Homology 2 (SH2) domain binding motif.),Pathogenic
Phenylalanine_Hydroxylase(PAH)_HUMAN,T200N,0.709,Gain of Relative_solvent_accessibility (Pr = 0.28 | P = 0.01); Gain of Zinc_binding at C203 (Pr = 0.28 | P = 0.02); Gain of Nickel_binding at H201 (Pr = 0.23 | P = 0.02); Altered Cytoplasmic_loop (Pr = 0.10 | P = 0.04),Altered Motifs (ELME000084:GRB2-like Src Homology 2 (SH2) domains binding motif.; ELME000336:NEK2 phosphorylation motif with preferred Phe - Leu or Met in the -3 position to compensate for less favorable residues in the +1 and +2 position.),Pathogenic
Phenylalanine_Hydroxylase(PAH)_HUMAN,P279C,0.819,Gain of Helix (Pr = 0.27 | P = 0.05); Altered PPI_hotspot (Pr = 0.24 | P = 0.05); Gain of Sulfation at Y277 (Pr = 0.01 | P = 0.04),Altered Motifs (ELME000136:The Class IV WW domain interaction motif is recognised primarily by the Pin1 phosphorylation-dependent prolyl isomerase.; ELME000159:Proline-Directed Kinase (e.g. MAPK) phosphorylation site in higher eukaryotes.; ELME000182:STAT5 Src Homology 2 (SH2) domain binding motif.; ELME000358:Phospho-dependent motif that mediates docking of CDK substrates and regulators to cyclin-CDK-bound Cks1.),Pathogenic
Phenylalanine_Hydroxylase(PAH)_HUMAN,V379A,0.299,Altered PPI_residue (Pr = 0.28 | P = 0.04); Altered Cytoplasmic_loop (Pr = 0.27 | P = 9.0e-04); Gain of Relative_solvent_accessibility (Pr = 0.24 | P = 0.04); Loss of Allosteric_site at Y377 (Pr = 0.23 | P = 0.03); Gain of Potassium_binding at Q383 (Pr = 0.10 | P = 0.05); Loss of N-linked_glycosylation at N376 (Pr = 0.08 | P = 0.02); Gain of Copper_binding at Y377 (Pr = 0.06 | P = 0.03); Gain of Sulfation at Y377 (Pr = 0.01 | P = 0.05),Altered Motifs (ELME000064:CK2 phosphorylation site; ELME000070:Generic motif for N-glycosylation. It was shown that Trp - Asp - and Glu are uncommon before the Ser/Thr position (PMID-8626433). Efficient glycosylation usually occurs when ~60 residues or more separate the glycosylation acceptor site from the C-terminus.; ELME000182:STAT5 Src Homology 2 (SH2) domain binding motif.; ELME000220:Phosphothreonine motif binding a subset of FHA domains that have a preference for an acidic amino acid at the pT+3 position.; PS00001:N-glycosylation site; PS00006:Casein kinase II phosphorylation site),Benign
Phenylalanine_Hydroxylase(PAH)_HUMAN,I269V,0.295,,Altered Motifs (ELME000052:Phosphothreonine motif binding a subset of FHA domains that show a preference for a large aliphatic amino acid at the pT+3 position.; ELME000182:STAT5 Src Homology 2 (SH2) domain binding motif.; ELME000202:(ST)Q motif which is phosphorylated by PIKK family members.),Benign
Phenylalanine_Hydroxylase(PAH)_HUMAN,H107P,0.746,Loss of Loop (Pr = 0.28 | P = 0.01); Altered Cytoplasmic_loop (Pr = 0.24 | P = 1.9e-03); Gain of ADP-ribosylation at R111 (Pr = 0.21 | P = 0.03),Altered Motifs (ELME000064:CK2 phosphorylation site; ELME000220:Phosphothreonine motif binding a subset of FHA domains that have a preference for an acidic amino acid at the pT+3 position.; PS00006:Casein kinase II phosphorylation site),Pathogenic
Phenylalanine_Hydroxylase(PAH)_HUMAN,R420T,0.702,Altered Coiled_coil (Pr = 0.16 | P = 0.03); Altered Cytoplasmic_loop (Pr = 0.11 | P = 0.03); Loss of Sulfation at Y417 (Pr = 0.02 | P = 0.03),Altered Motifs (ELME000052:Phosphothreonine motif binding a subset of FHA domains that show a preference for a large aliphatic amino acid at the pT+3 position.; ELME000182:STAT5 Src Homology 2 (SH2) domain binding motif.; ELME000202:(ST)Q motif which is phosphorylated by PIKK family members.; ELME000335:Inverted version of LIG_SUMO_SBM_1 that mediates binding to SUMO proteins non-covalently.; PS00005:Protein kinase C phosphorylation site),Pathogenic
Phenylalanine_Hydroxylase(PAH)_HUMAN,N61S,0.335,Gain of Strand (Pr = 0.27 | P = 0.03); Altered Stability (Pr = 0.11 | P = 0.04); Loss of N-linked_glycosylation at N61 (Pr = 0.01 | P = 0.04),Altered Motifs (ELME000053:GSK3 phosphorylation recognition site; ELME000064:CK2 phosphorylation site; ELME000070:Generic motif for N-glycosylation. It was shown that Trp - Asp - and Glu are uncommon before the Ser/Thr position (PMID-8626433). Efficient glycosylation usually occurs when ~60 residues or more separate the glycosylation acceptor site from the C-terminus.; ELME000147:Site phosphorylated by the Polo-like kinase.; ELME000220:Phosphothreonine motif binding a subset of FHA domains that have a preference for an acidic amino acid at the pT+3 position.; PS00001:N-glycosylation site),Benign
Phenylalanine_Hydroxylase(PAH)_HUMAN,G188S,0.345,Altered PPI_residue (Pr = 0.28 | P = 0.04); Loss of Relative_solvent_accessibility (Pr = 0.28 | P = 0.02); Loss of Allosteric_site at W187 (Pr = 0.24 | P = 0.02); Loss of Acetylation at K192 (Pr = 0.21 | P = 0.04); Altered Cytoplasmic_loop (Pr = 0.12 | P = 0.03); Altered Coiled_coil (Pr = 0.10 | P = 0.04),Altered Motifs (ELME000053:GSK3 phosphorylation recognition site; ELME000080:Wxxx[FY] motifs present in N-terminal half of Pex5 bind to Pex13 and Pex14 at peroxisomal and glycosomal membranes to facilitate entrance of PTS1 cargo proteins into the organellar lumen.; ELME000197:Phosphopeptide motif which directly interacts with the BRCT (carboxy-terminal) domain  of the Breast Cancer Gene BRCA1 with low affinity),Benign
Phenylalanine_Hydroxylase(PAH)_HUMAN,A313E,0.891,Gain of Sulfation at Y317 (Pr = 0.02 | P = 0.03),Altered Motifs (ELME000064:CK2 phosphorylation site; ELME000133:TRAF6 binding site. Members of the tumor necrosis factor receptor (TNFR) superfamily initiate intracellular signaling by recruiting the C-domain of the TNFR-associated factors (TRAFs) through their cytoplasmatic tails.; PS00006:Casein kinase II phosphorylation site),Pathogenic
Phenylalanine_Hydroxylase(PAH)_HUMAN,D143V,0.728,Loss of Sodium_binding at D143 (Pr = 0.36 | P = 1.1e-03); Altered PPI_residue (Pr = 0.30 | P = 0.02); Loss of Relative_solvent_accessibility (Pr = 0.27 | P = 0.02); Loss of Nickel_binding at H146 (Pr = 0.27 | P = 6.9e-03); Loss of Loop (Pr = 0.27 | P = 0.04); Loss of Catalytic_site at H146 (Pr = 0.26 | P = 4.6e-03); Loss of Allosteric_site at H146 (Pr = 0.25 | P = 0.02); Loss of Zinc_binding at D145 (Pr = 0.25 | P = 0.03); Loss of Manganese_binding at H146 (Pr = 0.22 | P = 0.02); Loss of Copper_binding at H146 (Pr = 0.04 | P = 0.05),Altered Motifs (None),Pathogenic
Phenylalanine_Hydroxylase(PAH)_HUMAN,T186I,0.779,Gain of Relative_solvent_accessibility (Pr = 0.28 | P = 0.01); Loss of Allosteric_site at W187 (Pr = 0.24 | P = 0.02); Gain of Acetylation at K184 (Pr = 0.22 | P = 0.03); Altered Cytoplasmic_loop (Pr = 0.12 | P = 0.03),Altered Motifs (ELME000053:GSK3 phosphorylation recognition site),Pathogenic
Phenylalanine_Hydroxylase(PAH)_HUMAN,D145E,0.674,Loss of Sodium_binding at D145 (Pr = 0.34 | P = 1.5e-03); Loss of Manganese_binding at H146 (Pr = 0.33 | P = 2.7e-03); Loss of Catalytic_site at H146 (Pr = 0.31 | P = 1.4e-03); Altered PPI_residue (Pr = 0.27 | P = 0.05); Loss of Relative_solvent_accessibility (Pr = 0.27 | P = 0.02); Loss of Allosteric_site at H146 (Pr = 0.27 | P = 9.9e-03); Loss of Zinc_binding at D145 (Pr = 0.26 | P = 0.02); Gain of Acetylation at K150 (Pr = 0.26 | P = 7.8e-03); Loss of Nickel_binding at D145 (Pr = 0.23 | P = 0.02); Loss of Copper_binding at H146 (Pr = 0.04 | P = 0.05),Altered Motifs (None),Pathogenic
Phenylalanine_Hydroxylase(PAH)_HUMAN,K42R,0.374,,Altered Motifs (ELME000002:Motif recognised for modification by SUMO-1; ELME000064:CK2 phosphorylation site; ELME000336:NEK2 phosphorylation motif with preferred Phe - Leu or Met in the -3 position to compensate for less favorable residues in the +1 and +2 position.; PS00005:Protein kinase C phosphorylation site; PS00006:Casein kinase II phosphorylation site),Benign
Phenylalanine_Hydroxylase(PAH)_HUMAN,D222E,0.323,Loss of Nickel_binding at D222 (Pr = 0.19 | P = 0.03),Altered Motifs (None),Benign
Phenylalanine_Hydroxylase(PAH)_HUMAN,H170P,0.901,Altered PPI_residue (Pr = 0.31 | P = 0.01); Gain of Loop (Pr = 0.27 | P = 0.03); Gain of Relative_solvent_accessibility (Pr = 0.27 | P = 0.02); Gain of Allosteric_site at Y168 (Pr = 0.26 | P = 7.9e-03); Loss of Zinc_binding at H170 (Pr = 0.24 | P = 0.04); Altered DNA_binding (Pr = 0.21 | P = 0.02); Loss of Nickel_binding at H170 (Pr = 0.19 | P = 0.03); Loss of Sodium_binding at Y168 (Pr = 0.19 | P = 0.05); Loss of Potassium_binding at Y168 (Pr = 0.18 | P = 0.01); Loss of Manganese_binding at H170 (Pr = 0.15 | P = 0.04); Loss of Copper_binding at H170 (Pr = 0.07 | P = 0.02),Altered Motifs (ELME000155:This is the motif recognized by those SH3 domains with a non-canonical class I recognition specificity),Pathogenic
Phenylalanine_Hydroxylase(PAH)_HUMAN,D296N,0.72,Gain of Pyrrolidone_carboxylic_acid at Q301 (Pr = 0.08 | P = 0.02); Gain of N-linked_glycosylation at D296 (Pr = 0.01 | P = 0.04),Altered Motifs (ELME000063:CK1 phosphorylation site; ELME000070:Generic motif for N-glycosylation. It was shown that Trp - Asp - and Glu are uncommon before the Ser/Thr position (PMID-8626433). Efficient glycosylation usually occurs when ~60 residues or more separate the glycosylation acceptor site from the C-terminus.; ELME000122:These phosphorylation-independent motifs bind to Dab-like PTB domains. Binding is not driven by contacts at the 0 or FY position - but instead is dependent upon the large number of hydrophobic and hydrogen bond contacts between motif and domain.; ELME000147:Site phosphorylated by the Polo-like kinase.; ELME000193:Some proteins re-exported from the nucleus contain a Leucine-rich nuclear export signal (NES) binding to the CRM1 exportin protein.; PS00001:N-glycosylation site; PS00005:Protein kinase C phosphorylation site),Pathogenic
Phenylalanine_Hydroxylase(PAH)_HUMAN,E205G,0.885,Loss of Zinc_binding at E205 (Pr = 0.27 | P = 0.02); Loss of Nickel_binding at H201 (Pr = 0.22 | P = 0.02),Altered Motifs (None),Pathogenic
Phenylalanine_Hydroxylase(PAH)_HUMAN,A156G,0.343,Altered MoRF (Pr = 0.29 | P = 0.02); Gain of Relative_solvent_accessibility (Pr = 0.28 | P = 0.02); Altered DNA_binding (Pr = 0.26 | P = 5.8e-03); Gain of Allosteric_site at Y154 (Pr = 0.25 | P = 0.01); Gain of Sodium_binding at D151 (Pr = 0.21 | P = 0.03); Gain of Methylation at K159 (Pr = 0.11 | P = 0.03); Loss of Potassium_binding at D151 (Pr = 0.10 | P = 0.05),Altered Motifs (ELME000012:The di-Arg ER retention motif is defined by two consecutive arginine residues (RR) or with a single residue insertion (RXR). The motif is completed by an adjacent hydrophobic/arginine residue which may be on either side of the Arg pair.; ELME000093:Peptide C-terminal amidation; ELME000101:Furin (PACE) cleavage site (Arg-Xaa-[Arg/Lys]-Arg-|-Xaa); PS00009:Amidation site),Benign
Phenylalanine_Hydroxylase(PAH)_HUMAN,R241S,0.692,Gain of Strand (Pr = 0.27 | P = 0.02); Loss of ADP-ribosylation at R241 (Pr = 0.21 | P = 0.03),Altered Motifs (ELME000012:The di-Arg ER retention motif is defined by two consecutive arginine residues (RR) or with a single residue insertion (RXR). The motif is completed by an adjacent hydrophobic/arginine residue which may be on either side of the Arg pair.; ELME000249:TRF1 and TRF2 both bind to another shelterin protein- TIN2. The TRF1-TIN2 interaction was mediated by a short motif in the N-Ter of TIN2. TIN2 connects TRF1 to TRF2 - this link contributes to the stabilization of TRF2 on telomeres.; ELME000313:The WH2 motif is of variable length (16-19 amino acids) binding to the hydrophobic cleft formed by actin's subdomains 1 and 3. At the N-terminus it forms an alpha-helix followed by a flexible loop stabilised upon actin binding.; PS00005:Protein kinase C phosphorylation site),Pathogenic
Phenylalanine_Hydroxylase(PAH)_HUMAN,D338A,0.471,Altered PPI_residue (Pr = 0.30 | P = 0.02); Loss of Relative_solvent_accessibility (Pr = 0.30 | P = 8.2e-03); Loss of Strand (Pr = 0.28 | P = 8.5e-03); Altered Cytoplasmic_loop (Pr = 0.27 | P = 5.4e-04); Altered PPI_hotspot (Pr = 0.27 | P = 8.3e-03); Gain of Pyrrolidone_carboxylic_acid at Q336 (Pr = 0.06 | P = 0.03),Altered Motifs (None),Benign
Phenylalanine_Hydroxylase(PAH)_HUMAN,R71P,0.686,Loss of Strand (Pr = 0.26 | P = 0.04); Gain of B-factor (Pr = 0.25 | P = 0.04); Gain of SUMOylation at K74 (Pr = 0.20 | P = 0.03),Altered Motifs (ELME000062:Secondary preference for PKA-type AGC kinase phosphorylation.; ELME000063:CK1 phosphorylation site; ELME000136:The Class IV WW domain interaction motif is recognised primarily by the Pin1 phosphorylation-dependent prolyl isomerase.; ELME000153:Substrate motif for phosphorylation by CDK; ELME000159:Proline-Directed Kinase (e.g. MAPK) phosphorylation site in higher eukaryotes.),Pathogenic
Phenylalanine_Hydroxylase(PAH)_HUMAN,P211Q,0.678,Gain of Helix (Pr = 0.28 | P = 0.03),Altered Motifs (None),Pathogenic
Phenylalanine_Hydroxylase(PAH)_HUMAN,R53S,0.637,Gain of Potassium_binding at N58 (Pr = 0.12 | P = 0.03),Altered Motifs (ELME000064:CK2 phosphorylation site; ELME000106:Substrate recognition site that interacts with cyclin and thereby increases phosphorylation by cyclin/cdk complexes. Predicted proteins should have a CDK phosphorylation site. Also used by cyclin/cdk inhibitors.; ELME000173:Consensus derived from reported natural interactors which do not  match the Mode 1 and Mode 2 ligands.; PS00006:Casein kinase II phosphorylation site),Pathogenic
Phenylalanine_Hydroxylase(PAH)_HUMAN,Y386H,0.807,Gain of Nickel_binding at Y386 (Pr = 0.44 | P = 1.7e-03); Altered PPI_residue (Pr = 0.40 | P = 1.1e-03); Altered PPI_hotspot (Pr = 0.31 | P = 3.7e-03); Gain of Relative_solvent_accessibility (Pr = 0.24 | P = 0.04); Altered Cytoplasmic_loop (Pr = 0.24 | P = 1.6e-03); Gain of Allosteric_site at Y387 (Pr = 0.20 | P = 0.04); Altered Stability (Pr = 0.17 | P = 0.02); Gain of Copper_binding at E390 (Pr = 0.15 | P = 4.0e-03); Loss of Sulfation at Y387 (Pr = 0.03 | P = 0.02),Altered Motifs (None),Pathogenic
Phenylalanine_Hydroxylase(PAH)_HUMAN,A309S,0.571,,Altered Motifs (None),Pathogenic
Phenylalanine_Hydroxylase(PAH)_HUMAN,A156V,0.396,Altered MoRF (Pr = 0.31 | P = 0.02); Altered PPI_residue (Pr = 0.28 | P = 0.03); Altered DNA_binding (Pr = 0.27 | P = 3.8e-03); Gain of Relative_solvent_accessibility (Pr = 0.25 | P = 0.03); Gain of Allosteric_site at Y154 (Pr = 0.25 | P = 0.01); Gain of Sodium_binding at D151 (Pr = 0.18 | P = 0.05); Loss of Methylation at K159 (Pr = 0.11 | P = 0.03); Gain of Potassium_binding at D151 (Pr = 0.10 | P = 0.05),Altered Motifs (ELME000012:The di-Arg ER retention motif is defined by two consecutive arginine residues (RR) or with a single residue insertion (RXR). The motif is completed by an adjacent hydrophobic/arginine residue which may be on either side of the Arg pair.; ELME000101:Furin (PACE) cleavage site (Arg-Xaa-[Arg/Lys]-Arg-|-Xaa)),Benign
Phenylalanine_Hydroxylase(PAH)_HUMAN,H201Q,0.745,Loss of Nickel_binding at H201 (Pr = 0.29 | P = 4.9e-03); Loss of Zinc_binding at H201 (Pr = 0.28 | P = 0.02); Gain of Relative_solvent_accessibility (Pr = 0.27 | P = 0.02),Altered Motifs (ELME000163:YXXQ motif found in the cytoplasmic region of cytokine receptors that bind STAT3 SH2 domain.; ELME000202:(ST)Q motif which is phosphorylated by PIKK family members.; ELME000336:NEK2 phosphorylation motif with preferred Phe - Leu or Met in the -3 position to compensate for less favorable residues in the +1 and +2 position.),Pathogenic
Phenylalanine_Hydroxylase(PAH)_HUMAN,P281R,0.84,Gain of Helix (Pr = 0.28 | P = 0.02); Gain of Sulfation at Y277 (Pr = 0.02 | P = 0.04),Altered Motifs (ELME000153:Substrate motif for phosphorylation by CDK; ELME000159:Proline-Directed Kinase (e.g. MAPK) phosphorylation site in higher eukaryotes.; ELME000358:Phospho-dependent motif that mediates docking of CDK substrates and regulators to cyclin-CDK-bound Cks1.; PS00367:Biopterin-dependent aromatic amino acid hydroxylases signature),Pathogenic
Phenylalanine_Hydroxylase(PAH)_HUMAN,G312V,0.744,Loss of Sulfation at Y317 (Pr = 0.01 | P = 0.04),Altered Motifs (ELME000133:TRAF6 binding site. Members of the tumor necrosis factor receptor (TNFR) superfamily initiate intracellular signaling by recruiting the C-domain of the TNFR-associated factors (TRAFs) through their cytoplasmatic tails.),Pathogenic
Phenylalanine_Hydroxylase(PAH)_HUMAN,G103D,0.42,Gain of Helix (Pr = 0.27 | P = 0.04); Altered Cytoplasmic_loop (Pr = 0.15 | P = 0.01),Altered Motifs (ELME000064:CK2 phosphorylation site; ELME000147:Site phosphorylated by the Polo-like kinase.; ELME000220:Phosphothreonine motif binding a subset of FHA domains that have a preference for an acidic amino acid at the pT+3 position.),Benign
Phenylalanine_Hydroxylase(PAH)_HUMAN,E205D,0.812,Loss of Zinc_binding at C203 (Pr = 0.25 | P = 0.03); Loss of Nickel_binding at H201 (Pr = 0.22 | P = 0.02),Altered Motifs (None),Pathogenic
Phenylalanine_Hydroxylase(PAH)_HUMAN,E78D,0.53,Loss of SUMOylation at K74 (Pr = 0.20 | P = 0.04); Altered Stability (Pr = 0.11 | P = 0.03); Gain of Sulfation at Y77 (Pr = 0.02 | P = 0.03),Altered Motifs (ELME000120:Tyrosine-based sorting signal responsible for the interaction with mu subunit of AP (Adaptor Protein) complex),Pathogenic
Phenylalanine_Hydroxylase(PAH)_HUMAN,G171R,0.859,Loss of Relative_solvent_accessibility (Pr = 0.30 | P = 8.6e-03); Loss of Loop (Pr = 0.26 | P = 0.05); Loss of Allosteric_site at Y168 (Pr = 0.26 | P = 0.01); Loss of Zinc_binding at H170 (Pr = 0.22 | P = 0.05); Altered DNA_binding (Pr = 0.20 | P = 0.02); Loss of Sodium_binding at Q172 (Pr = 0.19 | P = 0.04); Altered Cytoplasmic_loop (Pr = 0.18 | P = 8.1e-03); Gain of Potassium_binding at Y168 (Pr = 0.18 | P = 0.01); Loss of Nickel_binding at H170 (Pr = 0.17 | P = 0.04); Loss of Manganese_binding at H170 (Pr = 0.13 | P = 0.05); Loss of Copper_binding at H170 (Pr = 0.06 | P = 0.02),Altered Motifs (ELME000012:The di-Arg ER retention motif is defined by two consecutive arginine residues (RR) or with a single residue insertion (RXR). The motif is completed by an adjacent hydrophobic/arginine residue which may be on either side of the Arg pair.),Pathogenic
Phenylalanine_Hydroxylase(PAH)_HUMAN,P281H,0.79,Gain of Nickel_binding at D282 (Pr = 0.22 | P = 0.02),Altered Motifs (ELME000159:Proline-Directed Kinase (e.g. MAPK) phosphorylation site in higher eukaryotes.; ELME000358:Phospho-dependent motif that mediates docking of CDK substrates and regulators to cyclin-CDK-bound Cks1.; PS00367:Biopterin-dependent aromatic amino acid hydroxylases signature),Pathogenic
Phenylalanine_Hydroxylase(PAH)_HUMAN,A309T,0.726,,Altered Motifs (None),Pathogenic
Phenylalanine_Hydroxylase(PAH)_HUMAN,K361Q,0.216,Altered PPI_hotspot (Pr = 0.27 | P = 8.4e-03),Altered Motifs (ELME000149:Sorting and internalisation signal found in the cytoplasmic juxta-membrane region of type I transmembrane proteins. Targets them from the Trans Golgi Network to the lysosomal-endosomal-melanosomal compartments. Interacts with adaptor protein (AP) complexes; ELME000233:MAPK interacting molecules (e.g. MAPKKs - substrates - phosphatases) carry docking motif that help to regulate specific interaction in the MAPK cascade. The classic motif approximates (R/K)xxxx#x# where # is a hydrophobic residue.; PS00005:Protein kinase C phosphorylation site),Benign
Phenylalanine_Hydroxylase(PAH)_HUMAN,L369V,0.144,Loss of Helix (Pr = 0.27 | P = 0.05); Gain of Relative_solvent_accessibility (Pr = 0.24 | P = 0.04); Altered Cytoplasmic_loop (Pr = 0.14 | P = 0.02),Altered Motifs (ELME000147:Site phosphorylated by the Polo-like kinase.; ELME000233:MAPK interacting molecules (e.g. MAPKKs - substrates - phosphatases) carry docking motif that help to regulate specific interaction in the MAPK cascade. The classic motif approximates (R/K)xxxx#x# where # is a hydrophobic residue.; ELME000336:NEK2 phosphorylation motif with preferred Phe - Leu or Met in the -3 position to compensate for less favorable residues in the +1 and +2 position.),Benign
Phenylalanine_Hydroxylase(PAH)_HUMAN,S359L,0.488,Altered PPI_hotspot (Pr = 0.26 | P = 0.02),Altered Motifs (ELME000020:ITIM (immunoreceptor tyrosine-based inhibitory motif). Phosphorylation of the ITIM motif - found in the cytoplasmic tail of some inhibitory receptors (KIRs) that bind MHC Class I - leads to the recruitment and activation of a protein tyrosine phosphatase.; ELME000120:Tyrosine-based sorting signal responsible for the interaction with mu subunit of AP (Adaptor Protein) complex; ELME000182:STAT5 Src Homology 2 (SH2) domain binding motif.; PS00005:Protein kinase C phosphorylation site),Benign
Phenylalanine_Hydroxylase(PAH)_HUMAN,W326S,0.927,Altered PPI_hotspot (Pr = 0.36 | P = 2.1e-03); Altered DNA_binding (Pr = 0.23 | P = 9.6e-03); Gain of Manganese_binding at E330 (Pr = 0.14 | P = 0.04); Gain of Catalytic_site at E330 (Pr = 0.08 | P = 0.05),Altered Motifs (ELME000193:Some proteins re-exported from the nucleus contain a Leucine-rich nuclear export signal (NES) binding to the CRM1 exportin protein.),Pathogenic
Phenylalanine_Hydroxylase(PAH)_HUMAN,L227Q,0.908,Altered PPI_residue (Pr = 0.33 | P = 7.7e-03); Gain of Intrinsic_disorder (Pr = 0.33 | P = 0.03); Gain of Relative_solvent_accessibility (Pr = 0.24 | P = 0.04); Gain of Nickel_binding at D222 (Pr = 0.20 | P = 0.03),Altered Motifs (ELME000117:Major TRAF2-binding consensus motif. Members of the tumor necrosis factor receptor (TNFR) superfamily initiate intracellular signaling by recruiting the C-domain of the TNFR-associated factors (TRAFs) through their cytoplasmic tails.; ELME000313:The WH2 motif is of variable length (16-19 amino acids) binding to the hydrophobic cleft formed by actin's subdomains 1 and 3. At the N-terminus it forms an alpha-helix followed by a flexible loop stabilised upon actin binding.),Pathogenic
Phenylalanine_Hydroxylase(PAH)_HUMAN,F233L,0.608,Gain of Relative_solvent_accessibility (Pr = 0.24 | P = 0.04),Altered Motifs (ELME000149:Sorting and internalisation signal found in the cytoplasmic juxta-membrane region of type I transmembrane proteins. Targets them from the Trans Golgi Network to the lysosomal-endosomal-melanosomal compartments. Interacts with adaptor protein (AP) complexes; ELME000202:(ST)Q motif which is phosphorylated by PIKK family members.; ELME000313:The WH2 motif is of variable length (16-19 amino acids) binding to the hydrophobic cleft formed by actin's subdomains 1 and 3. At the N-terminus it forms an alpha-helix followed by a flexible loop stabilised upon actin binding.; ELME000336:NEK2 phosphorylation motif with preferred Phe - Leu or Met in the -3 position to compensate for less favorable residues in the +1 and +2 position.),Pathogenic
Phenylalanine_Hydroxylase(PAH)_HUMAN,P244S,0.851,,Altered Motifs (ELME000065:Phosphorylase kinase phosphorylation site; ELME000249:TRF1 and TRF2 both bind to another shelterin protein- TIN2. The TRF1-TIN2 interaction was mediated by a short motif in the N-Ter of TIN2. TIN2 connects TRF1 to TRF2 - this link contributes to the stabilization of TRF2 on telomeres.; ELME000313:The WH2 motif is of variable length (16-19 amino acids) binding to the hydrophobic cleft formed by actin's subdomains 1 and 3. At the N-terminus it forms an alpha-helix followed by a flexible loop stabilised upon actin binding.),Pathogenic
Phenylalanine_Hydroxylase(PAH)_HUMAN,T372R,0.503,Gain of Allosteric_site at Y377 (Pr = 0.27 | P = 5.2e-03); Loss of Relative_solvent_accessibility (Pr = 0.25 | P = 0.04); Altered Cytoplasmic_loop (Pr = 0.24 | P = 1.5e-03); Gain of ADP-ribosylation at T372 (Pr = 0.20 | P = 0.03); Gain of Acetylation at K371 (Pr = 0.20 | P = 0.04); Gain of N-linked_glycosylation at N376 (Pr = 0.08 | P = 0.01); Loss of Copper_binding at Y377 (Pr = 0.06 | P = 0.02),Altered Motifs (ELME000100:NEC1/NEC2 cleavage site (Lys-Arg-|-Xaa); ELME000108:Yeast kexin 2 cleavage site (Lys-Arg-|-Xaa or Arg-Arg-|-Xaa); ELME000147:Site phosphorylated by the Polo-like kinase.; ELME000336:NEK2 phosphorylation motif with preferred Phe - Leu or Met in the -3 position to compensate for less favorable residues in the +1 and +2 position.),Pathogenic
Phenylalanine_Hydroxylase(PAH)_HUMAN,Y387D,0.884,Altered PPI_residue (Pr = 0.36 | P = 4.5e-03); Gain of Relative_solvent_accessibility (Pr = 0.35 | P = 1.3e-03); Altered PPI_hotspot (Pr = 0.33 | P = 3.1e-03); Loss of Strand (Pr = 0.27 | P = 0.03); Altered Cytoplasmic_loop (Pr = 0.24 | P = 2.0e-03); Gain of Allosteric_site at Y386 (Pr = 0.20 | P = 0.04); Gain of Potassium_binding at Q383 (Pr = 0.12 | P = 0.04); Loss of Copper_binding at E390 (Pr = 0.12 | P = 6.8e-03); Loss of Sulfation at Y387 (Pr = 0.03 | P = 0.02),Altered Motifs (ELME000182:STAT5 Src Homology 2 (SH2) domain binding motif.),Pathogenic
Phenylalanine_Hydroxylase(PAH)_HUMAN,Y417D,0.921,Altered PPI_residue (Pr = 0.41 | P = 9.4e-04); Altered PPI_hotspot (Pr = 0.26 | P = 0.01); Altered Cytoplasmic_loop (Pr = 0.14 | P = 0.02); Altered Coiled_coil (Pr = 0.13 | P = 0.04); Loss of Sulfation at Y417 (Pr = 0.02 | P = 0.03),Altered Motifs (ELME000052:Phosphothreonine motif binding a subset of FHA domains that show a preference for a large aliphatic amino acid at the pT+3 position.; ELME000182:STAT5 Src Homology 2 (SH2) domain binding motif.; ELME000202:(ST)Q motif which is phosphorylated by PIKK family members.),Pathogenic
Phenylalanine_Hydroxylase(PAH)_HUMAN,Y417C,0.828,Altered PPI_residue (Pr = 0.35 | P = 4.7e-03); Altered PPI_hotspot (Pr = 0.26 | P = 0.02); Altered Coiled_coil (Pr = 0.13 | P = 0.04); Altered Cytoplasmic_loop (Pr = 0.11 | P = 0.03); Loss of Sulfation at Y417 (Pr = 0.02 | P = 0.03),Altered Motifs (ELME000052:Phosphothreonine motif binding a subset of FHA domains that show a preference for a large aliphatic amino acid at the pT+3 position.; ELME000182:STAT5 Src Homology 2 (SH2) domain binding motif.; ELME000202:(ST)Q motif which is phosphorylated by PIKK family members.),Pathogenic
Phenylalanine_Hydroxylase(PAH)_HUMAN,A434V,0.511,Altered Coiled_coil (Pr = 0.30 | P = 0.01),Altered Motifs (ELME000106:Substrate recognition site that interacts with cyclin and thereby increases phosphorylation by cyclin/cdk complexes. Predicted proteins should have a CDK phosphorylation site. Also used by cyclin/cdk inhibitors.; ELME000149:Sorting and internalisation signal found in the cytoplasmic juxta-membrane region of type I transmembrane proteins. Targets them from the Trans Golgi Network to the lysosomal-endosomal-melanosomal compartments. Interacts with adaptor protein (AP) complexes; ELME000333:Motif that mediates binding to SUMO proteins non-covalently.; ELME000336:NEK2 phosphorylation motif with preferred Phe - Leu or Met in the -3 position to compensate for less favorable residues in the +1 and +2 position.),Pathogenic
Phenylalanine_Hydroxylase(PAH)_HUMAN,A202V,0.857,Gain of Zinc_binding at C203 (Pr = 0.26 | P = 0.03); Loss of Relative_solvent_accessibility (Pr = 0.24 | P = 0.04); Loss of Nickel_binding at H201 (Pr = 0.21 | P = 0.02),Altered Motifs (ELME000336:NEK2 phosphorylation motif with preferred Phe - Leu or Met in the -3 position to compensate for less favorable residues in the +1 and +2 position.),Pathogenic
Phenylalanine_Hydroxylase(PAH)_HUMAN,D415Y,0.856,Altered PPI_residue (Pr = 0.36 | P = 3.1e-03); Altered PPI_hotspot (Pr = 0.30 | P = 2.9e-03); Gain of Loop (Pr = 0.27 | P = 0.04); Altered Cytoplasmic_loop (Pr = 0.15 | P = 0.01); Loss of Sulfation at Y417 (Pr = 0.02 | P = 0.03),Altered Motifs (ELME000202:(ST)Q motif which is phosphorylated by PIKK family members.),Pathogenic
Phenylalanine_Hydroxylase(PAH)_HUMAN,E368G,0.397,Loss of Relative_solvent_accessibility (Pr = 0.25 | P = 0.03); Altered Cytoplasmic_loop (Pr = 0.13 | P = 0.02),Altered Motifs (ELME000047:Clathrin box motif found on cargo adaptor proteins - it interacts with the beta propeller structure located at the N-terminus of Clathrin heavy chain.; ELME000233:MAPK interacting molecules (e.g. MAPKKs - substrates - phosphatases) carry docking motif that help to regulate specific interaction in the MAPK cascade. The classic motif approximates (R/K)xxxx#x# where # is a hydrophobic residue.; ELME000333:Motif that mediates binding to SUMO proteins non-covalently.; PS00008:N-myristoylation site),Benign
Phenylalanine_Hydroxylase(PAH)_HUMAN,Y154C,0.921,Altered MoRF (Pr = 0.46 | P = 1.8e-03); Loss of Allosteric_site at Y154 (Pr = 0.37 | P = 1.0e-03); Altered PPI_residue (Pr = 0.32 | P = 0.01); Loss of Acetylation at K150 (Pr = 0.27 | P = 7.0e-03); Gain of Relative_solvent_accessibility (Pr = 0.27 | P = 0.02); Altered DNA_binding (Pr = 0.26 | P = 4.8e-03); Altered PPI_hotspot (Pr = 0.24 | P = 0.03); Gain of Sodium_binding at D151 (Pr = 0.20 | P = 0.04); Loss of Methylation at K159 (Pr = 0.11 | P = 0.03),Altered Motifs (ELME000012:The di-Arg ER retention motif is defined by two consecutive arginine residues (RR) or with a single residue insertion (RXR). The motif is completed by an adjacent hydrophobic/arginine residue which may be on either side of the Arg pair.),Pathogenic
Phenylalanine_Hydroxylase(PAH)_HUMAN,Q304K,0.838,Gain of Helix (Pr = 0.27 | P = 0.04); Loss of Pyrrolidone_carboxylic_acid at Q301 (Pr = 0.08 | P = 0.02),Altered Motifs (ELME000202:(ST)Q motif which is phosphorylated by PIKK family members.),Pathogenic
Phenylalanine_Hydroxylase(PAH)_HUMAN,E182K,0.513,Loss of Relative_solvent_accessibility (Pr = 0.30 | P = 0.01); Gain of Helix (Pr = 0.27 | P = 0.04); Gain of Allosteric_site at W187 (Pr = 0.24 | P = 0.01); Altered Cytoplasmic_loop (Pr = 0.12 | P = 0.03),Altered Motifs (None),Pathogenic
Phenylalanine_Hydroxylase(PAH)_HUMAN,L287M,0.367,,Altered Motifs (ELME000193:Some proteins re-exported from the nucleus contain a Leucine-rich nuclear export signal (NES) binding to the CRM1 exportin protein.; ELME000235:The PTB RRM2 Interacting (PRI) motif is found in some splicing regulators - possibly only in the chordate lineage. As part of splicing complex regulation - it interacts with the 2nd RNA binding domain (RRM) of PTB - the polypyrimidine tract binding protein.; PS00367:Biopterin-dependent aromatic amino acid hydroxylases signature),Benign
Phenylalanine_Hydroxylase(PAH)_HUMAN,P366S,0.341,Gain of Relative_solvent_accessibility (Pr = 0.34 | P = 2.0e-03); Altered Cytoplasmic_loop (Pr = 0.13 | P = 0.02),Altered Motifs (ELME000047:Clathrin box motif found on cargo adaptor proteins - it interacts with the beta propeller structure located at the N-terminus of Clathrin heavy chain.; ELME000106:Substrate recognition site that interacts with cyclin and thereby increases phosphorylation by cyclin/cdk complexes. Predicted proteins should have a CDK phosphorylation site. Also used by cyclin/cdk inhibitors.; ELME000145:PxLxP motif is recognized by a subset of MYND domain containing proteins.; ELME000173:Consensus derived from reported natural interactors which do not  match the Mode 1 and Mode 2 ligands.; ELME000233:MAPK interacting molecules (e.g. MAPKKs - substrates - phosphatases) carry docking motif that help to regulate specific interaction in the MAPK cascade. The classic motif approximates (R/K)xxxx#x# where # is a hydrophobic residue.; ELME000333:Motif that mediates binding to SUMO proteins non-covalently.),Benign
Phenylalanine_Hydroxylase(PAH)_HUMAN,F263L,0.9,,Altered Motifs (ELME000202:(ST)Q motif which is phosphorylated by PIKK family members.; ELME000336:NEK2 phosphorylation motif with preferred Phe - Leu or Met in the -3 position to compensate for less favorable residues in the +1 and +2 position.),Pathogenic
Phenylalanine_Hydroxylase(PAH)_HUMAN,I283V,0.131,Gain of Allosteric_site at H285 (Pr = 0.19 | P = 0.05),Altered Motifs (ELME000193:Some proteins re-exported from the nucleus contain a Leucine-rich nuclear export signal (NES) binding to the CRM1 exportin protein.; PS00367:Biopterin-dependent aromatic amino acid hydroxylases signature),Benign
Phenylalanine_Hydroxylase(PAH)_HUMAN,E228D,0.536,Gain of Relative_solvent_accessibility (Pr = 0.24 | P = 0.04),Altered Motifs (ELME000202:(ST)Q motif which is phosphorylated by PIKK family members.; ELME000313:The WH2 motif is of variable length (16-19 amino acids) binding to the hydrophobic cleft formed by actin's subdomains 1 and 3. At the N-terminus it forms an alpha-helix followed by a flexible loop stabilised upon actin binding.),Pathogenic
Phenylalanine_Hydroxylase(PAH)_HUMAN,L227V,0.723,Altered PPI_residue (Pr = 0.33 | P = 8.1e-03); Loss of Relative_solvent_accessibility (Pr = 0.23 | P = 0.05); Gain of Nickel_binding at D222 (Pr = 0.18 | P = 0.04),Altered Motifs (ELME000313:The WH2 motif is of variable length (16-19 amino acids) binding to the hydrophobic cleft formed by actin's subdomains 1 and 3. At the N-terminus it forms an alpha-helix followed by a flexible loop stabilised upon actin binding.),Pathogenic
Phenylalanine_Hydroxylase(PAH)_HUMAN,N167Y,0.596,Altered MoRF (Pr = 0.36 | P = 8.5e-03); Altered PPI_residue (Pr = 0.35 | P = 3.6e-03); Loss of Relative_solvent_accessibility (Pr = 0.34 | P = 3.4e-03); Loss of Allosteric_site at Y168 (Pr = 0.27 | P = 9.7e-03); Altered DNA_binding (Pr = 0.22 | P = 0.02); Loss of Sodium_binding at Y168 (Pr = 0.20 | P = 0.04); Loss of Potassium_binding at Y168 (Pr = 0.17 | P = 0.01); Loss of Nickel_binding at H170 (Pr = 0.17 | P = 0.05); Gain of Manganese_binding at H170 (Pr = 0.14 | P = 0.04); Loss of Copper_binding at H170 (Pr = 0.06 | P = 0.02),Altered Motifs (PS00007:Tyrosine kinase phosphorylation site),Pathogenic
Phenylalanine_Hydroxylase(PAH)_HUMAN,G188V,0.636,Loss of Relative_solvent_accessibility (Pr = 0.28 | P = 0.02); Gain of Helix (Pr = 0.27 | P = 0.04); Loss of Allosteric_site at W187 (Pr = 0.23 | P = 0.02); Loss of Acetylation at K192 (Pr = 0.20 | P = 0.04); Altered Cytoplasmic_loop (Pr = 0.12 | P = 0.03),Altered Motifs (ELME000053:GSK3 phosphorylation recognition site; ELME000080:Wxxx[FY] motifs present in N-terminal half of Pex5 bind to Pex13 and Pex14 at peroxisomal and glycosomal membranes to facilitate entrance of PTS1 cargo proteins into the organellar lumen.; ELME000233:MAPK interacting molecules (e.g. MAPKKs - substrates - phosphatases) carry docking motif that help to regulate specific interaction in the MAPK cascade. The classic motif approximates (R/K)xxxx#x# where # is a hydrophobic residue.),Pathogenic
Phenylalanine_Hydroxylase(PAH)_HUMAN,P366L,0.467,Loss of Relative_solvent_accessibility (Pr = 0.28 | P = 0.02); Altered Cytoplasmic_loop (Pr = 0.12 | P = 0.03),Altered Motifs (ELME000047:Clathrin box motif found on cargo adaptor proteins - it interacts with the beta propeller structure located at the N-terminus of Clathrin heavy chain.; ELME000106:Substrate recognition site that interacts with cyclin and thereby increases phosphorylation by cyclin/cdk complexes. Predicted proteins should have a CDK phosphorylation site. Also used by cyclin/cdk inhibitors.; ELME000145:PxLxP motif is recognized by a subset of MYND domain containing proteins.; ELME000146:Subtilisin/kexin isozyme-1 (SKI1) cleavage site ([RK]-X-[hydrophobic]-[LTKF]-|-X); ELME000233:MAPK interacting molecules (e.g. MAPKKs - substrates - phosphatases) carry docking motif that help to regulate specific interaction in the MAPK cascade. The classic motif approximates (R/K)xxxx#x# where # is a hydrophobic residue.; ELME000333:Motif that mediates binding to SUMO proteins non-covalently.),Benign
Phenylalanine_Hydroxylase(PAH)_HUMAN,I35M,0.333,Altered PPI_residue (Pr = 0.28 | P = 0.04); Loss of Pyrrolidone_carboxylic_acid at Q31 (Pr = 0.04 | P = 0.04); Loss of GPI-anchor_amidation at N32 (Pr = 0.01 | P = 0.02),Altered Motifs (ELME000053:GSK3 phosphorylation recognition site; ELME000197:Phosphopeptide motif which directly interacts with the BRCT (carboxy-terminal) domain  of the Breast Cancer Gene BRCA1 with low affinity),Benign
Phenylalanine_Hydroxylase(PAH)_HUMAN,P416T,0.709,Altered PPI_residue (Pr = 0.28 | P = 0.04); Gain of Strand (Pr = 0.27 | P = 0.03); Altered PPI_hotspot (Pr = 0.25 | P = 0.02); Altered Coiled_coil (Pr = 0.16 | P = 0.02); Altered Cytoplasmic_loop (Pr = 0.15 | P = 0.02); Loss of Sulfation at Y417 (Pr = 0.02 | P = 0.03),Altered Motifs (ELME000052:Phosphothreonine motif binding a subset of FHA domains that show a preference for a large aliphatic amino acid at the pT+3 position.; ELME000202:(ST)Q motif which is phosphorylated by PIKK family members.),Pathogenic
Phenylalanine_Hydroxylase(PAH)_HUMAN,R413G,0.634,Altered PPI_residue (Pr = 0.31 | P = 0.02); Gain of Loop (Pr = 0.26 | P = 0.05); Altered PPI_hotspot (Pr = 0.26 | P = 0.01); Altered Cytoplasmic_loop (Pr = 0.25 | P = 1.1e-03); Loss of Relative_solvent_accessibility (Pr = 0.25 | P = 0.03); Altered DNA_binding (Pr = 0.22 | P = 0.01); Altered Stability (Pr = 0.18 | P = 0.01); Gain of Sulfation at Y417 (Pr = 0.02 | P = 0.03),Altered Motifs (ELME000065:Phosphorylase kinase phosphorylation site; PS00005:Protein kinase C phosphorylation site),Pathogenic
Phenylalanine_Hydroxylase(PAH)_HUMAN,I324V,0.269,Altered PPI_hotspot (Pr = 0.25 | P = 0.02),Altered Motifs (ELME000146:Subtilisin/kexin isozyme-1 (SKI1) cleavage site ([RK]-X-[hydrophobic]-[LTKF]-|-X); ELME000193:Some proteins re-exported from the nucleus contain a Leucine-rich nuclear export signal (NES) binding to the CRM1 exportin protein.),Benign
Phenylalanine_Hydroxylase(PAH)_HUMAN,R400S,0.715,Altered PPI_residue (Pr = 0.30 | P = 0.02); Gain of Relative_solvent_accessibility (Pr = 0.28 | P = 0.01); Altered Cytoplasmic_loop (Pr = 0.25 | P = 1.6e-03); Gain of Allosteric_site at F402 (Pr = 0.22 | P = 0.03); Altered DNA_binding (Pr = 0.22 | P = 0.01); Gain of Methylation at K398 (Pr = 0.09 | P = 0.05),Altered Motifs (None),Pathogenic
Phenylalanine_Hydroxylase(PAH)_HUMAN,P122S,0.823,Altered PPI_residue (Pr = 0.28 | P = 0.05); Loss of Allosteric_site at W120 (Pr = 0.28 | P = 7.5e-03); Altered MoRF (Pr = 0.27 | P = 0.04); Altered DNA_binding (Pr = 0.24 | P = 0.01); Altered Cytoplasmic_loop (Pr = 0.11 | P = 0.03),Altered Motifs (ELME000064:CK2 phosphorylation site; ELME000155:This is the motif recognized by those SH3 domains with a non-canonical class I recognition specificity; ELME000220:Phosphothreonine motif binding a subset of FHA domains that have a preference for an acidic amino acid at the pT+3 position.; ELME000336:NEK2 phosphorylation motif with preferred Phe - Leu or Met in the -3 position to compensate for less favorable residues in the +1 and +2 position.),Pathogenic
Phenylalanine_Hydroxylase(PAH)_HUMAN,D75H,0.402,Gain of Nickel_binding at E76 (Pr = 0.25 | P = 0.01); Loss of Phosphorylation at Y77 (Pr = 0.25 | P = 0.04); Gain of SUMOylation at K74 (Pr = 0.20 | P = 0.03); Loss of Sulfation at Y77 (Pr = 0.02 | P = 0.04),Altered Motifs (None),Benign
Phenylalanine_Hydroxylase(PAH)_HUMAN,S70F,0.733,Loss of Intrinsic_disorder (Pr = 0.36 | P = 0.04); Gain of Strand (Pr = 0.26 | P = 0.04); Gain of SUMOylation at K74 (Pr = 0.20 | P = 0.03),Altered Motifs (ELME000062:Secondary preference for PKA-type AGC kinase phosphorylation.; ELME000063:CK1 phosphorylation site; ELME000197:Phosphopeptide motif which directly interacts with the BRCT (carboxy-terminal) domain  of the Breast Cancer Gene BRCA1 with low affinity),Pathogenic
Phenylalanine_Hydroxylase(PAH)_HUMAN,F402V,0.818,Altered PPI_residue (Pr = 0.28 | P = 0.04); Gain of Relative_solvent_accessibility (Pr = 0.24 | P = 0.05); Loss of Allosteric_site at F402 (Pr = 0.22 | P = 0.03); Altered Cytoplasmic_loop (Pr = 0.21 | P = 4.5e-03); Altered DNA_binding (Pr = 0.18 | P = 0.03); Gain of Methylation at K398 (Pr = 0.09 | P = 0.05),Altered Motifs (ELME000336:NEK2 phosphorylation motif with preferred Phe - Leu or Met in the -3 position to compensate for less favorable residues in the +1 and +2 position.),Pathogenic
Phenylalanine_Hydroxylase(PAH)_HUMAN,F402C,0.898,Altered PPI_residue (Pr = 0.29 | P = 0.03); Gain of Relative_solvent_accessibility (Pr = 0.28 | P = 0.02); Altered PPI_hotspot (Pr = 0.23 | P = 0.05); Loss of Allosteric_site at F402 (Pr = 0.22 | P = 0.03); Altered Cytoplasmic_loop (Pr = 0.20 | P = 5.4e-03); Altered DNA_binding (Pr = 0.18 | P = 0.03),Altered Motifs (ELME000336:NEK2 phosphorylation motif with preferred Phe - Leu or Met in the -3 position to compensate for less favorable residues in the +1 and +2 position.),Pathogenic
Phenylalanine_Hydroxylase(PAH)_HUMAN,V45F,0.481,,Altered Motifs (None),Benign
Phenylalanine_Hydroxylase(PAH)_HUMAN,K396R,0.281,Loss of Relative_solvent_accessibility (Pr = 0.31 | P = 6.3e-03),Altered Motifs (None),Benign
Phenylalanine_Hydroxylase(PAH)_HUMAN,H170Q,0.714,Loss of Relative_solvent_accessibility (Pr = 0.27 | P = 0.02); Loss of Allosteric_site at Y168 (Pr = 0.24 | P = 0.02); Loss of Zinc_binding at H170 (Pr = 0.24 | P = 0.04); Altered DNA_binding (Pr = 0.21 | P = 0.02); Loss of Nickel_binding at H170 (Pr = 0.19 | P = 0.03); Loss of Sodium_binding at Q172 (Pr = 0.19 | P = 0.05); Loss of Potassium_binding at Y168 (Pr = 0.18 | P = 0.01); Loss of Manganese_binding at H170 (Pr = 0.14 | P = 0.04); Altered Cytoplasmic_loop (Pr = 0.10 | P = 0.04); Loss of Copper_binding at H170 (Pr = 0.07 | P = 0.02),Altered Motifs (None),Pathogenic
Phenylalanine_Hydroxylase(PAH)_HUMAN,R413H,0.208,Altered PPI_residue (Pr = 0.32 | P = 0.01); Gain of Nickel_binding at D415 (Pr = 0.26 | P = 9.7e-03); Altered PPI_hotspot (Pr = 0.26 | P = 0.01); Loss of Relative_solvent_accessibility (Pr = 0.26 | P = 0.03); Altered Cytoplasmic_loop (Pr = 0.25 | P = 1.3e-03); Altered DNA_binding (Pr = 0.23 | P = 0.01); Altered Stability (Pr = 0.13 | P = 0.03); Gain of Sulfation at Y417 (Pr = 0.02 | P = 0.03),Altered Motifs (ELME000065:Phosphorylase kinase phosphorylation site; PS00005:Protein kinase C phosphorylation site),Benign
Phenylalanine_Hydroxylase(PAH)_HUMAN,T418I,0.767,Altered PPI_residue (Pr = 0.27 | P = 0.05); Altered PPI_hotspot (Pr = 0.25 | P = 0.02); Altered Coiled_coil (Pr = 0.15 | P = 0.03); Altered Cytoplasmic_loop (Pr = 0.11 | P = 0.03); Loss of Sulfation at Y417 (Pr = 0.02 | P = 0.03),Altered Motifs (ELME000052:Phosphothreonine motif binding a subset of FHA domains that show a preference for a large aliphatic amino acid at the pT+3 position.; ELME000182:STAT5 Src Homology 2 (SH2) domain binding motif.; ELME000202:(ST)Q motif which is phosphorylated by PIKK family members.; PS00005:Protein kinase C phosphorylation site),Pathogenic
Phenylalanine_Hydroxylase(PAH)_HUMAN,F410I,0.847,Gain of Relative_solvent_accessibility (Pr = 0.27 | P = 0.02); Altered PPI_hotspot (Pr = 0.24 | P = 0.04); Altered Cytoplasmic_loop (Pr = 0.23 | P = 2.7e-03); Altered DNA_binding (Pr = 0.21 | P = 0.02),Altered Motifs (ELME000065:Phosphorylase kinase phosphorylation site),Pathogenic
Phenylalanine_Hydroxylase(PAH)_HUMAN,Y377D,0.909,Gain of Relative_solvent_accessibility (Pr = 0.36 | P = 1.1e-03); Altered PPI_residue (Pr = 0.33 | P = 9.6e-03); Altered Cytoplasmic_loop (Pr = 0.32 | P = 1.0e-04); Gain of Nickel_binding at Y377 (Pr = 0.26 | P = 0.01); Loss of Allosteric_site at Y377 (Pr = 0.25 | P = 0.01); Gain of Sodium_binding at Y377 (Pr = 0.24 | P = 0.02); Gain of N-linked_glycosylation at N376 (Pr = 0.09 | P = 0.01); Gain of Copper_binding at Y377 (Pr = 0.08 | P = 0.02),Altered Motifs (ELME000064:CK2 phosphorylation site; ELME000070:Generic motif for N-glycosylation. It was shown that Trp - Asp - and Glu are uncommon before the Ser/Thr position (PMID-8626433). Efficient glycosylation usually occurs when ~60 residues or more separate the glycosylation acceptor site from the C-terminus.; ELME000182:STAT5 Src Homology 2 (SH2) domain binding motif.; ELME000220:Phosphothreonine motif binding a subset of FHA domains that have a preference for an acidic amino acid at the pT+3 position.; PS00001:N-glycosylation site),Pathogenic
Phenylalanine_Hydroxylase(PAH)_HUMAN,P225L,0.908,Altered PPI_residue (Pr = 0.30 | P = 0.02); Loss of Nickel_binding at D222 (Pr = 0.18 | P = 0.04),Altered Motifs (ELME000333:Motif that mediates binding to SUMO proteins non-covalently.),Pathogenic
Phenylalanine_Hydroxylase(PAH)_HUMAN,H220P,0.539,Loss of Helix (Pr = 0.28 | P = 0.03); Loss of Zinc_binding at E221 (Pr = 0.22 | P = 0.05); Loss of Nickel_binding at D222 (Pr = 0.20 | P = 0.03),Altered Motifs (None),Pathogenic
Phenylalanine_Hydroxylase(PAH)_HUMAN,R420M,0.648,Altered Coiled_coil (Pr = 0.16 | P = 0.02); Altered Cytoplasmic_loop (Pr = 0.10 | P = 0.04); Loss of Sulfation at Y417 (Pr = 0.02 | P = 0.03),Altered Motifs (ELME000052:Phosphothreonine motif binding a subset of FHA domains that show a preference for a large aliphatic amino acid at the pT+3 position.; ELME000120:Tyrosine-based sorting signal responsible for the interaction with mu subunit of AP (Adaptor Protein) complex; ELME000182:STAT5 Src Homology 2 (SH2) domain binding motif.; ELME000202:(ST)Q motif which is phosphorylated by PIKK family members.; PS00005:Protein kinase C phosphorylation site),Pathogenic
Phenylalanine_Hydroxylase(PAH)_HUMAN,F299S,0.918,Gain of Intrinsic_disorder (Pr = 0.37 | P = 0.01); Loss of Pyrrolidone_carboxylic_acid at Q301 (Pr = 0.08 | P = 0.02),Altered Motifs (ELME000053:GSK3 phosphorylation recognition site; ELME000062:Secondary preference for PKA-type AGC kinase phosphorylation.; ELME000063:CK1 phosphorylation site; ELME000085:Glycosaminoglycan attachment site; ELME000147:Site phosphorylated by the Polo-like kinase.; ELME000197:Phosphopeptide motif which directly interacts with the BRCT (carboxy-terminal) domain  of the Breast Cancer Gene BRCA1 with low affinity),Pathogenic
Phenylalanine_Hydroxylase(PAH)_HUMAN,R169S,0.737,Gain of Relative_solvent_accessibility (Pr = 0.34 | P = 2.2e-03); Altered PPI_residue (Pr = 0.33 | P = 0.01); Gain of Sodium_binding at Y168 (Pr = 0.25 | P = 0.01); Gain of Potassium_binding at Y168 (Pr = 0.25 | P = 2.7e-03); Gain of Zinc_binding at H170 (Pr = 0.25 | P = 0.04); Gain of Allosteric_site at Y168 (Pr = 0.24 | P = 0.02); Altered DNA_binding (Pr = 0.20 | P = 0.02); Gain of Nickel_binding at H170 (Pr = 0.16 | P = 0.05); Gain of Manganese_binding at H170 (Pr = 0.15 | P = 0.04); Altered Cytoplasmic_loop (Pr = 0.12 | P = 0.03); Gain of Copper_binding at H170 (Pr = 0.08 | P = 0.02); Gain of N-linked_glycosylation at N167 (Pr = 0.03 | P = 0.03),Altered Motifs (ELME000070:Generic motif for N-glycosylation. It was shown that Trp - Asp - and Glu are uncommon before the Ser/Thr position (PMID-8626433). Efficient glycosylation usually occurs when ~60 residues or more separate the glycosylation acceptor site from the C-terminus.; PS00001:N-glycosylation site),Pathogenic
Phenylalanine_Hydroxylase(PAH)_HUMAN,A373D,0.601,Altered Cytoplasmic_loop (Pr = 0.30 | P = 1.5e-04); Altered PPI_residue (Pr = 0.28 | P = 0.04); Gain of Allosteric_site at Y377 (Pr = 0.28 | P = 4.2e-03); Gain of Relative_solvent_accessibility (Pr = 0.26 | P = 0.03); Loss of N-linked_glycosylation at N376 (Pr = 0.08 | P = 0.02); Gain of Copper_binding at Y377 (Pr = 0.06 | P = 0.03),Altered Motifs (ELME000147:Site phosphorylated by the Polo-like kinase.; ELME000336:NEK2 phosphorylation motif with preferred Phe - Leu or Met in the -3 position to compensate for less favorable residues in the +1 and +2 position.),Pathogenic
Phenylalanine_Hydroxylase(PAH)_HUMAN,Q375R,0.556,Altered Cytoplasmic_loop (Pr = 0.29 | P = 3.3e-04); Altered PPI_residue (Pr = 0.28 | P = 0.04); Gain of Relative_solvent_accessibility (Pr = 0.25 | P = 0.03); Gain of Allosteric_site at Y377 (Pr = 0.23 | P = 0.02); Gain of Copper_binding at Y377 (Pr = 0.08 | P = 0.02); Loss of N-linked_glycosylation at N376 (Pr = 0.08 | P = 0.02),Altered Motifs (ELME000064:CK2 phosphorylation site; ELME000070:Generic motif for N-glycosylation. It was shown that Trp - Asp - and Glu are uncommon before the Ser/Thr position (PMID-8626433). Efficient glycosylation usually occurs when ~60 residues or more separate the glycosylation acceptor site from the C-terminus.; ELME000147:Site phosphorylated by the Polo-like kinase.),Pathogenic
Phenylalanine_Hydroxylase(PAH)_HUMAN,Y343N,0.911,Altered PPI_hotspot (Pr = 0.41 | P = 9.8e-04); Gain of Relative_solvent_accessibility (Pr = 0.30 | P = 7.8e-03); Loss of Strand (Pr = 0.27 | P = 0.02); Altered PPI_residue (Pr = 0.27 | P = 0.05); Altered Cytoplasmic_loop (Pr = 0.17 | P = 9.3e-03),Altered Motifs (None),Pathogenic
Phenylalanine_Hydroxylase(PAH)_HUMAN,T278S,0.434,Gain of Sulfation at Y277 (Pr = 0.01 | P = 0.04),Altered Motifs (ELME000136:The Class IV WW domain interaction motif is recognised primarily by the Pin1 phosphorylation-dependent prolyl isomerase.; ELME000159:Proline-Directed Kinase (e.g. MAPK) phosphorylation site in higher eukaryotes.; ELME000182:STAT5 Src Homology 2 (SH2) domain binding motif.; ELME000358:Phospho-dependent motif that mediates docking of CDK substrates and regulators to cyclin-CDK-bound Cks1.),Benign
Phenylalanine_Hydroxylase(PAH)_HUMAN,L348P,0.945,Loss of Helix (Pr = 0.33 | P = 1.2e-03); Altered PPI_hotspot (Pr = 0.26 | P = 0.01),Altered Motifs (ELME000064:CK2 phosphorylation site; ELME000336:NEK2 phosphorylation motif with preferred Phe - Leu or Met in the -3 position to compensate for less favorable residues in the +1 and +2 position.; PS00008:N-myristoylation site),Pathogenic
Phenylalanine_Hydroxylase(PAH)_HUMAN,R252P,0.909,Altered Stability (Pr = 0.12 | P = 0.03),Altered Motifs (ELME000136:The Class IV WW domain interaction motif is recognised primarily by the Pin1 phosphorylation-dependent prolyl isomerase.; ELME000146:Subtilisin/kexin isozyme-1 (SKI1) cleavage site ([RK]-X-[hydrophobic]-[LTKF]-|-X); ELME000159:Proline-Directed Kinase (e.g. MAPK) phosphorylation site in higher eukaryotes.; ELME000197:Phosphopeptide motif which directly interacts with the BRCT (carboxy-terminal) domain  of the Breast Cancer Gene BRCA1 with low affinity; ELME000231:An RxxL-based motif that binds to the Cdh1 and Cdc20 components of APC/C thereby targeting the protein for destruction in a cell cycle dependent manner; PS00005:Protein kinase C phosphorylation site; PS00006:Casein kinase II phosphorylation site; PS00008:N-myristoylation site),Pathogenic
Phenylalanine_Hydroxylase(PAH)_HUMAN,Q226K,0.873,Loss of Nickel_binding at D222 (Pr = 0.18 | P = 0.04),Altered Motifs (ELME000002:Motif recognised for modification by SUMO-1),Pathogenic
Phenylalanine_Hydroxylase(PAH)_HUMAN,E178K,0.595,Altered PPI_residue (Pr = 0.28 | P = 0.04); Gain of Relative_solvent_accessibility (Pr = 0.26 | P = 0.03); Altered Cytoplasmic_loop (Pr = 0.15 | P = 0.01),Altered Motifs (None),Pathogenic
Phenylalanine_Hydroxylase(PAH)_HUMAN,I94V,0.073,Altered MoRF (Pr = 0.39 | P = 4.7e-03),Altered Motifs (ELME000052:Phosphothreonine motif binding a subset of FHA domains that show a preference for a large aliphatic amino acid at the pT+3 position.),Benign
Phenylalanine_Hydroxylase(PAH)_HUMAN,L62P,0.942,Altered Stability (Pr = 0.72 | P = 4.8e-04); Gain of Intrinsic_disorder (Pr = 0.32 | P = 0.03); Gain of Potassium_binding at N58 (Pr = 0.11 | P = 0.04); Loss of N-linked_glycosylation at N61 (Pr = 0.01 | P = 0.04),Altered Motifs (ELME000053:GSK3 phosphorylation recognition site; ELME000064:CK2 phosphorylation site; ELME000070:Generic motif for N-glycosylation. It was shown that Trp - Asp - and Glu are uncommon before the Ser/Thr position (PMID-8626433). Efficient glycosylation usually occurs when ~60 residues or more separate the glycosylation acceptor site from the C-terminus.; ELME000220:Phosphothreonine motif binding a subset of FHA domains that have a preference for an acidic amino acid at the pT+3 position.; PS00001:N-glycosylation site),Pathogenic
Phenylalanine_Hydroxylase(PAH)_HUMAN,G148D,0.918,Gain of Relative_solvent_accessibility (Pr = 0.32 | P = 3.6e-03); Altered PPI_residue (Pr = 0.31 | P = 0.01); Gain of Sodium_binding at D145 (Pr = 0.30 | P = 3.1e-03); Loss of Catalytic_site at H146 (Pr = 0.27 | P = 3.2e-03); Loss of Acetylation at K150 (Pr = 0.27 | P = 7.9e-03); Gain of Allosteric_site at H146 (Pr = 0.25 | P = 0.01); Loss of Zinc_binding at D145 (Pr = 0.24 | P = 0.04); Gain of Nickel_binding at D145 (Pr = 0.23 | P = 0.02); Gain of Manganese_binding at D145 (Pr = 0.23 | P = 0.01); Gain of Potassium_binding at D151 (Pr = 0.14 | P = 0.02); Gain of Copper_binding at H146 (Pr = 0.04 | P = 0.05),Altered Motifs (None),Pathogenic
Phenylalanine_Hydroxylase(PAH)_HUMAN,F382L,0.635,Altered PPI_residue (Pr = 0.33 | P = 9.2e-03); Altered Cytoplasmic_loop (Pr = 0.29 | P = 2.1e-04); Altered PPI_hotspot (Pr = 0.25 | P = 0.03); Loss of Allosteric_site at Y377 (Pr = 0.23 | P = 0.03); Loss of Copper_binding at Y377 (Pr = 0.06 | P = 0.02); Loss of Sulfation at Y387 (Pr = 0.03 | P = 0.02),Altered Motifs (ELME000220:Phosphothreonine motif binding a subset of FHA domains that have a preference for an acidic amino acid at the pT+3 position.),Pathogenic
Phenylalanine_Hydroxylase(PAH)_HUMAN,F382L,0.635,Altered PPI_residue (Pr = 0.33 | P = 9.2e-03); Altered Cytoplasmic_loop (Pr = 0.29 | P = 2.1e-04); Altered PPI_hotspot (Pr = 0.25 | P = 0.03); Loss of Allosteric_site at Y377 (Pr = 0.23 | P = 0.03); Loss of Copper_binding at Y377 (Pr = 0.06 | P = 0.02); Loss of Sulfation at Y387 (Pr = 0.03 | P = 0.02),Altered Motifs (ELME000220:Phosphothreonine motif binding a subset of FHA domains that have a preference for an acidic amino acid at the pT+3 position.),Pathogenic
Phenylalanine_Hydroxylase(PAH)_HUMAN,G148R,0.901,Loss of Acetylation at K150 (Pr = 0.34 | P = 2.4e-03); Loss of Sodium_binding at H146 (Pr = 0.31 | P = 2.8e-03); Loss of Catalytic_site at H146 (Pr = 0.31 | P = 1.6e-03); Loss of Nickel_binding at H146 (Pr = 0.31 | P = 3.8e-03); Altered PPI_residue (Pr = 0.29 | P = 0.03); Loss of Loop (Pr = 0.27 | P = 0.03); Gain of Allosteric_site at H146 (Pr = 0.25 | P = 9.6e-03); Loss of Zinc_binding at D145 (Pr = 0.25 | P = 0.03); Loss of Relative_solvent_accessibility (Pr = 0.25 | P = 0.04); Loss of Manganese_binding at H146 (Pr = 0.18 | P = 0.03); Loss of Potassium_binding at D151 (Pr = 0.10 | P = 0.05); Loss of Copper_binding at H146 (Pr = 0.04 | P = 0.05),Altered Motifs (PS00007:Tyrosine kinase phosphorylation site),Pathogenic
Phenylalanine_Hydroxylase(PAH)_HUMAN,F121V,0.876,Altered MoRF (Pr = 0.35 | P = 9.3e-03); Altered DNA_binding (Pr = 0.27 | P = 3.9e-03); Loss of Allosteric_site at W120 (Pr = 0.27 | P = 9.3e-03); Altered Cytoplasmic_loop (Pr = 0.17 | P = 0.01),Altered Motifs (ELME000064:CK2 phosphorylation site; ELME000155:This is the motif recognized by those SH3 domains with a non-canonical class I recognition specificity),Pathogenic
Phenylalanine_Hydroxylase(PAH)_HUMAN,A447T,0.567,Loss of Helix (Pr = 0.30 | P = 8.5e-03); Altered Coiled_coil (Pr = 0.25 | P = 0.02),Altered Motifs (ELME000085:Glycosaminoglycan attachment site; ELME000336:NEK2 phosphorylation motif with preferred Phe - Leu or Met in the -3 position to compensate for less favorable residues in the +1 and +2 position.; PS00008:N-myristoylation site),Pathogenic
Phenylalanine_Hydroxylase(PAH)_HUMAN,F392I,0.74,Altered PPI_residue (Pr = 0.29 | P = 0.03); Gain of Relative_solvent_accessibility (Pr = 0.27 | P = 0.02); Altered PPI_hotspot (Pr = 0.24 | P = 0.03); Loss of Allosteric_site at F392 (Pr = 0.20 | P = 0.04); Loss of Copper_binding at E390 (Pr = 0.12 | P = 6.8e-03); Altered Cytoplasmic_loop (Pr = 0.11 | P = 0.04); Loss of Sulfation at Y387 (Pr = 0.03 | P = 0.02),Altered Motifs (ELME000321:Caspase3 and Caspase7 cleavage site; PS00006:Casein kinase II phosphorylation site),Pathogenic
Phenylalanine_Hydroxylase(PAH)_HUMAN,Q172H,0.603,Gain of Zinc_binding at Q172 (Pr = 0.89 | P = 6.3e-05); Loss of Relative_solvent_accessibility (Pr = 0.29 | P = 0.01); Altered PPI_residue (Pr = 0.28 | P = 0.04); Loss of Allosteric_site at Y168 (Pr = 0.25 | P = 0.01); Gain of Nickel_binding at Q172 (Pr = 0.22 | P = 0.02); Gain of Manganese_binding at Q172 (Pr = 0.21 | P = 0.02); Altered DNA_binding (Pr = 0.20 | P = 0.02); Loss of Sodium_binding at Q172 (Pr = 0.19 | P = 0.05); Gain of Potassium_binding at Y168 (Pr = 0.17 | P = 0.01); Altered Cytoplasmic_loop (Pr = 0.15 | P = 0.01); Gain of Copper_binding at H170 (Pr = 0.11 | P = 9.8e-03),Altered Motifs (None),Pathogenic
Phenylalanine_Hydroxylase(PAH)_HUMAN,Q172H,0.603,Gain of Zinc_binding at Q172 (Pr = 0.89 | P = 6.3e-05); Loss of Relative_solvent_accessibility (Pr = 0.29 | P = 0.01); Altered PPI_residue (Pr = 0.28 | P = 0.04); Loss of Allosteric_site at Y168 (Pr = 0.25 | P = 0.01); Gain of Nickel_binding at Q172 (Pr = 0.22 | P = 0.02); Gain of Manganese_binding at Q172 (Pr = 0.21 | P = 0.02); Altered DNA_binding (Pr = 0.20 | P = 0.02); Loss of Sodium_binding at Q172 (Pr = 0.19 | P = 0.05); Gain of Potassium_binding at Y168 (Pr = 0.17 | P = 0.01); Altered Cytoplasmic_loop (Pr = 0.15 | P = 0.01); Gain of Copper_binding at H170 (Pr = 0.11 | P = 9.8e-03),Altered Motifs (None),Pathogenic
Phenylalanine_Hydroxylase(PAH)_HUMAN,E319G,0.804,Loss of Helix (Pr = 0.27 | P = 0.04); Loss of Sulfation at Y317 (Pr = 0.01 | P = 0.04),Altered Motifs (ELME000133:TRAF6 binding site. Members of the tumor necrosis factor receptor (TNFR) superfamily initiate intracellular signaling by recruiting the C-domain of the TNFR-associated factors (TRAFs) through their cytoplasmatic tails.; ELME000182:STAT5 Src Homology 2 (SH2) domain binding motif.; ELME000193:Some proteins re-exported from the nucleus contain a Leucine-rich nuclear export signal (NES) binding to the CRM1 exportin protein.),Pathogenic
Phenylalanine_Hydroxylase(PAH)_HUMAN,Q301H,0.64,Loss of Pyrrolidone_carboxylic_acid at Q301 (Pr = 0.08 | P = 0.02),Altered Motifs (ELME000063:CK1 phosphorylation site; ELME000147:Site phosphorylated by the Polo-like kinase.; ELME000202:(ST)Q motif which is phosphorylated by PIKK family members.),Pathogenic
Phenylalanine_Hydroxylase(PAH)_HUMAN,Q301P,0.903,Loss of Helix (Pr = 0.28 | P = 0.03); Loss of Pyrrolidone_carboxylic_acid at Q301 (Pr = 0.08 | P = 0.02),Altered Motifs (ELME000063:CK1 phosphorylation site; ELME000147:Site phosphorylated by the Polo-like kinase.; ELME000202:(ST)Q motif which is phosphorylated by PIKK family members.),Pathogenic
Phenylalanine_Hydroxylase(PAH)_HUMAN,R297L,0.632,Loss of Pyrrolidone_carboxylic_acid at Q301 (Pr = 0.08 | P = 0.02),Altered Motifs (ELME000063:CK1 phosphorylation site; ELME000147:Site phosphorylated by the Polo-like kinase.; PS00005:Protein kinase C phosphorylation site),Pathogenic
Phenylalanine_Hydroxylase(PAH)_HUMAN,A165D,0.94,Altered PPI_residue (Pr = 0.28 | P = 0.04); Gain of Relative_solvent_accessibility (Pr = 0.27 | P = 0.02); Loss of Allosteric_site at Y168 (Pr = 0.26 | P = 0.01); Gain of Sodium_binding at A165 (Pr = 0.25 | P = 0.01); Gain of Phosphorylation at Y166 (Pr = 0.24 | P = 0.04); Altered DNA_binding (Pr = 0.20 | P = 0.02); Gain of Potassium_binding at Y168 (Pr = 0.19 | P = 9.6e-03); Gain of Manganese_binding at H170 (Pr = 0.17 | P = 0.03); Gain of Nickel_binding at H170 (Pr = 0.16 | P = 0.05); Loss of Copper_binding at H170 (Pr = 0.06 | P = 0.02),Altered Motifs (PS00007:Tyrosine kinase phosphorylation site),Pathogenic
Phenylalanine_Hydroxylase(PAH)_HUMAN,L98V,0.272,Altered MoRF (Pr = 0.31 | P = 0.02),Altered Motifs (None),Benign
Phenylalanine_Hydroxylase(PAH)_HUMAN,H290Y,0.852,Altered PPI_hotspot (Pr = 0.27 | P = 8.1e-03); Gain of Allosteric_site at H285 (Pr = 0.19 | P = 0.04),Altered Motifs (ELME000020:ITIM (immunoreceptor tyrosine-based inhibitory motif). Phosphorylation of the ITIM motif - found in the cytoplasmic tail of some inhibitory receptors (KIRs) that bind MHC Class I - leads to the recruitment and activation of a protein tyrosine phosphatase.; ELME000083:SH-PTP2 and phospholipase C-gamma Src Homology 2 (SH2) domains binding motif.; ELME000120:Tyrosine-based sorting signal responsible for the interaction with mu subunit of AP (Adaptor Protein) complex; ELME000182:STAT5 Src Homology 2 (SH2) domain binding motif.; ELME000193:Some proteins re-exported from the nucleus contain a Leucine-rich nuclear export signal (NES) binding to the CRM1 exportin protein.; ELME000235:The PTB RRM2 Interacting (PRI) motif is found in some splicing regulators - possibly only in the chordate lineage. As part of splicing complex regulation - it interacts with the 2nd RNA binding domain (RRM) of PTB - the polypyrimidine tract binding protein.; PS00367:Biopterin-dependent aromatic amino acid hydroxylases signature),Pathogenic
Phenylalanine_Hydroxylase(PAH)_HUMAN,P362R,0.762,Loss of Loop (Pr = 0.29 | P = 9.5e-03),Altered Motifs (ELME000100:NEC1/NEC2 cleavage site (Lys-Arg-|-Xaa); ELME000102:N-Arg dibasic convertase (nardilysin) cleavage site (Xaa-|-Arg-Lys or Arg-|-Arg-Xaa).; ELME000106:Substrate recognition site that interacts with cyclin and thereby increases phosphorylation by cyclin/cdk complexes. Predicted proteins should have a CDK phosphorylation site. Also used by cyclin/cdk inhibitors.; ELME000108:Yeast kexin 2 cleavage site (Lys-Arg-|-Xaa or Arg-Arg-|-Xaa); ELME000145:PxLxP motif is recognized by a subset of MYND domain containing proteins.; ELME000146:Subtilisin/kexin isozyme-1 (SKI1) cleavage site ([RK]-X-[hydrophobic]-[LTKF]-|-X); ELME000149:Sorting and internalisation signal found in the cytoplasmic juxta-membrane region of type I transmembrane proteins. Targets them from the Trans Golgi Network to the lysosomal-endosomal-melanosomal compartments. Interacts with adaptor protein (AP) complexes; ELME000233:MAPK interacting molecules (e.g. MAPKKs - substrates - phosphatases) carry docking motif that help to regulate specific interaction in the MAPK cascade. The classic motif approximates (R/K)xxxx#x# where # is a hydrophobic residue.),Pathogenic
Phenylalanine_Hydroxylase(PAH)_HUMAN,Q375E,0.544,Altered Cytoplasmic_loop (Pr = 0.28 | P = 6.6e-04); Altered PPI_residue (Pr = 0.27 | P = 0.05); Loss of Relative_solvent_accessibility (Pr = 0.25 | P = 0.03); Loss of Allosteric_site at Y377 (Pr = 0.22 | P = 0.03); Gain of Copper_binding at Y377 (Pr = 0.08 | P = 0.02); Loss of N-linked_glycosylation at N376 (Pr = 0.08 | P = 0.01); Gain of Sulfation at Y377 (Pr = 0.02 | P = 0.04),Altered Motifs (ELME000064:CK2 phosphorylation site; ELME000070:Generic motif for N-glycosylation. It was shown that Trp - Asp - and Glu are uncommon before the Ser/Thr position (PMID-8626433). Efficient glycosylation usually occurs when ~60 residues or more separate the glycosylation acceptor site from the C-terminus.; ELME000147:Site phosphorylated by the Polo-like kinase.; ELME000220:Phosphothreonine motif binding a subset of FHA domains that have a preference for an acidic amino acid at the pT+3 position.; PS00006:Casein kinase II phosphorylation site),Pathogenic
Phenylalanine_Hydroxylase(PAH)_HUMAN,D75N,0.265,Loss of SUMOylation at K74 (Pr = 0.19 | P = 0.04); Loss of Sulfation at Y77 (Pr = 0.02 | P = 0.04),Altered Motifs (None),Benign
Phenylalanine_Hydroxylase(PAH)_HUMAN,I421S,0.867,Altered Stability (Pr = 0.46 | P = 2.2e-03); Altered PPI_residue (Pr = 0.28 | P = 0.03); Gain of Loop (Pr = 0.27 | P = 0.03); Altered Coiled_coil (Pr = 0.19 | P = 0.02); Altered Cytoplasmic_loop (Pr = 0.10 | P = 0.04); Gain of Sulfation at Y417 (Pr = 0.02 | P = 0.03),Altered Motifs (ELME000052:Phosphothreonine motif binding a subset of FHA domains that show a preference for a large aliphatic amino acid at the pT+3 position.; ELME000202:(ST)Q motif which is phosphorylated by PIKK family members.; ELME000333:Motif that mediates binding to SUMO proteins non-covalently.),Pathogenic
Phenylalanine_Hydroxylase(PAH)_HUMAN,P292L,0.804,,Altered Motifs (ELME000193:Some proteins re-exported from the nucleus contain a Leucine-rich nuclear export signal (NES) binding to the CRM1 exportin protein.; ELME000235:The PTB RRM2 Interacting (PRI) motif is found in some splicing regulators - possibly only in the chordate lineage. As part of splicing complex regulation - it interacts with the 2nd RNA binding domain (RRM) of PTB - the polypyrimidine tract binding protein.; PS00367:Biopterin-dependent aromatic amino acid hydroxylases signature),Pathogenic
Phenylalanine_Hydroxylase(PAH)_HUMAN,D435V,0.546,Altered Coiled_coil (Pr = 0.26 | P = 0.02),Altered Motifs (ELME000106:Substrate recognition site that interacts with cyclin and thereby increases phosphorylation by cyclin/cdk complexes. Predicted proteins should have a CDK phosphorylation site. Also used by cyclin/cdk inhibitors.; ELME000333:Motif that mediates binding to SUMO proteins non-covalently.; ELME000336:NEK2 phosphorylation motif with preferred Phe - Leu or Met in the -3 position to compensate for less favorable residues in the +1 and +2 position.),Pathogenic
Phenylalanine_Hydroxylase(PAH)_HUMAN,E370G,0.477,Loss of Relative_solvent_accessibility (Pr = 0.28 | P = 0.02); Gain of Acetylation at K371 (Pr = 0.22 | P = 0.03); Altered Cytoplasmic_loop (Pr = 0.13 | P = 0.02); Altered Stability (Pr = 0.12 | P = 0.03),Altered Motifs (ELME000098:The PxDLS motif interacts with the NAD-dependent repressor CtBP proteins.; ELME000147:Site phosphorylated by the Polo-like kinase.; ELME000336:NEK2 phosphorylation motif with preferred Phe - Leu or Met in the -3 position to compensate for less favorable residues in the +1 and +2 position.),Benign
Phenylalanine_Hydroxylase(PAH)_HUMAN,E368K,0.277,Gain of Relative_solvent_accessibility (Pr = 0.29 | P = 0.01); Altered Cytoplasmic_loop (Pr = 0.12 | P = 0.03),Altered Motifs (ELME000002:Motif recognised for modification by SUMO-1; ELME000047:Clathrin box motif found on cargo adaptor proteins - it interacts with the beta propeller structure located at the N-terminus of Clathrin heavy chain.; ELME000233:MAPK interacting molecules (e.g. MAPKKs - substrates - phosphatases) carry docking motif that help to regulate specific interaction in the MAPK cascade. The classic motif approximates (R/K)xxxx#x# where # is a hydrophobic residue.; ELME000333:Motif that mediates binding to SUMO proteins non-covalently.),Benign
Phenylalanine_Hydroxylase(PAH)_HUMAN,Y154F,0.691,Loss of Allosteric_site at Y154 (Pr = 0.33 | P = 2.3e-03); Altered DNA_binding (Pr = 0.32 | P = 9.1e-04); Altered MoRF (Pr = 0.31 | P = 0.02); Loss of Relative_solvent_accessibility (Pr = 0.27 | P = 0.02); Loss of Acetylation at K150 (Pr = 0.26 | P = 9.2e-03); Gain of Sodium_binding at D151 (Pr = 0.20 | P = 0.04); Loss of Methylation at K159 (Pr = 0.11 | P = 0.04),Altered Motifs (ELME000012:The di-Arg ER retention motif is defined by two consecutive arginine residues (RR) or with a single residue insertion (RXR). The motif is completed by an adjacent hydrophobic/arginine residue which may be on either side of the Arg pair.),Pathogenic
Phenylalanine_Hydroxylase(PAH)_HUMAN,I406V,0.586,Loss of Relative_solvent_accessibility (Pr = 0.28 | P = 0.02); Altered Cytoplasmic_loop (Pr = 0.23 | P = 2.1e-03); Gain of Allosteric_site at F402 (Pr = 0.22 | P = 0.02); Altered DNA_binding (Pr = 0.19 | P = 0.02),Altered Motifs (ELME000155:This is the motif recognized by those SH3 domains with a non-canonical class I recognition specificity; ELME000336:NEK2 phosphorylation motif with preferred Phe - Leu or Met in the -3 position to compensate for less favorable residues in the +1 and +2 position.),Pathogenic
Phenylalanine_Hydroxylase(PAH)_HUMAN,T238A,0.633,Loss of Strand (Pr = 0.27 | P = 0.02),Altered Motifs (ELME000313:The WH2 motif is of variable length (16-19 amino acids) binding to the hydrophobic cleft formed by actin's subdomains 1 and 3. At the N-terminus it forms an alpha-helix followed by a flexible loop stabilised upon actin binding.; ELME000336:NEK2 phosphorylation motif with preferred Phe - Leu or Met in the -3 position to compensate for less favorable residues in the +1 and +2 position.),Pathogenic
Phenylalanine_Hydroxylase(PAH)_HUMAN,Y268C,0.889,Altered PPI_hotspot (Pr = 0.26 | P = 0.01),Altered Motifs (ELME000052:Phosphothreonine motif binding a subset of FHA domains that show a preference for a large aliphatic amino acid at the pT+3 position.; ELME000182:STAT5 Src Homology 2 (SH2) domain binding motif.; ELME000202:(ST)Q motif which is phosphorylated by PIKK family members.; ELME000336:NEK2 phosphorylation motif with preferred Phe - Leu or Met in the -3 position to compensate for less favorable residues in the +1 and +2 position.),Pathogenic
Phenylalanine_Hydroxylase(PAH)_HUMAN,L287V,0.53,,Altered Motifs (ELME000193:Some proteins re-exported from the nucleus contain a Leucine-rich nuclear export signal (NES) binding to the CRM1 exportin protein.; ELME000235:The PTB RRM2 Interacting (PRI) motif is found in some splicing regulators - possibly only in the chordate lineage. As part of splicing complex regulation - it interacts with the 2nd RNA binding domain (RRM) of PTB - the polypyrimidine tract binding protein.; PS00367:Biopterin-dependent aromatic amino acid hydroxylases signature),Pathogenic
Phenylalanine_Hydroxylase(PAH)_HUMAN,F233I,0.596,Gain of Relative_solvent_accessibility (Pr = 0.23 | P = 0.05),Altered Motifs (ELME000202:(ST)Q motif which is phosphorylated by PIKK family members.; ELME000313:The WH2 motif is of variable length (16-19 amino acids) binding to the hydrophobic cleft formed by actin's subdomains 1 and 3. At the N-terminus it forms an alpha-helix followed by a flexible loop stabilised upon actin binding.; ELME000336:NEK2 phosphorylation motif with preferred Phe - Leu or Met in the -3 position to compensate for less favorable residues in the +1 and +2 position.),Pathogenic
Phenylalanine_Hydroxylase(PAH)_HUMAN,R157T,0.914,Loss of Allosteric_site at R157 (Pr = 0.48 | P = 1.5e-04); Altered MoRF (Pr = 0.32 | P = 0.01); Gain of Relative_solvent_accessibility (Pr = 0.29 | P = 0.01); Loss of Helix (Pr = 0.28 | P = 0.03); Altered DNA_binding (Pr = 0.27 | P = 3.6e-03); Gain of Methylation at K159 (Pr = 0.11 | P = 0.03),Altered Motifs (ELME000012:The di-Arg ER retention motif is defined by two consecutive arginine residues (RR) or with a single residue insertion (RXR). The motif is completed by an adjacent hydrophobic/arginine residue which may be on either side of the Arg pair.; ELME000062:Secondary preference for PKA-type AGC kinase phosphorylation.; ELME000101:Furin (PACE) cleavage site (Arg-Xaa-[Arg/Lys]-Arg-|-Xaa); ELME000102:N-Arg dibasic convertase (nardilysin) cleavage site (Xaa-|-Arg-Lys or Arg-|-Arg-Xaa).; ELME000108:Yeast kexin 2 cleavage site (Lys-Arg-|-Xaa or Arg-Arg-|-Xaa); PS00005:Protein kinase C phosphorylation site),Pathogenic
Phenylalanine_Hydroxylase(PAH)_HUMAN,Q232E,0.255,Gain of Relative_solvent_accessibility (Pr = 0.28 | P = 0.02),Altered Motifs (ELME000202:(ST)Q motif which is phosphorylated by PIKK family members.; ELME000313:The WH2 motif is of variable length (16-19 amino acids) binding to the hydrophobic cleft formed by actin's subdomains 1 and 3. At the N-terminus it forms an alpha-helix followed by a flexible loop stabilised upon actin binding.),Benign
Phenylalanine_Hydroxylase(PAH)_HUMAN,L258P,0.952,Altered Cytoplasmic_loop (Pr = 0.12 | P = 0.03),Altered Motifs (ELME000231:An RxxL-based motif that binds to the Cdh1 and Cdc20 components of APC/C thereby targeting the protein for destruction in a cell cycle dependent manner),Pathogenic
Phenylalanine_Hydroxylase(PAH)_HUMAN,D75G,0.433,Loss of SUMOylation at K74 (Pr = 0.19 | P = 0.04); Loss of Sulfation at Y77 (Pr = 0.02 | P = 0.04),Altered Motifs (ELME000313:The WH2 motif is of variable length (16-19 amino acids) binding to the hydrophobic cleft formed by actin's subdomains 1 and 3. At the N-terminus it forms an alpha-helix followed by a flexible loop stabilised upon actin binding.),Benign
Phenylalanine_Hydroxylase(PAH)_HUMAN,D75V,0.484,Loss of Intrinsic_disorder (Pr = 0.35 | P = 0.05); Gain of SUMOylation at K74 (Pr = 0.21 | P = 0.03); Loss of Sulfation at Y77 (Pr = 0.02 | P = 0.04),Altered Motifs (ELME000313:The WH2 motif is of variable length (16-19 amino acids) binding to the hydrophobic cleft formed by actin's subdomains 1 and 3. At the N-terminus it forms an alpha-helix followed by a flexible loop stabilised upon actin binding.),Benign
Phenylalanine_Hydroxylase(PAH)_HUMAN,G46R,0.662,Gain of ADP-ribosylation at G46 (Pr = 0.23 | P = 0.01),Altered Motifs (None),Pathogenic
Phenylalanine_Hydroxylase(PAH)_HUMAN,D59V,0.461,Gain of N-linked_glycosylation at N61 (Pr = 0.01 | P = 0.04),Altered Motifs (ELME000333:Motif that mediates binding to SUMO proteins non-covalently.),Benign
Phenylalanine_Hydroxylase(PAH)_HUMAN,H271Q,0.734,,Altered Motifs (ELME000048:Mode 1 interacting phospho-motif for 14-3-3 proteins with key conservation RxxSxP.; ELME000163:YXXQ motif found in the cytoplasmic region of cytokine receptors that bind STAT3 SH2 domain.; ELME000182:STAT5 Src Homology 2 (SH2) domain binding motif.),Pathogenic
Phenylalanine_Hydroxylase(PAH)_HUMAN,G312R,0.717,Loss of Sulfation at Y317 (Pr = 0.01 | P = 0.04),Altered Motifs (ELME000133:TRAF6 binding site. Members of the tumor necrosis factor receptor (TNFR) superfamily initiate intracellular signaling by recruiting the C-domain of the TNFR-associated factors (TRAFs) through their cytoplasmatic tails.; ELME000337:NEK2 phosphorylation motif with specific set of residues in the +1 and +2 position to compensate for less favorable residues in the -3 position.; PS00005:Protein kinase C phosphorylation site),Pathogenic
Phenylalanine_Hydroxylase(PAH)_HUMAN,F263S,0.949,,Altered Motifs (ELME000062:Secondary preference for PKA-type AGC kinase phosphorylation.; ELME000063:CK1 phosphorylation site; ELME000172:Prophenoloxidase-activating proteinase (PAP) cleavage site ([Ile/Leu/Val]-Xaa-Xaa-Arg-|-[Val/Phe]-[Gly/Ser]-Xaa); ELME000202:(ST)Q motif which is phosphorylated by PIKK family members.; ELME000336:NEK2 phosphorylation motif with preferred Phe - Leu or Met in the -3 position to compensate for less favorable residues in the +1 and +2 position.),Pathogenic
Phenylalanine_Hydroxylase(PAH)_HUMAN,R157N,0.915,Loss of Allosteric_site at R157 (Pr = 0.35 | P = 1.4e-03); Altered PPI_residue (Pr = 0.32 | P = 8.6e-03); Altered MoRF (Pr = 0.31 | P = 0.02); Gain of Relative_solvent_accessibility (Pr = 0.31 | P = 6.9e-03); Altered DNA_binding (Pr = 0.30 | P = 1.4e-03); Loss of Helix (Pr = 0.27 | P = 0.04); Gain of Methylation at K159 (Pr = 0.12 | P = 0.03),Altered Motifs (ELME000012:The di-Arg ER retention motif is defined by two consecutive arginine residues (RR) or with a single residue insertion (RXR). The motif is completed by an adjacent hydrophobic/arginine residue which may be on either side of the Arg pair.; ELME000101:Furin (PACE) cleavage site (Arg-Xaa-[Arg/Lys]-Arg-|-Xaa); ELME000102:N-Arg dibasic convertase (nardilysin) cleavage site (Xaa-|-Arg-Lys or Arg-|-Arg-Xaa).; ELME000108:Yeast kexin 2 cleavage site (Lys-Arg-|-Xaa or Arg-Arg-|-Xaa)),Pathogenic
Phenylalanine_Hydroxylase(PAH)_HUMAN,R261L,0.872,,Altered Motifs (None),Pathogenic
Phenylalanine_Hydroxylase(PAH)_HUMAN,M1I,0.72,,Altered Motifs (ELME000052:Phosphothreonine motif binding a subset of FHA domains that show a preference for a large aliphatic amino acid at the pT+3 position.; ELME000285:These IBMs are found in pro-apoptotic proteins and function in the abrogation of caspase inhibition by Inhibitor of Apoptosis Proteins (IAPs) in apoptotic cells. The motif binds specifically to type II BIR domains.; ELME000355:N-terminal motif that initiates protein degradation by binding to the N-box of N-recognins. This N-degron variant comprises N-terminal a bulky hydrophobic residue as destabilizing residue.),Pathogenic
Phenylalanine_Hydroxylase(PAH)_HUMAN,P416Q,0.696,Altered PPI_residue (Pr = 0.29 | P = 0.03); Gain of Strand (Pr = 0.28 | P = 0.01); Altered PPI_hotspot (Pr = 0.25 | P = 0.02); Altered Coiled_coil (Pr = 0.22 | P = 0.02); Altered Cytoplasmic_loop (Pr = 0.15 | P = 0.02); Gain of Sulfation at Y417 (Pr = 0.02 | P = 0.02),Altered Motifs (ELME000052:Phosphothreonine motif binding a subset of FHA domains that show a preference for a large aliphatic amino acid at the pT+3 position.; ELME000202:(ST)Q motif which is phosphorylated by PIKK family members.),Pathogenic
Phenylalanine_Hydroxylase(PAH)_HUMAN,V230A,0.632,Gain of Relative_solvent_accessibility (Pr = 0.26 | P = 0.03),Altered Motifs (ELME000202:(ST)Q motif which is phosphorylated by PIKK family members.; ELME000313:The WH2 motif is of variable length (16-19 amino acids) binding to the hydrophobic cleft formed by actin's subdomains 1 and 3. At the N-terminus it forms an alpha-helix followed by a flexible loop stabilised upon actin binding.),Pathogenic
Phenylalanine_Hydroxylase(PAH)_HUMAN,S196Y,0.271,Loss of Relative_solvent_accessibility (Pr = 0.32 | P = 5.5e-03); Loss of Zinc_binding at H201 (Pr = 0.23 | P = 0.04); Gain of Acetylation at K195 (Pr = 0.23 | P = 0.02); Loss of Nickel_binding at H201 (Pr = 0.22 | P = 0.02),Altered Motifs (ELME000106:Substrate recognition site that interacts with cyclin and thereby increases phosphorylation by cyclin/cdk complexes. Predicted proteins should have a CDK phosphorylation site. Also used by cyclin/cdk inhibitors.; ELME000146:Subtilisin/kexin isozyme-1 (SKI1) cleavage site ([RK]-X-[hydrophobic]-[LTKF]-|-X); ELME000182:STAT5 Src Homology 2 (SH2) domain binding motif.),Benign
Phenylalanine_Hydroxylase(PAH)_HUMAN,L358F,0.507,Altered PPI_hotspot (Pr = 0.25 | P = 0.02),Altered Motifs (ELME000182:STAT5 Src Homology 2 (SH2) domain binding motif.),Pathogenic
Phenylalanine_Hydroxylase(PAH)_HUMAN,Q267R,0.813,,Altered Motifs (ELME000052:Phosphothreonine motif binding a subset of FHA domains that show a preference for a large aliphatic amino acid at the pT+3 position.; ELME000202:(ST)Q motif which is phosphorylated by PIKK family members.; ELME000336:NEK2 phosphorylation motif with preferred Phe - Leu or Met in the -3 position to compensate for less favorable residues in the +1 and +2 position.),Pathogenic
Phenylalanine_Hydroxylase(PAH)_HUMAN,P175S,0.799,Altered PPI_residue (Pr = 0.32 | P = 0.01); Gain of Relative_solvent_accessibility (Pr = 0.28 | P = 0.01); Gain of Strand (Pr = 0.27 | P = 0.01); Gain of Zinc_binding at H170 (Pr = 0.24 | P = 0.04); Gain of Sodium_binding at Q172 (Pr = 0.23 | P = 0.02); Altered Cytoplasmic_loop (Pr = 0.17 | P = 0.01); Loss of Nickel_binding at H170 (Pr = 0.16 | P = 0.05); Loss of Manganese_binding at H170 (Pr = 0.13 | P = 0.05); Gain of Potassium_binding at Q172 (Pr = 0.13 | P = 0.03); Gain of Copper_binding at H170 (Pr = 0.10 | P = 0.01),Altered Motifs (ELME000064:CK2 phosphorylation site; PS00006:Casein kinase II phosphorylation site; PS00008:N-myristoylation site),Pathogenic
Phenylalanine_Hydroxylase(PAH)_HUMAN,R155C,0.885,Altered MoRF (Pr = 0.41 | P = 3.8e-03); Altered PPI_residue (Pr = 0.36 | P = 3.3e-03); Altered DNA_binding (Pr = 0.34 | P = 9.9e-04); Loss of Acetylation at K150 (Pr = 0.30 | P = 3.9e-03); Loss of Relative_solvent_accessibility (Pr = 0.28 | P = 0.02); Gain of Allosteric_site at Y154 (Pr = 0.28 | P = 4.2e-03); Loss of Helix (Pr = 0.27 | P = 0.05); Gain of Sodium_binding at D151 (Pr = 0.20 | P = 0.04); Loss of Methylation at K159 (Pr = 0.11 | P = 0.03); Gain of Potassium_binding at D151 (Pr = 0.11 | P = 0.04),Altered Motifs (ELME000012:The di-Arg ER retention motif is defined by two consecutive arginine residues (RR) or with a single residue insertion (RXR). The motif is completed by an adjacent hydrophobic/arginine residue which may be on either side of the Arg pair.; ELME000101:Furin (PACE) cleavage site (Arg-Xaa-[Arg/Lys]-Arg-|-Xaa); ELME000182:STAT5 Src Homology 2 (SH2) domain binding motif.),Pathogenic
Phenylalanine_Hydroxylase(PAH)_HUMAN,D101N,0.216,Gain of Acetylation at K96 (Pr = 0.19 | P = 0.04),Altered Motifs (None),Benign
Phenylalanine_Hydroxylase(PAH)_HUMAN,G103C,0.5,Altered Cytoplasmic_loop (Pr = 0.16 | P = 0.01),Altered Motifs (ELME000064:CK2 phosphorylation site; ELME000220:Phosphothreonine motif binding a subset of FHA domains that have a preference for an acidic amino acid at the pT+3 position.),Pathogenic
Phenylalanine_Hydroxylase(PAH)_HUMAN,I406M,0.803,Altered PPI_residue (Pr = 0.34 | P = 7.4e-03); Loss of Relative_solvent_accessibility (Pr = 0.26 | P = 0.03); Altered Cytoplasmic_loop (Pr = 0.25 | P = 1.3e-03); Gain of Allosteric_site at F402 (Pr = 0.21 | P = 0.03); Altered DNA_binding (Pr = 0.19 | P = 0.03),Altered Motifs (ELME000336:NEK2 phosphorylation motif with preferred Phe - Leu or Met in the -3 position to compensate for less favorable residues in the +1 and +2 position.),Pathogenic
Phenylalanine_Hydroxylase(PAH)_HUMAN,G148V,0.905,Loss of Catalytic_site at H146 (Pr = 0.28 | P = 2.5e-03); Loss of Sodium_binding at D143 (Pr = 0.28 | P = 5.8e-03); Gain of Zinc_binding at D145 (Pr = 0.27 | P = 0.02); Loss of Relative_solvent_accessibility (Pr = 0.27 | P = 0.02); Loss of Loop (Pr = 0.27 | P = 0.04); Gain of Acetylation at K150 (Pr = 0.26 | P = 7.9e-03); Gain of Allosteric_site at H146 (Pr = 0.25 | P = 0.01); Gain of Nickel_binding at D145 (Pr = 0.21 | P = 0.02); Gain of Manganese_binding at D145 (Pr = 0.18 | P = 0.02); Gain of Potassium_binding at D151 (Pr = 0.10 | P = 0.05); Loss of Copper_binding at H146 (Pr = 0.04 | P = 0.05),Altered Motifs (None),Pathogenic
Phenylalanine_Hydroxylase(PAH)_HUMAN,Q419R,0.508,Altered PPI_hotspot (Pr = 0.25 | P = 0.02); Gain of ADP-ribosylation at Q419 (Pr = 0.20 | P = 0.03); Altered Coiled_coil (Pr = 0.13 | P = 0.04); Altered Cytoplasmic_loop (Pr = 0.10 | P = 0.04); Gain of Sulfation at Y417 (Pr = 0.02 | P = 0.03),Altered Motifs (ELME000012:The di-Arg ER retention motif is defined by two consecutive arginine residues (RR) or with a single residue insertion (RXR). The motif is completed by an adjacent hydrophobic/arginine residue which may be on either side of the Arg pair.; ELME000052:Phosphothreonine motif binding a subset of FHA domains that show a preference for a large aliphatic amino acid at the pT+3 position.; ELME000102:N-Arg dibasic convertase (nardilysin) cleavage site (Xaa-|-Arg-Lys or Arg-|-Arg-Xaa).; ELME000108:Yeast kexin 2 cleavage site (Lys-Arg-|-Xaa or Arg-Arg-|-Xaa); ELME000182:STAT5 Src Homology 2 (SH2) domain binding motif.; ELME000202:(ST)Q motif which is phosphorylated by PIKK family members.; PS00005:Protein kinase C phosphorylation site),Pathogenic
Phenylalanine_Hydroxylase(PAH)_HUMAN,C357R,0.751,Loss of Loop (Pr = 0.27 | P = 0.03); Altered PPI_hotspot (Pr = 0.26 | P = 0.01),Altered Motifs (ELME000062:Secondary preference for PKA-type AGC kinase phosphorylation.; ELME000182:STAT5 Src Homology 2 (SH2) domain binding motif.),Pathogenic
Phenylalanine_Hydroxylase(PAH)_HUMAN,G103S,0.255,Gain of Strand (Pr = 0.26 | P = 0.05); Altered Cytoplasmic_loop (Pr = 0.15 | P = 0.01),Altered Motifs (ELME000064:CK2 phosphorylation site; ELME000085:Glycosaminoglycan attachment site; ELME000147:Site phosphorylated by the Polo-like kinase.; ELME000220:Phosphothreonine motif binding a subset of FHA domains that have a preference for an acidic amino acid at the pT+3 position.),Benign
Phenylalanine_Hydroxylase(PAH)_HUMAN,Q429K,0.484,Altered Coiled_coil (Pr = 0.19 | P = 0.02),Altered Motifs (ELME000052:Phosphothreonine motif binding a subset of FHA domains that show a preference for a large aliphatic amino acid at the pT+3 position.; ELME000202:(ST)Q motif which is phosphorylated by PIKK family members.; ELME000336:NEK2 phosphorylation motif with preferred Phe - Leu or Met in the -3 position to compensate for less favorable residues in the +1 and +2 position.; PS00005:Protein kinase C phosphorylation site),Benign
Phenylalanine_Hydroxylase(PAH)_HUMAN,M276I,0.265,Altered PPI_hotspot (Pr = 0.25 | P = 0.02); Gain of Sulfation at Y277 (Pr = 0.01 | P = 0.04),Altered Motifs (ELME000136:The Class IV WW domain interaction motif is recognised primarily by the Pin1 phosphorylation-dependent prolyl isomerase.; ELME000159:Proline-Directed Kinase (e.g. MAPK) phosphorylation site in higher eukaryotes.; ELME000358:Phospho-dependent motif that mediates docking of CDK substrates and regulators to cyclin-CDK-bound Cks1.),Benign
Phenylalanine_Hydroxylase(PAH)_HUMAN,L444F,0.789,Altered Coiled_coil (Pr = 0.27 | P = 0.02),Altered Motifs (ELME000335:Inverted version of LIG_SUMO_SBM_1 that mediates binding to SUMO proteins non-covalently.; PS00008:N-myristoylation site),Pathogenic
Phenylalanine_Hydroxylase(PAH)_HUMAN,R169G,0.762,Altered PPI_residue (Pr = 0.36 | P = 3.6e-03); Gain of Relative_solvent_accessibility (Pr = 0.33 | P = 2.6e-03); Gain of Loop (Pr = 0.27 | P = 0.04); Loss of Allosteric_site at Y168 (Pr = 0.25 | P = 0.02); Gain of Phosphorylation at Y166 (Pr = 0.23 | P = 0.05); Gain of Sodium_binding at Q172 (Pr = 0.23 | P = 0.02); Altered DNA_binding (Pr = 0.21 | P = 0.02); Gain of Nickel_binding at H170 (Pr = 0.19 | P = 0.03); Gain of Manganese_binding at H170 (Pr = 0.19 | P = 0.02); Gain of Potassium_binding at Y168 (Pr = 0.18 | P = 0.01); Gain of Copper_binding at H170 (Pr = 0.09 | P = 0.01); Gain of Catalytic_site at Q172 (Pr = 0.09 | P = 0.05),Altered Motifs (None),Pathogenic
Phenylalanine_Hydroxylase(PAH)_HUMAN,N223I,0.664,Altered PPI_residue (Pr = 0.31 | P = 0.02); Loss of Nickel_binding at D222 (Pr = 0.18 | P = 0.04),Altered Motifs (None),Pathogenic
Phenylalanine_Hydroxylase(PAH)_HUMAN,G289R,0.896,Gain of Allosteric_site at H285 (Pr = 0.22 | P = 0.03),Altered Motifs (ELME000193:Some proteins re-exported from the nucleus contain a Leucine-rich nuclear export signal (NES) binding to the CRM1 exportin protein.; ELME000235:The PTB RRM2 Interacting (PRI) motif is found in some splicing regulators - possibly only in the chordate lineage. As part of splicing complex regulation - it interacts with the 2nd RNA binding domain (RRM) of PTB - the polypyrimidine tract binding protein.; ELME000331:Separase cleavage site - best known in sister chromatid separation.; PS00367:Biopterin-dependent aromatic amino acid hydroxylases signature),Pathogenic
Phenylalanine_Hydroxylase(PAH)_HUMAN,P279A,0.596,Gain of Helix (Pr = 0.28 | P = 0.03); Altered PPI_hotspot (Pr = 0.25 | P = 0.03); Gain of Sulfation at Y277 (Pr = 0.01 | P = 0.05),Altered Motifs (ELME000136:The Class IV WW domain interaction motif is recognised primarily by the Pin1 phosphorylation-dependent prolyl isomerase.; ELME000159:Proline-Directed Kinase (e.g. MAPK) phosphorylation site in higher eukaryotes.; ELME000182:STAT5 Src Homology 2 (SH2) domain binding motif.; ELME000358:Phospho-dependent motif that mediates docking of CDK substrates and regulators to cyclin-CDK-bound Cks1.),Pathogenic
Phenylalanine_Hydroxylase(PAH)_HUMAN,G346E,0.921,Altered PPI_hotspot (Pr = 0.26 | P = 0.01),Altered Motifs (PS00008:N-myristoylation site),Pathogenic
Phenylalanine_Hydroxylase(PAH)_HUMAN,R169P,0.89,Altered PPI_residue (Pr = 0.32 | P = 0.01); Gain of Relative_solvent_accessibility (Pr = 0.29 | P = 0.01); Gain of Loop (Pr = 0.29 | P = 0.01); Loss of Allosteric_site at Y168 (Pr = 0.28 | P = 7.4e-03); Gain of Zinc_binding at H170 (Pr = 0.27 | P = 0.03); Gain of Phosphorylation at Y166 (Pr = 0.24 | P = 0.04); Gain of Potassium_binding at Y168 (Pr = 0.23 | P = 4.8e-03); Altered DNA_binding (Pr = 0.22 | P = 0.02); Gain of Nickel_binding at H170 (Pr = 0.21 | P = 0.03); Gain of Sodium_binding at Q172 (Pr = 0.19 | P = 0.05); Gain of Manganese_binding at H170 (Pr = 0.18 | P = 0.02); Loss of Copper_binding at H170 (Pr = 0.06 | P = 0.02),Altered Motifs (None),Pathogenic
Phenylalanine_Hydroxylase(PAH)_HUMAN,G312C,0.769,Loss of Sulfation at Y317 (Pr = 0.01 | P = 0.04),Altered Motifs (ELME000133:TRAF6 binding site. Members of the tumor necrosis factor receptor (TNFR) superfamily initiate intracellular signaling by recruiting the C-domain of the TNFR-associated factors (TRAFs) through their cytoplasmatic tails.),Pathogenic
Phenylalanine_Hydroxylase(PAH)_HUMAN,L213F,0.811,Gain of Acetylation at K215 (Pr = 0.24 | P = 0.02),Altered Motifs (None),Pathogenic
Phenylalanine_Hydroxylase(PAH)_HUMAN,D253N,0.622,,Altered Motifs (ELME000146:Subtilisin/kexin isozyme-1 (SKI1) cleavage site ([RK]-X-[hydrophobic]-[LTKF]-|-X); ELME000197:Phosphopeptide motif which directly interacts with the BRCT (carboxy-terminal) domain  of the Breast Cancer Gene BRCA1 with low affinity; ELME000231:An RxxL-based motif that binds to the Cdh1 and Cdc20 components of APC/C thereby targeting the protein for destruction in a cell cycle dependent manner; ELME000336:NEK2 phosphorylation motif with preferred Phe - Leu or Met in the -3 position to compensate for less favorable residues in the +1 and +2 position.; PS00006:Casein kinase II phosphorylation site),Pathogenic
Phenylalanine_Hydroxylase(PAH)_HUMAN,Q301K,0.683,Gain of Helix (Pr = 0.27 | P = 0.04); Loss of Pyrrolidone_carboxylic_acid at Q301 (Pr = 0.08 | P = 0.02),Altered Motifs (ELME000063:CK1 phosphorylation site; ELME000147:Site phosphorylated by the Polo-like kinase.; ELME000202:(ST)Q motif which is phosphorylated by PIKK family members.),Pathogenic
