CHROM	REF	ALT	MUT	CODING	PREDICTION	SCORE	PhyloP100
	with	Pr	>=	0.01	and		
	=	0.11	|	P	=		
	(Pr	=	0.28)				
	(ELME000173|ELME000193|ELME000235|PS00006)						
	(Pr	=	0.28)-------------------------------------------------------|				
	Secondary_structure	(Pr	=	0.26)	|		
	|						
	Stability_and_conformational_flexibility	(Pr	=	0.28)	|		
	|---->Altered	Stability	(Pr	=	0.11		
	|---->Altered	Conformational_flexibility	(Pr	=	0.28)		
	|						
	Special_structural_signatures	(Pr	=	0.05)	|		
	Signal_peptide	(Pr	=	0.00)	|		
	|						
	Transmembrane_protein	(Pr	=	0.05)	|		
							
	(Pr	=	0.17)	|			
	(Pr	=	0.14)	|			
	Protein_binding	(Pr	=	0.14)	|		
	Disordered_interface	(Pr	=	0.07)	|		
	|						
	Ordered_interface	(Pr	=	0.14)	|		
							
	(Pr	=	0.06)<---------------------------------------------------------|				
							
	(Pr	=	0.12)				
	motif	which	directly	interacts	with		
	(Pr	=	0.25)				
	(ELME000197|ELME000233|ELME000328|PS00005|PS00006|PS00008)						
	(Pr	=	0.25)-------------------------------------------------------|				
	Secondary_structure	(Pr	=	0.25)	|		
	|						
	Stability_and_conformational_flexibility	(Pr	=	0.17)	|		
	|---->Altered	Conformational_flexibility	(Pr	=	0.17)		
	|						
	Special_structural_signatures	(Pr	=	0.05)	|		
	Signal_peptide	(Pr	=	0.00)	|		
	|						
	Transmembrane_protein	(Pr	=	0.05)	|		
							
	(Pr	=	0.12)	|			
	(Pr	=	0.12)	|			
	Protein_binding	(Pr	=	0.12)	|		
	Disordered_interface	(Pr	=	0.04)	|		
	|						
	Ordered_interface	(Pr	=	0.12)	|		
							
	(Pr	=	0.05)<---------------------------------------------------------|				
							
	(Pr	=	0.11)				
	(Pr	=	0.31	|	P		
	(Pr	=	0.31)				
	(ELME000136|ELME000159|ELME000182|ELME000358)						
	(Pr	=	0.31)-------------------------------------------------------|				
	Secondary_structure	(Pr	=	0.25)	|		
	|						
	Stability_and_conformational_flexibility	(Pr	=	0.31)	|		
	|---->Altered	Conformational_flexibility	(Pr	=	0.31)		
	|---->Gain	of	Intrinsic_disorder	(Pr	=	0.31	
	|						
	Special_structural_signatures	(Pr	=	0.07)	|		
	Signal_peptide	(Pr	=	0.00)	|		
	|						
	Transmembrane_protein	(Pr	=	0.07)	|		
							
	(Pr	=	0.28)	|			
	(Pr	=	0.28)	|			
	Protein_binding	(Pr	=	0.28)	|		
	Disordered_interface	(Pr	=	0.09)	|		
	|						
	Ordered_interface	(Pr	=	0.28)	|		
	PPI_hotspot	(Pr	=	0.28	|		
							
	(Pr	=	0.08)<---------------------------------------------------------|				
							
	(Pr	=	0.05)				
	=	0.26	|	P	=		
	(Pr	=	0.26)				
	(ELME000146|ELME000193)						
	(Pr	=	0.26)-------------------------------------------------------|				
	Secondary_structure	(Pr	=	0.26)	|		
	|						
	Stability_and_conformational_flexibility	(Pr	=	0.12)	|		
	|---->Altered	Conformational_flexibility	(Pr	=	0.12)		
	|						
	Special_structural_signatures	(Pr	=	0.08)	|		
	Signal_peptide	(Pr	=	0.00)	|		
	|						
	Transmembrane_protein	(Pr	=	0.08)	|		
							
	(Pr	=	0.26)	|			
	(Pr	=	0.26)	|			
	Protein_binding	(Pr	=	0.26)	|		
	Disordered_interface	(Pr	=	0.08)	|		
	|						
	Ordered_interface	(Pr	=	0.26)	|		
	PPI_hotspot	(Pr	=	0.26	|		
							
	(Pr	=	0.08)<---------------------------------------------------------|				
							
	(Pr	=	0.06)				
	Sulfation	at	Y317	(Pr	=	0.01	
	at	H146	(Pr	=	0.31		
	(Pr	=	0.31)				
	(ELME000095|ELME000122)						
	(Pr	=	0.31)-------------------------------------------------------|				
	of	Relative_solvent_accessibility	(Pr	=	0.27		
	Secondary_structure	(Pr	=	0.26)	|		
	|						
	Stability_and_conformational_flexibility	(Pr	=	0.20)	|		
	|---->Altered	Conformational_flexibility	(Pr	=	0.20)		
	|						
	Special_structural_signatures	(Pr	=	0.07)	|		
	Signal_peptide	(Pr	=	0.00)	|		
	|						
	Transmembrane_protein	(Pr	=	0.07)	|		
							
	(Pr	=	0.31)	|			
	Catalytic_site	at	H146	(Pr	=	0.25	
	Allosteric_site	at	H146	(Pr	=	0.25	
	(Pr	=	0.27)	|			
	DNA_binding	(Pr	=	0.27	|		
	Protein_binding	(Pr	=	0.26)	|		
	Disordered_interface	(Pr	=	0.24)	|		
	|						
	Ordered_interface	(Pr	=	0.26)	|		
							
	(Pr	=	0.31)<---------------------------------------------------------|				
	of	Copper_binding	at	H146	(Pr		
	of	Manganese_binding	at	H146	(Pr		
	of	Potassium_binding	at	D151	(Pr		
	of	Sodium_binding	at	H146	(Pr		
							
	(Pr	=	0.25)				
	Acetylation	at	K150	(Pr	=	0.25	
	=	0.29	|	P	=		
	(Pr	=	0.29)				
	(ELME000053|ELME000336)						
	(Pr	=	0.29)-------------------------------------------------------|				
	of	Relative_solvent_accessibility	(Pr	=	0.29		
	Secondary_structure	(Pr	=	0.27)	|		
	|						
	Stability_and_conformational_flexibility	(Pr	=	0.12)	|		
	|---->Altered	Conformational_flexibility	(Pr	=	0.12)		
	|						
	Special_structural_signatures	(Pr	=	0.24)	|		
	Signal_peptide	(Pr	=	0.00)	|		
	|						
	Transmembrane_protein	(Pr	=	0.24)	|		
	Non-cytoplasmic_loop	(Pr	=	0.24	|		
							
	(Pr	=	0.29)	|			
	Allosteric_site	at	F402	(Pr	=	0.21	
	(Pr	=	0.29)	|			
	DNA_binding	(Pr	=	0.22	|		
	Protein_binding	(Pr	=	0.29)	|		
	Disordered_interface	(Pr	=	0.17)	|		
	|						
	Ordered_interface	(Pr	=	0.29)	|		
	PPI_residue	(Pr	=	0.29	|		
							
	(Pr	=	0.09)<---------------------------------------------------------|				
							
	(Pr	=	0.14)				
	=	0.35	|	P	=		
	(Pr	=	0.35)				
	(ELME000012|ELME000061|ELME000336)						
	(Pr	=	0.29)-------------------------------------------------------|				
	of	Relative_solvent_accessibility	(Pr	=	0.29		
	Secondary_structure	(Pr	=	0.26)	|		
	|						
	Stability_and_conformational_flexibility	(Pr	=	0.19)	|		
	|---->Altered	Conformational_flexibility	(Pr	=	0.19)		
	|						
	Special_structural_signatures	(Pr	=	0.26)	|		
	Signal_peptide	(Pr	=	0.00)	|		
	|						
	Transmembrane_protein	(Pr	=	0.26)	|		
	Non-cytoplasmic_loop	(Pr	=	0.26	|		
							
	(Pr	=	0.35)	|			
	Allosteric_site	at	F402	(Pr	=	0.21	
	(Pr	=	0.35)	|			
	DNA_binding	(Pr	=	0.21	|		
	Protein_binding	(Pr	=	0.35)	|		
	Disordered_interface	(Pr	=	0.20)	|		
	|						
	Ordered_interface	(Pr	=	0.35)	|		
	PPI_residue	(Pr	=	0.35	|		
							
	(Pr	=	0.11)<---------------------------------------------------------|				
							
	(Pr	=	0.17)				
	(Pr	=	0.29	|	P		
	(Pr	=	0.29)				
	(ELME000321|PS00006)						
	(Pr	=	0.29)-------------------------------------------------------|				
	of	Relative_solvent_accessibility	(Pr	=	0.29		
	Secondary_structure	(Pr	=	0.24)	|		
	|						
	Stability_and_conformational_flexibility	(Pr	=	0.19)	|		
	|---->Altered	Stability	(Pr	=	0.13		
	|---->Altered	Conformational_flexibility	(Pr	=	0.19)		
	|						
	Special_structural_signatures	(Pr	=	0.09)	|		
	Signal_peptide	(Pr	=	0.00)	|		
	|						
	Transmembrane_protein	(Pr	=	0.09)	|		
	Non-cytoplasmic_loop	(Pr	=	0.09	|		
							
	(Pr	=	0.28)	|			
	(Pr	=	0.28)	|			
	Protein_binding	(Pr	=	0.28)	|		
	Disordered_interface	(Pr	=	0.05)	|		
	|						
	Ordered_interface	(Pr	=	0.28)	|		
	PPI_residue	(Pr	=	0.28	|		
							
	(Pr	=	0.14)<---------------------------------------------------------|				
	of	Copper_binding	at	E390	(Pr		
							
	(Pr	=	0.18)				
	Methylation	at	K398	(Pr	=	0.1	
	(Pr	=	0.27	|	P		
	(Pr	=	0.28)				
	(None)						
	(Pr	=	0.28)-------------------------------------------------------|				
	of	Relative_solvent_accessibility	(Pr	=	0.27		
	Secondary_structure	(Pr	=	0.25)	|		
	|						
	Stability_and_conformational_flexibility	(Pr	=	0.28)	|		
	|---->Altered	Conformational_flexibility	(Pr	=	0.28)		
	|						
	Special_structural_signatures	(Pr	=	0.17)	|		
	Signal_peptide	(Pr	=	0.00)	|		
	|						
	Transmembrane_protein	(Pr	=	0.17)	|		
	Non-cytoplasmic_loop	(Pr	=	0.17	|		
							
	(Pr	=	0.26)	|			
	(Pr	=	0.26)	|			
	Protein_binding	(Pr	=	0.26)	|		
	Disordered_interface	(Pr	=	0.14)	|		
	|						
	Ordered_interface	(Pr	=	0.26)	|		
							
	(Pr	=	0.20)<---------------------------------------------------------|				
	of	Potassium_binding	at	Q172	(Pr		
	of	Sodium_binding	at	Q172	(Pr		
							
	(Pr	=	0.12)				
	(Pr	=	0.28	|	P		
	(Pr	=	0.28)				
	(ELME000052|ELME000062)						
	(Pr	=	0.28)-------------------------------------------------------|				
	of	Relative_solvent_accessibility	(Pr	=	0.28		
	Secondary_structure	(Pr	=	0.26)	|		
	|---->Gain	of	Strand	(Pr	=	0.26	
	|						
	Stability_and_conformational_flexibility	(Pr	=	0.11)	|		
	|---->Altered	Conformational_flexibility	(Pr	=	0.11)		
	|						
	Special_structural_signatures	(Pr	=	0.07)	|		
	Signal_peptide	(Pr	=	0.00)	|		
	|						
	Transmembrane_protein	(Pr	=	0.07)	|		
							
	(Pr	=	0.26)	|			
	(Pr	=	0.26)	|			
	Protein_binding	(Pr	=	0.26)	|		
	Disordered_interface	(Pr	=	0.13)	|		
	|						
	Ordered_interface	(Pr	=	0.26)	|		
							
	(Pr	=	0.14)<---------------------------------------------------------|				
							
	(Pr	=	0.07)				
	proteins	re-exported	from	the	nucleus		
	(Pr	=	0.26)				
	(ELME000193|ELME000235)						
	(Pr	=	0.26)-------------------------------------------------------|				
	Secondary_structure	(Pr	=	0.26)	|		
	|						
	Stability_and_conformational_flexibility	(Pr	=	0.16)	|		
	|---->Altered	Conformational_flexibility	(Pr	=	0.16)		
	|						
	Special_structural_signatures	(Pr	=	0.05)	|		
	Signal_peptide	(Pr	=	0.00)	|		
	|						
	Transmembrane_protein	(Pr	=	0.05)	|		
							
	(Pr	=	0.16)	|			
	(Pr	=	0.14)	|			
	Protein_binding	(Pr	=	0.14)	|		
	Disordered_interface	(Pr	=	0.07)	|		
	|						
	Ordered_interface	(Pr	=	0.14)	|		
							
	(Pr	=	0.06)<---------------------------------------------------------|				
							
	(Pr	=	0.12)				
	at	Y77	(Pr	=	0.29		
	(Pr	=	0.29)				
	(None)						
	(Pr	=	0.27)-------------------------------------------------------|				
	Secondary_structure	(Pr	=	0.25)	|		
	|						
	Stability_and_conformational_flexibility	(Pr	=	0.27)	|		
	|---->Altered	Conformational_flexibility	(Pr	=	0.27)		
	|						
	Special_structural_signatures	(Pr	=	0.03)	|		
	Signal_peptide	(Pr	=	0.00)	|		
	|						
	Transmembrane_protein	(Pr	=	0.03)	|		
							
	(Pr	=	0.29)	|			
	(Pr	=	0.18)	|			
	Protein_binding	(Pr	=	0.18)	|		
	Disordered_interface	(Pr	=	0.18)	|		
	|						
	Ordered_interface	(Pr	=	0.11)	|		
							
	(Pr	=	0.13)<---------------------------------------------------------|				
	of	Manganese_binding	at	E78	(Pr		
							
	(Pr	=	0.29)				
	Phosphorylation	at	Y77	(Pr	=	0.29	
	Sulfation	at	Y77	(Pr	=	0.04	
	SUMOylation	at	K74	(Pr	=	0.22	
	at	H170	(Pr	=	0.36		
	(Pr	=	0.36)				
	(None)						
	(Pr	=	0.36)-------------------------------------------------------|				
	of	Relative_solvent_accessibility	(Pr	=	0.25		
	Secondary_structure	(Pr	=	0.26)	|		
	|						
	Stability_and_conformational_flexibility	(Pr	=	0.21)	|		
	|---->Altered	Conformational_flexibility	(Pr	=	0.21)		
	|						
	Special_structural_signatures	(Pr	=	0.20)	|		
	Signal_peptide	(Pr	=	0.00)	|		
	|						
	Transmembrane_protein	(Pr	=	0.20)	|		
	Non-cytoplasmic_loop	(Pr	=	0.20	|		
							
	(Pr	=	0.36)	|			
	Allosteric_site	at	Y168	(Pr	=	0.26	
	(Pr	=	0.26)	|			
	DNA_binding	(Pr	=	0.21	|		
	Protein_binding	(Pr	=	0.26)	|		
	Disordered_interface	(Pr	=	0.24)	|		
	|						
	Ordered_interface	(Pr	=	0.26)	|		
							
	(Pr	=	0.36)<---------------------------------------------------------|				
	of	Copper_binding	at	H170	(Pr		
	of	Manganese_binding	at	H170	(Pr		
	of	Nickel_binding	at	H170	(Pr		
	of	Potassium_binding	at	Y168	(Pr		
	of	Sodium_binding	at	Q172	(Pr		
	of	Zinc_binding	at	H170	(Pr		
							
	(Pr	=	0.19)				
	(Pr	=	0.28	|	P		
	(Pr	=	0.28)				
	(ELME000136|ELME000159|ELME000202)						
	(Pr	=	0.28)-------------------------------------------------------|				
	Secondary_structure	(Pr	=	0.28)	|		
	|---->Loss	of	Helix	(Pr	=	0.28	
	|						
	Stability_and_conformational_flexibility	(Pr	=	0.14)	|		
	|---->Altered	Conformational_flexibility	(Pr	=	0.14)		
	|						
	Special_structural_signatures	(Pr	=	0.07)	|		
	Signal_peptide	(Pr	=	0.00)	|		
	|						
	Transmembrane_protein	(Pr	=	0.07)	|		
							
	(Pr	=	0.18)	|			
	(Pr	=	0.15)	|			
	Protein_binding	(Pr	=	0.15)	|		
	Disordered_interface	(Pr	=	0.07)	|		
	|						
	Ordered_interface	(Pr	=	0.15)	|		
							
	(Pr	=	0.05)<---------------------------------------------------------|				
							
	(Pr	=	0.08)				
	Pyrrolidone_carboxylic_acid	at	Q301	(Pr	=	0.08	
	(Pr	=	0.42	|	P		
	(Pr	=	0.42)				
	(None)						
	(Pr	=	0.42)-------------------------------------------------------|				
	of	Relative_solvent_accessibility	(Pr	=	0.28		
	Secondary_structure	(Pr	=	0.25)	|		
	|						
	Stability_and_conformational_flexibility	(Pr	=	0.42)	|		
	|---->Altered	Conformational_flexibility	(Pr	=	0.42)		
	|---->Gain	of	Intrinsic_disorder	(Pr	=	0.42	
	|---->Gain	of	B-factor	(Pr	=	0.27	
	|						
	Special_structural_signatures	(Pr	=	0.07)	|		
	Signal_peptide	(Pr	=	0.00)	|		
	|						
	Transmembrane_protein	(Pr	=	0.07)	|		
							
	(Pr	=	0.36)	|			
	Catalytic_site	at	H146	(Pr	=	0.31	
	Allosteric_site	at	H146	(Pr	=	0.26	
	(Pr	=	0.28)	|			
	DNA_binding	(Pr	=	0.23	|		
	Protein_binding	(Pr	=	0.28)	|		
	Disordered_interface	(Pr	=	0.24)	|		
	|						
	Ordered_interface	(Pr	=	0.28)	|		
	PPI_residue	(Pr	=	0.28	|		
							
	(Pr	=	0.36)<---------------------------------------------------------|				
	of	Copper_binding	at	H146	(Pr		
	of	Manganese_binding	at	H146	(Pr		
	of	Nickel_binding	at	D145	(Pr		
	of	Sodium_binding	at	H146	(Pr		
	of	Zinc_binding	at	D145	(Pr		
							
	(Pr	=	0.31)				
	Acetylation	at	K150	(Pr	=	0.31	
	(Pr	=	0.28	|	P		
	(Pr	=	0.28)				
	(ELME000202|ELME000313)						
	(Pr	=	0.28)-------------------------------------------------------|				
	of	Relative_solvent_accessibility	(Pr	=	0.26		
	Secondary_structure	(Pr	=	0.28)	|		
	|---->Gain	of	Loop	(Pr	=	0.28	
	|						
	Stability_and_conformational_flexibility	(Pr	=	0.17)	|		
	|---->Altered	Conformational_flexibility	(Pr	=	0.17)		
	|						
	Special_structural_signatures	(Pr	=	0.05)	|		
	Signal_peptide	(Pr	=	0.00)	|		
	|						
	Transmembrane_protein	(Pr	=	0.05)	|		
							
	(Pr	=	0.27)	|			
	(Pr	=	0.27)	|			
	Protein_binding	(Pr	=	0.27)	|		
	Disordered_interface	(Pr	=	0.04)	|		
	|						
	Ordered_interface	(Pr	=	0.27)	|		
							
	(Pr	=	0.16)<---------------------------------------------------------|				
	of	Copper_binding	at	Q232	(Pr		
							
	(Pr	=	0.03)				
	at	C284	(Pr	=	0.04		
	(Pr	=	0.26)				
	(ELME000120|ELME000193|PS00367)						
	(Pr	=	0.26)-------------------------------------------------------|				
	Secondary_structure	(Pr	=	0.26)	|		
	|						
	Stability_and_conformational_flexibility	(Pr	=	0.25)	|		
	|---->Altered	Conformational_flexibility	(Pr	=	0.25)		
	|						
	Special_structural_signatures	(Pr	=	0.03)	|		
	Signal_peptide	(Pr	=	0.00)	|		
	|						
	Transmembrane_protein	(Pr	=	0.03)	|		
							
	(Pr	=	0.21)	|			
	(Pr	=	0.21)	|			
	Protein_binding	(Pr	=	0.21)	|		
	Disordered_interface	(Pr	=	0.15)	|		
	|						
	Ordered_interface	(Pr	=	0.21)	|		
							
	(Pr	=	0.14)<---------------------------------------------------------|				
							
	(Pr	=	0.06)				
	Sulfation	at	C284	(Pr	=	0.04	
	=	0.36	|	P	=		
	(Pr	=	0.36)				
	(ELME000052|ELME000202)						
	(Pr	=	0.27)-------------------------------------------------------|				
	Secondary_structure	(Pr	=	0.27)	|		
	|---->Gain	of	Strand	(Pr	=	0.27	
	|						
	Stability_and_conformational_flexibility	(Pr	=	0.14)	|		
	|---->Altered	Conformational_flexibility	(Pr	=	0.14)		
	|						
	Special_structural_signatures	(Pr	=	0.21)	|		
	Coiled_coil	(Pr	=	0.21	|		
	Signal_peptide	(Pr	=	0.00)	|		
	|						
	Transmembrane_protein	(Pr	=	0.15)	|		
	Non-cytoplasmic_loop	(Pr	=	0.15	|		
							
	(Pr	=	0.36)	|			
	(Pr	=	0.36)	|			
	Protein_binding	(Pr	=	0.36)	|		
	Disordered_interface	(Pr	=	0.21)	|		
	|						
	Ordered_interface	(Pr	=	0.36)	|		
	PPI_residue	(Pr	=	0.36	|		
	PPI_hotspot	(Pr	=	0.26	|		
							
	(Pr	=	0.10)<---------------------------------------------------------|				
							
	(Pr	=	0.15)				
	Sulfation	at	Y417	(Pr	=	0.02	
	=	0.41	|	P	=		
	(Pr	=	0.41)				
	(None)						
	(Pr	=	0.27)-------------------------------------------------------|				
	of	Relative_solvent_accessibility	(Pr	=	0.27		
	Secondary_structure	(Pr	=	0.26)	|		
	|						
	Stability_and_conformational_flexibility	(Pr	=	0.19)	|		
	|---->Altered	Conformational_flexibility	(Pr	=	0.19)		
	|						
	Special_structural_signatures	(Pr	=	0.17)	|		
	Signal_peptide	(Pr	=	0.00)	|		
	|						
	Transmembrane_protein	(Pr	=	0.17)	|		
	Non-cytoplasmic_loop	(Pr	=	0.17	|		
							
	(Pr	=	0.41)	|			
	Allosteric_site	at	G171	(Pr	=	0.25	
	(Pr	=	0.41)	|			
	DNA_binding	(Pr	=	0.21	|		
	Protein_binding	(Pr	=	0.41)	|		
	Disordered_interface	(Pr	=	0.26)	|		
	|						
	Ordered_interface	(Pr	=	0.41)	|		
	PPI_residue	(Pr	=	0.41	|		
							
	(Pr	=	0.20)<---------------------------------------------------------|				
	of	Copper_binding	at	H170	(Pr		
	of	Manganese_binding	at	H170	(Pr		
	of	Nickel_binding	at	H170	(Pr		
	of	Potassium_binding	at	Y168	(Pr		
	of	Sodium_binding	at	Y168	(Pr		
							
	(Pr	=	0.21)				
	at	H285	(Pr	=	0.20		
	(Pr	=	0.25)				
	(ELME000193|ELME000235|PS00367)						
	(Pr	=	0.25)-------------------------------------------------------|				
	Secondary_structure	(Pr	=	0.25)	|		
	|						
	Stability_and_conformational_flexibility	(Pr	=	0.12)	|		
	|---->Altered	Conformational_flexibility	(Pr	=	0.12)		
	|						
	Special_structural_signatures	(Pr	=	0.03)	|		
	Signal_peptide	(Pr	=	0.00)	|		
	|						
	Transmembrane_protein	(Pr	=	0.03)	|		
							
	(Pr	=	0.20)	|			
	Allosteric_site	at	H285	(Pr	=	0.2	
	(Pr	=	0.14)	|			
	Protein_binding	(Pr	=	0.14)	|		
	Disordered_interface	(Pr	=	0.06)	|		
	|						
	Ordered_interface	(Pr	=	0.14)	|		
							
	(Pr	=	0.15)<---------------------------------------------------------|				
	of	Manganese_binding	at	H290	(Pr		
							
	(Pr	=	0.04)				
	at	D425	(Pr	=	0.26		
	(Pr	=	0.26)				
	(ELME000052|ELME000202|ELME000321|ELME000336)						
	(Pr	=	0.26)-------------------------------------------------------|				
	Secondary_structure	(Pr	=	0.25)	|		
	|						
	Stability_and_conformational_flexibility	(Pr	=	0.15)	|		
	|---->Altered	Conformational_flexibility	(Pr	=	0.15)		
	|						
	Special_structural_signatures	(Pr	=	0.19)	|		
	Coiled_coil	(Pr	=	0.19	|		
	Signal_peptide	(Pr	=	0.00)	|		
	|						
	Transmembrane_protein	(Pr	=	0.09)	|		
							
	(Pr	=	0.26)	|			
	(Pr	=	0.15)	|			
	Protein_binding	(Pr	=	0.15)	|		
	Disordered_interface	(Pr	=	0.14)	|		
	|						
	Ordered_interface	(Pr	=	0.15)	|		
							
	(Pr	=	0.26)<---------------------------------------------------------|				
	of	Zinc_binding	at	D425	(Pr		
							
	(Pr	=	0.13)				
	=	0.28	|	P	=		
	(Pr	=	0.28)				
	(None)						
	(Pr	=	0.27)-------------------------------------------------------|				
	of	Relative_solvent_accessibility	(Pr	=	0.27		
	Secondary_structure	(Pr	=	0.25)	|		
	|						
	Stability_and_conformational_flexibility	(Pr	=	0.11)	|		
	|---->Altered	Conformational_flexibility	(Pr	=	0.11)		
	|						
	Special_structural_signatures	(Pr	=	0.03)	|		
	Signal_peptide	(Pr	=	0.00)	|		
	|						
	Transmembrane_protein	(Pr	=	0.03)	|		
							
	(Pr	=	0.28)	|			
	(Pr	=	0.28)	|			
	DNA_binding	(Pr	=	0.18	|		
	Protein_binding	(Pr	=	0.28)	|		
	Disordered_interface	(Pr	=	0.25)	|		
	|						
	Ordered_interface	(Pr	=	0.28)	|		
	PPI_residue	(Pr	=	0.28	|		
							
	(Pr	=	0.12)<---------------------------------------------------------|				
							
	(Pr	=	0.08)				
	(Pr	=	0.31	|	P		
	(Pr	=	0.31)				
	(ELME000062|ELME000102|ELME000146|PS00005)						
	(Pr	=	0.31)----------------------------------------------------------|				
	of	Relative_solvent_accessibility	(Pr	=	0.31		
	Secondary_structure	(Pr	=	0.25)	|		
	|						
	Stability_and_conformational_flexibility	(Pr	=	0.15)	|		
	|---->Altered	Stability	(Pr	=	0.10		
	|---->Altered	Conformational_flexibility	(Pr	=	0.15)		
	|						
	Special_structural_signatures	(Pr	=	0.08)	|		
	Signal_peptide	(Pr	=	0.00)	|		
	|						
	Transmembrane_protein	(Pr	=	0.08)	|		
							
	(Pr	=	0.25)	|			
	(Pr	=	0.25)	|			
	Protein_binding	(Pr	=	0.25)	|		
	Disordered_interface	(Pr	=	0.12)	|		
	|						
	Ordered_interface	(Pr	=	0.25)	|		
							
	(Pr	=	0.04)<------------------------------------------------------------|				
							
	(Pr	=	0.20)				
	Acetylation	at	K192	(Pr	=	0.2	
	=	0.29	|	P	=		
	(Pr	=	0.29)				
	(ELME000064|ELME000070|ELME000147)						
	(Pr	=	0.26)-------------------------------------------------------|				
	of	Relative_solvent_accessibility	(Pr	=	0.25		
	Secondary_structure	(Pr	=	0.26)	|		
	|---->Gain	of	Loop	(Pr	=	0.26	
	|						
	Stability_and_conformational_flexibility	(Pr	=	0.16)	|		
	|---->Altered	Conformational_flexibility	(Pr	=	0.16)		
	|						
	Special_structural_signatures	(Pr	=	0.26)	|		
	Signal_peptide	(Pr	=	0.00)	|		
	|						
	Transmembrane_protein	(Pr	=	0.26)	|		
	Non-cytoplasmic_loop	(Pr	=	0.26	|		
							
	(Pr	=	0.29)	|			
	Allosteric_site	at	Y377	(Pr	=	0.23	
	(Pr	=	0.29)	|			
	Protein_binding	(Pr	=	0.29)	|		
	Disordered_interface	(Pr	=	0.12)	|		
	|						
	Ordered_interface	(Pr	=	0.29)	|		
	PPI_residue	(Pr	=	0.29	|		
							
	(Pr	=	0.22)<---------------------------------------------------------|				
	of	Copper_binding	at	Y377	(Pr		
	of	Nickel_binding	at	Y377	(Pr		
							
	(Pr	=	0.15)				
	N-linked_glycosylation	at	N376	(Pr	=	0.08	
	(Pr	=	0.27	|	P		
	(Pr	=	0.27)				
	(None)						
	(Pr	=	0.27)-------------------------------------------------------|				
	of	Relative_solvent_accessibility	(Pr	=	0.27		
	Secondary_structure	(Pr	=	0.27)	|		
	|---->Gain	of	Strand	(Pr	=	0.27	
	|						
	Stability_and_conformational_flexibility	(Pr	=	0.11)	|		
	|---->Altered	Conformational_flexibility	(Pr	=	0.11)		
	|						
	Special_structural_signatures	(Pr	=	0.06)	|		
	Signal_peptide	(Pr	=	0.00)	|		
	|						
	Transmembrane_protein	(Pr	=	0.06)	|		
							
	(Pr	=	0.26)	|			
	(Pr	=	0.26)	|			
	Protein_binding	(Pr	=	0.26)	|		
	Disordered_interface	(Pr	=	0.14)	|		
	|						
	Ordered_interface	(Pr	=	0.26)	|		
							
	(Pr	=	0.13)<---------------------------------------------------------|				
							
	(Pr	=	0.07)				
	(Pr	=	0.29	|	P		
	(Pr	=	0.30)				
	(ELME000093|PS00009)						
	(Pr	=	0.30)-------------------------------------------------------|				
	of	Relative_solvent_accessibility	(Pr	=	0.27		
	Secondary_structure	(Pr	=	0.29)	|		
	|---->Loss	of	Helix	(Pr	=	0.29	
	|						
	Stability_and_conformational_flexibility	(Pr	=	0.30)	|		
	|---->Altered	Stability	(Pr	=	0.15		
	|---->Altered	Conformational_flexibility	(Pr	=	0.30)		
	|---->Loss	of	B-factor	(Pr	=	0.26	
	|						
	Special_structural_signatures	(Pr	=	0.12)	|		
	Signal_peptide	(Pr	=	0.00)	|		
	|						
	Transmembrane_protein	(Pr	=	0.12)	|		
	Non-cytoplasmic_loop	(Pr	=	0.12	|		
							
	(Pr	=	0.24)	|			
	Allosteric_site	at	W187	(Pr	=	0.24	
	(Pr	=	0.22)	|			
	Protein_binding	(Pr	=	0.22)	|		
	Disordered_interface	(Pr	=	0.13)	|		
	|						
	Ordered_interface	(Pr	=	0.22)	|		
							
	(Pr	=	0.09)<---------------------------------------------------------|				
							
	(Pr	=	0.22)				
	Acetylation	at	K184	(Pr	=	0.22	
	=	0.28	|	P	=		
	(Pr	=	0.28)				
	(ELME000202|ELME000313)						
	(Pr	=	0.27)-------------------------------------------------------|				
	of	Relative_solvent_accessibility	(Pr	=	0.27		
	Secondary_structure	(Pr	=	0.21)	|		
	|						
	Stability_and_conformational_flexibility	(Pr	=	0.15)	|		
	|---->Altered	Conformational_flexibility	(Pr	=	0.15)		
	|						
	Special_structural_signatures	(Pr	=	0.06)	|		
	Signal_peptide	(Pr	=	0.00)	|		
	|						
	Transmembrane_protein	(Pr	=	0.06)	|		
							
	(Pr	=	0.28)	|			
	(Pr	=	0.28)	|			
	Protein_binding	(Pr	=	0.28)	|		
	Disordered_interface	(Pr	=	0.13)	|		
	|						
	Ordered_interface	(Pr	=	0.28)	|		
	PPI_residue	(Pr	=	0.28	|		
							
	(Pr	=	0.08)<---------------------------------------------------------|				
							
	(Pr	=	0.03)				
	(Pr	=	0.29	|	P		
	(Pr	=	0.29)				
	(ELME000070|PS00001)						
	(Pr	=	0.29)-------------------------------------------------------|				
	of	Relative_solvent_accessibility	(Pr	=	0.29		
	Secondary_structure	(Pr	=	0.29)	|		
	|---->Loss	of	Helix	(Pr	=	0.29	
	|						
	Stability_and_conformational_flexibility	(Pr	=	0.29)	|		
	|---->Altered	Conformational_flexibility	(Pr	=	0.29)		
	|						
	Special_structural_signatures	(Pr	=	0.14)	|		
	Signal_peptide	(Pr	=	0.00)	|		
	|						
	Transmembrane_protein	(Pr	=	0.14)	|		
	Non-cytoplasmic_loop	(Pr	=	0.14	|		
							
	(Pr	=	0.25)	|			
	Allosteric_site	at	W187	(Pr	=	0.25	
	(Pr	=	0.23)	|			
	Protein_binding	(Pr	=	0.23)	|		
	Disordered_interface	(Pr	=	0.13)	|		
	|						
	Ordered_interface	(Pr	=	0.23)	|		
							
	(Pr	=	0.15)<---------------------------------------------------------|				
							
	(Pr	=	0.18)				
	N-linked_glycosylation	at	K184	(Pr	=	0.06	
	at	C203	(Pr	=	0.36		
	(Pr	=	0.36)				
	(None)						
	(Pr	=	0.36)-------------------------------------------------------|				
	of	Relative_solvent_accessibility	(Pr	=	0.24		
	Secondary_structure	(Pr	=	0.24)	|		
	|						
	Stability_and_conformational_flexibility	(Pr	=	0.14)	|		
	|---->Altered	Stability	(Pr	=	0.14		
	|---->Altered	Conformational_flexibility	(Pr	=	0.14)		
	|						
	Special_structural_signatures	(Pr	=	0.10)	|		
	Signal_peptide	(Pr	=	0.00)	|		
	|						
	Transmembrane_protein	(Pr	=	0.10)	|		
	Non-cytoplasmic_loop	(Pr	=	0.10	|		
							
	(Pr	=	0.36)	|			
	(Pr	=	0.21)	|			
	Protein_binding	(Pr	=	0.21)	|		
	Disordered_interface	(Pr	=	0.17)	|		
	|						
	Ordered_interface	(Pr	=	0.21)	|		
							
	(Pr	=	0.36)<---------------------------------------------------------|				
	of	Nickel_binding	at	H201	(Pr		
	of	Zinc_binding	at	C203	(Pr		
							
	(Pr	=	0.13)				
	at	H146	(Pr	=	0.30		
	(Pr	=	0.30)				
	(None)						
	(Pr	=	0.30)-------------------------------------------------------|				
	of	Relative_solvent_accessibility	(Pr	=	0.25		
	Secondary_structure	(Pr	=	0.25)	|		
	|						
	Stability_and_conformational_flexibility	(Pr	=	0.20)	|		
	|---->Altered	Conformational_flexibility	(Pr	=	0.20)		
	|						
	Special_structural_signatures	(Pr	=	0.06)	|		
	Signal_peptide	(Pr	=	0.00)	|		
	|						
	Transmembrane_protein	(Pr	=	0.06)	|		
							
	(Pr	=	0.30)	|			
	Catalytic_site	at	H146	(Pr	=	0.25	
	Allosteric_site	at	Y154	(Pr	=	0.27	
	(Pr	=	0.26)	|			
	DNA_binding	(Pr	=	0.26	|		
	Protein_binding	(Pr	=	0.25)	|		
	Disordered_interface	(Pr	=	0.23)	|		
	|						
	Ordered_interface	(Pr	=	0.25)	|		
							
	(Pr	=	0.30)<---------------------------------------------------------|				
	of	Copper_binding	at	H146	(Pr		
	of	Manganese_binding	at	H146	(Pr		
	of	Potassium_binding	at	D151	(Pr		
	of	Sodium_binding	at	H146	(Pr		
							
	(Pr	=	0.25)				
	Acetylation	at	K150	(Pr	=	0.25	
	at	H82	(Pr	=	0.18		
	(Pr	=	0.26)				
	(ELME000100|ELME000106|ELME000108|ELME000155)						
	(Pr	=	0.26)-------------------------------------------------------|				
	Secondary_structure	(Pr	=	0.26)	|		
	|						
	Stability_and_conformational_flexibility	(Pr	=	0.21)	|		
	|---->Altered	Conformational_flexibility	(Pr	=	0.21)		
	|						
	Special_structural_signatures	(Pr	=	0.04)	|		
	Signal_peptide	(Pr	=	0.00)	|		
	|						
	Transmembrane_protein	(Pr	=	0.04)	|		
							
	(Pr	=	0.18)	|			
	(Pr	=	0.17)	|			
	Protein_binding	(Pr	=	0.17)	|		
	Disordered_interface	(Pr	=	0.17)	|		
	|						
	Ordered_interface	(Pr	=	0.14)	|		
							
	(Pr	=	0.18)<---------------------------------------------------------|				
	of	Nickel_binding	at	H82	(Pr		
							
	(Pr	=	0.14)				
	recognition	site	that	interacts	with		
	(Pr	=	0.25)				
	(ELME000106|ELME000146)						
	(Pr	=	0.25)-------------------------------------------------------|				
	Secondary_structure	(Pr	=	0.25)	|		
	|						
	Stability_and_conformational_flexibility	(Pr	=	0.16)	|		
	|---->Altered	Conformational_flexibility	(Pr	=	0.16)		
	|						
	Special_structural_signatures	(Pr	=	0.04)	|		
	Signal_peptide	(Pr	=	0.00)	|		
	|						
	Transmembrane_protein	(Pr	=	0.04)	|		
							
	(Pr	=	0.25)	|			
	(Pr	=	0.25)	|			
	Protein_binding	(Pr	=	0.25)	|		
	Disordered_interface	(Pr	=	0.25)	|		
	|						
	Ordered_interface	(Pr	=	0.14)	|		
							
	(Pr	=	0.07)<---------------------------------------------------------|				
							
	(Pr	=	0.13)				
	=	0.23	|	P	=		
	(Pr	=	0.26)				
	(ELME000136|ELME000159|ELME000182|ELME000220|ELME000358|PS00006)						
	(Pr	=	0.26)-------------------------------------------------------|				
	Secondary_structure	(Pr	=	0.26)	|		
	|						
	Stability_and_conformational_flexibility	(Pr	=	0.22)	|		
	|---->Altered	Conformational_flexibility	(Pr	=	0.22)		
	|						
	Special_structural_signatures	(Pr	=	0.08)	|		
	Signal_peptide	(Pr	=	0.00)	|		
	|						
	Transmembrane_protein	(Pr	=	0.08)	|		
							
	(Pr	=	0.23)	|			
	(Pr	=	0.23)	|			
	Protein_binding	(Pr	=	0.23)	|		
	Disordered_interface	(Pr	=	0.09)	|		
	|						
	Ordered_interface	(Pr	=	0.23)	|		
	PPI_hotspot	(Pr	=	0.23	|		
							
	(Pr	=	0.06)<---------------------------------------------------------|				
							
	(Pr	=	0.06)				
	motif	binding	a	subset	of		
	(Pr	=	0.25)				
	(ELME000220|PS00006)						
	(Pr	=	0.25)-------------------------------------------------------|				
	Secondary_structure	(Pr	=	0.25)	|		
	|						
	Stability_and_conformational_flexibility	(Pr	=	0.16)	|		
	|---->Altered	Conformational_flexibility	(Pr	=	0.16)		
	|						
	Special_structural_signatures	(Pr	=	0.04)	|		
	Signal_peptide	(Pr	=	0.00)	|		
	|						
	Transmembrane_protein	(Pr	=	0.04)	|		
							
	(Pr	=	0.18)	|			
	(Pr	=	0.18)	|			
	Protein_binding	(Pr	=	0.18)	|		
	Disordered_interface	(Pr	=	0.18)	|		
	|						
	Ordered_interface	(Pr	=	0.15)	|		
							
	(Pr	=	0.14)<---------------------------------------------------------|				
							
	(Pr	=	0.12)				
	at	H271	(Pr	=	0.02		
	(Pr	=	0.25)				
	(ELME000048|ELME000070|ELME000182|PS00001)						
	(Pr	=	0.25)-------------------------------------------------------|				
	Secondary_structure	(Pr	=	0.25)	|		
	|						
	Stability_and_conformational_flexibility	(Pr	=	0.23)	|		
	|---->Altered	Conformational_flexibility	(Pr	=	0.23)		
	|						
	Special_structural_signatures	(Pr	=	0.09)	|		
	Signal_peptide	(Pr	=	0.00)	|		
	|						
	Transmembrane_protein	(Pr	=	0.09)	|		
							
	(Pr	=	0.22)	|			
	(Pr	=	0.22)	|			
	Protein_binding	(Pr	=	0.22)	|		
	Disordered_interface	(Pr	=	0.09)	|		
	|						
	Ordered_interface	(Pr	=	0.22)	|		
							
	(Pr	=	0.03)<---------------------------------------------------------|				
							
	(Pr	=	0.08)				
	N-linked_glycosylation	at	H271	(Pr	=	0.02	
	WH2	motif	is	of	variable		
	(Pr	=	0.25)				
	(ELME000313|ELME000336)						
	(Pr	=	0.25)-------------------------------------------------------|				
	Secondary_structure	(Pr	=	0.25)	|		
	|						
	Stability_and_conformational_flexibility	(Pr	=	0.10)	|		
	|---->Altered	Conformational_flexibility	(Pr	=	0.10)		
	|						
	Special_structural_signatures	(Pr	=	0.03)	|		
	Signal_peptide	(Pr	=	0.00)	|		
	|						
	Transmembrane_protein	(Pr	=	0.03)	|		
							
	(Pr	=	0.18)	|			
	(Pr	=	0.18)	|			
	Protein_binding	(Pr	=	0.18)	|		
	Disordered_interface	(Pr	=	0.03)	|		
	|						
	Ordered_interface	(Pr	=	0.18)	|		
							
	(Pr	=	0.04)<---------------------------------------------------------|				
							
	(Pr	=	0.17)				
	=	0.34	|	P	=		
	(Pr	=	0.34)				
	(None)						
	(Pr	=	0.31)----------------------------------------------------------|				
	of	Relative_solvent_accessibility	(Pr	=	0.31		
	Secondary_structure	(Pr	=	0.25)	|		
	|						
	Stability_and_conformational_flexibility	(Pr	=	0.19)	|		
	|---->Altered	Conformational_flexibility	(Pr	=	0.19)		
	|						
	Special_structural_signatures	(Pr	=	0.29)	|		
	Signal_peptide	(Pr	=	0.00)	|		
	|						
	Transmembrane_protein	(Pr	=	0.29)	|		
	Non-cytoplasmic_loop	(Pr	=	0.29	|		
							
	(Pr	=	0.34)	|			
	(Pr	=	0.34)	|			
	Protein_binding	(Pr	=	0.34)	|		
	Disordered_interface	(Pr	=	0.12)	|		
	|						
	Ordered_interface	(Pr	=	0.34)	|		
	PPI_residue	(Pr	=	0.34	|		
	PPI_hotspot	(Pr	=	0.27	|		
							
	(Pr	=	0.15)<------------------------------------------------------------|				
							
	(Pr	=	0.09)				
	Pyrrolidone_carboxylic_acid	at	Q336	(Pr	=	0.06	
	at	R158	(Pr	=	0.52		
	(Pr	=	0.52)				
	(ELME000101|ELME000102|ELME000108)						
	(Pr	=	0.52)----------------------------------------------------------|				
	of	Relative_solvent_accessibility	(Pr	=	0.34		
	Secondary_structure	(Pr	=	0.29)	|		
	|---->Loss	of	Helix	(Pr	=	0.29	
	|						
	Stability_and_conformational_flexibility	(Pr	=	0.14)	|		
	|---->Altered	Conformational_flexibility	(Pr	=	0.14)		
	|						
	Special_structural_signatures	(Pr	=	0.09)	|		
	Signal_peptide	(Pr	=	0.00)	|		
	|						
	Transmembrane_protein	(Pr	=	0.09)	|		
							
	(Pr	=	0.52)	|			
	Catalytic_site	at	R155	(Pr	=	0.11	
	Allosteric_site	at	R158	(Pr	=	0.52	
	(Pr	=	0.35)	|			
	DNA_binding	(Pr	=	0.35	|		
	Protein_binding	(Pr	=	0.34)	|		
	Disordered_interface	(Pr	=	0.34)	|		
	|---->Altered	MoRF	(Pr	=	0.34		
	|						
	Ordered_interface	(Pr	=	0.32)	|		
	PPI_residue	(Pr	=	0.32	|		
							
	(Pr	=	0.18)<------------------------------------------------------------|				
	of	Nickel_binding	at	D163	(Pr		
							
	(Pr	=	0.34)				
	Acetylation	at	K159	(Pr	=	0.34	
	Methylation	at	K159	(Pr	=	0.13	
	motif	is	recognized	by	a		
	(Pr	=	0.25)				
	(ELME000145|ELME000149|ELME000193|ELME000233)						
	(Pr	=	0.25)-------------------------------------------------------|				
	Secondary_structure	(Pr	=	0.25)	|		
	|						
	Stability_and_conformational_flexibility	(Pr	=	0.24)	|		
	|---->Altered	Conformational_flexibility	(Pr	=	0.24)		
	|						
	Special_structural_signatures	(Pr	=	0.03)	|		
	Signal_peptide	(Pr	=	0.00)	|		
	|						
	Transmembrane_protein	(Pr	=	0.03)	|		
							
	(Pr	=	0.15)	|			
	(Pr	=	0.15)	|			
	Protein_binding	(Pr	=	0.15)	|		
	Disordered_interface	(Pr	=	0.09)	|		
	|						
	Ordered_interface	(Pr	=	0.15)	|		
							
	(Pr	=	0.03)<---------------------------------------------------------|				
							
	(Pr	=	0.11)				
	=	0.24	|	P	=		
	(Pr	=	0.27)				
	(ELME000052|ELME000182|ELME000202|PS00005)						
	(Pr	=	0.25)-------------------------------------------------------|				
	Secondary_structure	(Pr	=	0.25)	|		
	|						
	Stability_and_conformational_flexibility	(Pr	=	0.14)	|		
	|---->Altered	Conformational_flexibility	(Pr	=	0.14)		
	|						
	Special_structural_signatures	(Pr	=	0.14)	|		
	Coiled_coil	(Pr	=	0.14	|		
	Signal_peptide	(Pr	=	0.00)	|		
	|						
	Transmembrane_protein	(Pr	=	0.14)	|		
	Non-cytoplasmic_loop	(Pr	=	0.14	|		
							
	(Pr	=	0.27)	|			
	(Pr	=	0.27)	|			
	Protein_binding	(Pr	=	0.27)	|		
	Disordered_interface	(Pr	=	0.15)	|		
	|						
	Ordered_interface	(Pr	=	0.27)	|		
	PPI_hotspot	(Pr	=	0.24	|		
							
	(Pr	=	0.12)<---------------------------------------------------------|				
							
	(Pr	=	0.15)				
	Sulfation	at	Y417	(Pr	=	0.02	
	=	0.26	|	P	=		
	(Pr	=	0.26)				
	(ELME000146|ELME000193)						
	(Pr	=	0.26)-------------------------------------------------------|				
	Secondary_structure	(Pr	=	0.26)	|		
	|						
	Stability_and_conformational_flexibility	(Pr	=	0.11)	|		
	|---->Altered	Conformational_flexibility	(Pr	=	0.11)		
	|						
	Special_structural_signatures	(Pr	=	0.07)	|		
	Signal_peptide	(Pr	=	0.00)	|		
	|						
	Transmembrane_protein	(Pr	=	0.07)	|		
							
	(Pr	=	0.26)	|			
	(Pr	=	0.26)	|			
	DNA_binding	(Pr	=	0.15	|		
	Protein_binding	(Pr	=	0.26)	|		
	Disordered_interface	(Pr	=	0.09)	|		
	|						
	Ordered_interface	(Pr	=	0.26)	|		
	PPI_hotspot	(Pr	=	0.26	|		
							
	(Pr	=	0.04)<---------------------------------------------------------|				
							
	(Pr	=	0.06)				
	=	0.29	|	P	=		
	(Pr	=	0.29)				
	(ELME000003)						
	(Pr	=	0.29)-------------------------------------------------------|				
	of	Relative_solvent_accessibility	(Pr	=	0.24		
	Secondary_structure	(Pr	=	0.25)	|		
	|						
	Stability_and_conformational_flexibility	(Pr	=	0.15)	|		
	|---->Altered	Conformational_flexibility	(Pr	=	0.15)		
	|						
	Special_structural_signatures	(Pr	=	0.29)	|		
	Signal_peptide	(Pr	=	0.00)	|		
	|						
	Transmembrane_protein	(Pr	=	0.29)	|		
	Non-cytoplasmic_loop	(Pr	=	0.29	|		
							
	(Pr	=	0.29)	|			
	(Pr	=	0.29)	|			
	Protein_binding	(Pr	=	0.29)	|		
	Disordered_interface	(Pr	=	0.08)	|		
	|						
	Ordered_interface	(Pr	=	0.29)	|		
	PPI_residue	(Pr	=	0.29	|		
	PPI_hotspot	(Pr	=	0.26	|		
							
	(Pr	=	0.14)<---------------------------------------------------------|				
	of	Copper_binding	at	E390	(Pr		
	of	Potassium_binding	at	Q383	(Pr		
							
	(Pr	=	0.11)				
	Sulfation	at	Y387	(Pr	=	0.03	
							
	(Pr	=	0.25)				
	(None)						
	(Pr	=	0.25)-------------------------------------------------------|				
	Secondary_structure	(Pr	=	0.25)	|		
	|						
	Stability_and_conformational_flexibility	(Pr	=	0.18)	|		
	|---->Altered	Conformational_flexibility	(Pr	=	0.18)		
	|						
	Special_structural_signatures	(Pr	=	0.10)	|		
	Signal_peptide	(Pr	=	0.00)	|		
	|						
	Transmembrane_protein	(Pr	=	0.10)	|		
							
	(Pr	=	0.19)	|			
	(Pr	=	0.19)	|			
	Protein_binding	(Pr	=	0.19)	|		
	Disordered_interface	(Pr	=	0.08)	|		
	|						
	Ordered_interface	(Pr	=	0.19)	|		
							
	(Pr	=	0.06)<---------------------------------------------------------|				
							
	(Pr	=	0.05)				
	(Pr	=	0.26	|	P		
	(Pr	=	0.26)				
	(ELME000053|ELME000146|PS00005)						
	(Pr	=	0.26)-------------------------------------------------------|				
	of	Relative_solvent_accessibility	(Pr	=	0.26		
	Secondary_structure	(Pr	=	0.16)	|		
	|						
	Stability_and_conformational_flexibility	(Pr	=	0.14)	|		
	|---->Altered	Conformational_flexibility	(Pr	=	0.14)		
	|						
	Special_structural_signatures	(Pr	=	0.06)	|		
	Signal_peptide	(Pr	=	0.00)	|		
	|						
	Transmembrane_protein	(Pr	=	0.06)	|		
							
	(Pr	=	0.23)	|			
	(Pr	=	0.23)	|			
	Protein_binding	(Pr	=	0.23)	|		
	Disordered_interface	(Pr	=	0.08)	|		
	|						
	Ordered_interface	(Pr	=	0.23)	|		
							
	(Pr	=	0.04)<---------------------------------------------------------|				
							
	(Pr	=	0.20)				
	Acetylation	at	K192	(Pr	=	0.2	
	=	0.35	|	P	=		
	(Pr	=	0.35)				
	(ELME000020|ELME000081|ELME000120|ELME000182)						
	(Pr	=	0.31)----------------------------------------------------------|				
	of	Relative_solvent_accessibility	(Pr	=	0.31		
	Secondary_structure	(Pr	=	0.26)	|		
	|						
	Stability_and_conformational_flexibility	(Pr	=	0.15)	|		
	|---->Altered	Conformational_flexibility	(Pr	=	0.15)		
	|						
	Special_structural_signatures	(Pr	=	0.11)	|		
	Signal_peptide	(Pr	=	0.00)	|		
	|						
	Transmembrane_protein	(Pr	=	0.11)	|		
	Non-cytoplasmic_loop	(Pr	=	0.11	|		
							
	(Pr	=	0.35)	|			
	Allosteric_site	at	Y168	(Pr	=	0.26	
	(Pr	=	0.35)	|			
	DNA_binding	(Pr	=	0.21	|		
	Protein_binding	(Pr	=	0.35)	|		
	Disordered_interface	(Pr	=	0.26)	|		
	|						
	Ordered_interface	(Pr	=	0.35)	|		
	PPI_residue	(Pr	=	0.35	|		
							
	(Pr	=	0.29)<------------------------------------------------------------|				
	of	Copper_binding	at	H170	(Pr		
	of	Manganese_binding	at	H170	(Pr		
	of	Nickel_binding	at	H170	(Pr		
	of	Potassium_binding	at	Y168	(Pr		
	of	Sodium_binding	at	Q172	(Pr		
	of	Zinc_binding	at	H170	(Pr		
							
	(Pr	=	0.20)				
	motif	binding	a	subset	of		
	(Pr	=	0.22)				
	(ELME000052|ELME000202|ELME000336)						
	(Pr	=	0.22)-------------------------------------------------------|				
	Secondary_structure	(Pr	=	0.22)	|		
	|						
	Stability_and_conformational_flexibility	(Pr	=	0.12)	|		
	|---->Altered	Conformational_flexibility	(Pr	=	0.12)		
	|						
	Special_structural_signatures	(Pr	=	0.04)	|		
	Signal_peptide	(Pr	=	0.00)	|		
	|						
	Transmembrane_protein	(Pr	=	0.04)	|		
							
	(Pr	=	0.22)	|			
	(Pr	=	0.22)	|			
	Protein_binding	(Pr	=	0.22)	|		
	Disordered_interface	(Pr	=	0.17)	|		
	|						
	Ordered_interface	(Pr	=	0.22)	|		
							
	(Pr	=	0.11)<---------------------------------------------------------|				
							
	(Pr	=	0.08)				
	phosphorylation	recognition	site;	ELME000062:Secondary	preference		
	(Pr	=	0.31)				
	(ELME000053|ELME000062|ELME000063|ELME000220|ELME000239)						
	(Pr	=	0.31)-------------------------------------------------------|				
	Secondary_structure	(Pr	=	0.25)	|		
	|						
	Stability_and_conformational_flexibility	(Pr	=	0.31)	|		
	|---->Altered	Conformational_flexibility	(Pr	=	0.31)		
	|						
	Special_structural_signatures	(Pr	=	0.06)	|		
	Signal_peptide	(Pr	=	0.00)	|		
	|						
	Transmembrane_protein	(Pr	=	0.06)	|		
							
	(Pr	=	0.16)	|			
	(Pr	=	0.15)	|			
	Protein_binding	(Pr	=	0.15)	|		
	Disordered_interface	(Pr	=	0.06)	|		
	|						
	Ordered_interface	(Pr	=	0.15)	|		
							
	(Pr	=	0.13)<---------------------------------------------------------|				
							
	(Pr	=	0.12)				
	at	C203	(Pr	=	0.25		
	(Pr	=	0.25)				
	(ELME000064|ELME000220|ELME000336|PS00006)						
	(Pr	=	0.25)-------------------------------------------------------|				
	of	Relative_solvent_accessibility	(Pr	=	0.25		
	Secondary_structure	(Pr	=	0.24)	|		
	|						
	Stability_and_conformational_flexibility	(Pr	=	0.12)	|		
	|---->Altered	Conformational_flexibility	(Pr	=	0.12)		
	|						
	Special_structural_signatures	(Pr	=	0.09)	|		
	Signal_peptide	(Pr	=	0.00)	|		
	|						
	Transmembrane_protein	(Pr	=	0.09)	|		
							
	(Pr	=	0.25)	|			
	(Pr	=	0.21)	|			
	Protein_binding	(Pr	=	0.21)	|		
	Disordered_interface	(Pr	=	0.12)	|		
	|						
	Ordered_interface	(Pr	=	0.21)	|		
							
	(Pr	=	0.25)<---------------------------------------------------------|				
	of	Nickel_binding	at	H201	(Pr		
	of	Zinc_binding	at	C203	(Pr		
							
	(Pr	=	0.12)				
	=	0.30	|	P	=		
	(Pr	=	0.30)				
	(None)						
	(Pr	=	0.30)-------------------------------------------------------|				
	of	Relative_solvent_accessibility	(Pr	=	0.26		
	Secondary_structure	(Pr	=	0.25)	|		
	|						
	Stability_and_conformational_flexibility	(Pr	=	0.16)	|		
	|---->Altered	Conformational_flexibility	(Pr	=	0.16)		
	|						
	Special_structural_signatures	(Pr	=	0.30)	|		
	Signal_peptide	(Pr	=	0.00)	|		
	|						
	Transmembrane_protein	(Pr	=	0.30)	|		
	Non-cytoplasmic_loop	(Pr	=	0.30	|		
							
	(Pr	=	0.26)	|			
	(Pr	=	0.26)	|			
	DNA_binding	(Pr	=	0.19	|		
	Protein_binding	(Pr	=	0.26)	|		
	Disordered_interface	(Pr	=	0.08)	|		
	|						
	Ordered_interface	(Pr	=	0.26)	|		
	PPI_hotspot	(Pr	=	0.25	|		
							
	(Pr	=	0.14)<---------------------------------------------------------|				
							
	(Pr	=	0.10)				
	Pyrrolidone_carboxylic_acid	at	Q336	(Pr	=	0.05	
	(Pr	=	0.28	|	P		
	(Pr	=	0.28)				
	(ELME000106|ELME000146)						
	(Pr	=	0.28)-------------------------------------------------------|				
	of	Relative_solvent_accessibility	(Pr	=	0.28		
	Secondary_structure	(Pr	=	0.24)	|		
	|						
	Stability_and_conformational_flexibility	(Pr	=	0.14)	|		
	|---->Altered	Conformational_flexibility	(Pr	=	0.14)		
	|						
	Special_structural_signatures	(Pr	=	0.08)	|		
	Signal_peptide	(Pr	=	0.00)	|		
	|						
	Transmembrane_protein	(Pr	=	0.08)	|		
							
	(Pr	=	0.24)	|			
	(Pr	=	0.24)	|			
	Protein_binding	(Pr	=	0.24)	|		
	Disordered_interface	(Pr	=	0.11)	|		
	|						
	Ordered_interface	(Pr	=	0.24)	|		
							
	(Pr	=	0.22)<---------------------------------------------------------|				
	of	Nickel_binding	at	H201	(Pr		
	of	Zinc_binding	at	H201	(Pr		
							
	(Pr	=	0.20)				
	Acetylation	at	K192	(Pr	=	0.2	
	(Pr	=	0.27	|	P		
	(Pr	=	0.27)				
	(ELME000202)						
	(Pr	=	0.27)-------------------------------------------------------|				
	Secondary_structure	(Pr	=	0.27)	|		
	|---->Loss	of	Loop	(Pr	=	0.27	
	|						
	Stability_and_conformational_flexibility	(Pr	=	0.27)	|		
	|---->Altered	Conformational_flexibility	(Pr	=	0.27)		
	|---->Gain	of	B-factor	(Pr	=	0.25	
	|						
	Special_structural_signatures	(Pr	=	0.26)	|		
	Signal_peptide	(Pr	=	0.00)	|		
	|						
	Transmembrane_protein	(Pr	=	0.26)	|		
	Non-cytoplasmic_loop	(Pr	=	0.26	|		
							
	(Pr	=	0.19)	|			
	(Pr	=	0.19)	|			
	Protein_binding	(Pr	=	0.19)	|		
	Disordered_interface	(Pr	=	0.19)	|		
	|						
	Ordered_interface	(Pr	=	0.12)	|		
							
	(Pr	=	0.04)<---------------------------------------------------------|				
							
	(Pr	=	0.19)				
	(Pr	=	0.28	|	P		
	(Pr	=	0.28)				
	(ELME000313)						
	(Pr	=	0.28)-------------------------------------------------------|				
	Secondary_structure	(Pr	=	0.28)	|		
	|---->Gain	of	Helix	(Pr	=	0.27	
	|---->Loss	of	Strand	(Pr	=	0.28	
	|---->Gain	of	Loop	(Pr	=	0.26	
	|						
	Stability_and_conformational_flexibility	(Pr	=	0.15)	|		
	|---->Altered	Conformational_flexibility	(Pr	=	0.15)		
	|						
	Special_structural_signatures	(Pr	=	0.04)	|		
	Signal_peptide	(Pr	=	0.00)	|		
	|						
	Transmembrane_protein	(Pr	=	0.04)	|		
							
	(Pr	=	0.18)	|			
	(Pr	=	0.18)	|			
	Protein_binding	(Pr	=	0.18)	|		
	Disordered_interface	(Pr	=	0.04)	|		
	|						
	Ordered_interface	(Pr	=	0.18)	|		
							
	(Pr	=	0.05)<---------------------------------------------------------|				
							
	(Pr	=	0.17)				
	(Pr	=	0.27	|	P		
	(Pr	=	0.27)				
	(ELME000052|ELME000182|ELME000202|PS00005)						
	(Pr	=	0.27)-------------------------------------------------------|				
	Secondary_structure	(Pr	=	0.27)	|		
	|---->Gain	of	Strand	(Pr	=	0.27	
	|						
	Stability_and_conformational_flexibility	(Pr	=	0.13)	|		
	|---->Altered	Stability	(Pr	=	0.09		
	|---->Altered	Conformational_flexibility	(Pr	=	0.13)		
	|						
	Special_structural_signatures	(Pr	=	0.16)	|		
	Coiled_coil	(Pr	=	0.16	|		
	Signal_peptide	(Pr	=	0.00)	|		
	|						
	Transmembrane_protein	(Pr	=	0.14)	|		
	Non-cytoplasmic_loop	(Pr	=	0.14	|		
							
	(Pr	=	0.25)	|			
	(Pr	=	0.25)	|			
	Protein_binding	(Pr	=	0.25)	|		
	Disordered_interface	(Pr	=	0.15)	|		
	|						
	Ordered_interface	(Pr	=	0.25)	|		
							
	(Pr	=	0.14)<---------------------------------------------------------|				
							
	(Pr	=	0.19)				
	Sulfation	at	Y417	(Pr	=	0.02	
							
	(Pr	=	0.23)				
	(None)						
	(Pr	=	0.23)-------------------------------------------------------|				
	Secondary_structure	(Pr	=	0.23)	|		
	|						
	Stability_and_conformational_flexibility	(Pr	=	0.13)	|		
	|---->Altered	Conformational_flexibility	(Pr	=	0.13)		
	|						
	Special_structural_signatures	(Pr	=	0.09)	|		
	Signal_peptide	(Pr	=	0.00)	|		
	|						
	Transmembrane_protein	(Pr	=	0.09)	|		
							
	(Pr	=	0.14)	|			
	(Pr	=	0.14)	|			
	Protein_binding	(Pr	=	0.14)	|		
	Disordered_interface	(Pr	=	0.13)	|		
	|						
	Ordered_interface	(Pr	=	0.14)	|		
							
	(Pr	=	0.11)<---------------------------------------------------------|				
							
	(Pr	=	0.08)				
	at	D222	(Pr	=	0.20		
	(Pr	=	0.25)				
	(ELME000341)						
	(Pr	=	0.24)-------------------------------------------------------|				
	Secondary_structure	(Pr	=	0.24)	|		
	|						
	Stability_and_conformational_flexibility	(Pr	=	0.18)	|		
	|---->Altered	Conformational_flexibility	(Pr	=	0.18)		
	|						
	Special_structural_signatures	(Pr	=	0.05)	|		
	Signal_peptide	(Pr	=	0.00)	|		
	|						
	Transmembrane_protein	(Pr	=	0.05)	|		
							
	(Pr	=	0.25)	|			
	(Pr	=	0.25)	|			
	Protein_binding	(Pr	=	0.25)	|		
	Disordered_interface	(Pr	=	0.14)	|		
	|						
	Ordered_interface	(Pr	=	0.25)	|		
							
	(Pr	=	0.21)<---------------------------------------------------------|				
	of	Nickel_binding	at	D222	(Pr		
							
	(Pr	=	0.04)				
							
	(Pr	=	0.26)				
	(None)						
	(Pr	=	0.26)-------------------------------------------------------|				
	Secondary_structure	(Pr	=	0.26)	|		
	|						
	Stability_and_conformational_flexibility	(Pr	=	0.12)	|		
	|---->Altered	Conformational_flexibility	(Pr	=	0.12)		
	|						
	Special_structural_signatures	(Pr	=	0.06)	|		
	Signal_peptide	(Pr	=	0.00)	|		
	|						
	Transmembrane_protein	(Pr	=	0.06)	|		
							
	(Pr	=	0.18)	|			
	(Pr	=	0.18)	|			
	Protein_binding	(Pr	=	0.18)	|		
	Disordered_interface	(Pr	=	0.06)	|		
	|						
	Ordered_interface	(Pr	=	0.18)	|		
							
	(Pr	=	0.07)<---------------------------------------------------------|				
							
	(Pr	=	0.17)				
	=	0.24	|	P	=		
	(Pr	=	0.26)				
	(ELME000063|ELME000136|ELME000159|ELME000358|PS00008)						
	(Pr	=	0.26)-------------------------------------------------------|				
	Secondary_structure	(Pr	=	0.25)	|		
	|						
	Stability_and_conformational_flexibility	(Pr	=	0.26)	|		
	|---->Altered	Conformational_flexibility	(Pr	=	0.26)		
	|						
	Special_structural_signatures	(Pr	=	0.08)	|		
	Signal_peptide	(Pr	=	0.00)	|		
	|						
	Transmembrane_protein	(Pr	=	0.08)	|		
							
	(Pr	=	0.24)	|			
	(Pr	=	0.24)	|			
	Protein_binding	(Pr	=	0.24)	|		
	Disordered_interface	(Pr	=	0.08)	|		
	|						
	Ordered_interface	(Pr	=	0.24)	|		
	PPI_hotspot	(Pr	=	0.24	|		
							
	(Pr	=	0.04)<---------------------------------------------------------|				
							
	(Pr	=	0.08)				
	Sulfation	at	Y277	(Pr	=	0.01	
	at	D222	(Pr	=	0.18		
	(Pr	=	0.26)				
	(ELME000341)						
	(Pr	=	0.25)-------------------------------------------------------|				
	Secondary_structure	(Pr	=	0.25)	|		
	|						
	Stability_and_conformational_flexibility	(Pr	=	0.18)	|		
	|---->Altered	Conformational_flexibility	(Pr	=	0.18)		
	|						
	Special_structural_signatures	(Pr	=	0.05)	|		
	Signal_peptide	(Pr	=	0.00)	|		
	|						
	Transmembrane_protein	(Pr	=	0.05)	|		
							
	(Pr	=	0.26)	|			
	(Pr	=	0.26)	|			
	Protein_binding	(Pr	=	0.26)	|		
	Disordered_interface	(Pr	=	0.13)	|		
	|						
	Ordered_interface	(Pr	=	0.26)	|		
							
	(Pr	=	0.18)<---------------------------------------------------------|				
	of	Nickel_binding	at	D222	(Pr		
							
	(Pr	=	0.04)				
	(Pr	=	0.36	|	P		
	(Pr	=	0.36)				
	(ELME000062|ELME000063)						
	(Pr	=	0.36)-------------------------------------------------------|				
	Secondary_structure	(Pr	=	0.26)	|		
	|						
	Stability_and_conformational_flexibility	(Pr	=	0.36)	|		
	|---->Altered	Conformational_flexibility	(Pr	=	0.36)		
	|---->Loss	of	Intrinsic_disorder	(Pr	=	0.36	
	|						
	Special_structural_signatures	(Pr	=	0.03)	|		
	Signal_peptide	(Pr	=	0.00)	|		
	|						
	Transmembrane_protein	(Pr	=	0.03)	|		
							
	(Pr	=	0.19)	|			
	(Pr	=	0.16)	|			
	Protein_binding	(Pr	=	0.16)	|		
	Disordered_interface	(Pr	=	0.14)	|		
	|						
	Ordered_interface	(Pr	=	0.16)	|		
							
	(Pr	=	0.07)<---------------------------------------------------------|				
							
	(Pr	=	0.19)				
	SUMOylation	at	K74	(Pr	=	0.19	
	=	0.31	|	P	=		
	(Pr	=	0.31)				
	(ELME000064|ELME000155)						
	(Pr	=	0.27)-------------------------------------------------------|				
	Secondary_structure	(Pr	=	0.22)	|		
	|						
	Stability_and_conformational_flexibility	(Pr	=	0.20)	|		
	|---->Altered	Conformational_flexibility	(Pr	=	0.20)		
	|						
	Special_structural_signatures	(Pr	=	0.16)	|		
	Signal_peptide	(Pr	=	0.00)	|		
	|						
	Transmembrane_protein	(Pr	=	0.16)	|		
	Non-cytoplasmic_loop	(Pr	=	0.16	|		
							
	(Pr	=	0.31)	|			
	Allosteric_site	at	W120	(Pr	=	0.27	
	(Pr	=	0.31)	|			
	DNA_binding	(Pr	=	0.24	|		
	Protein_binding	(Pr	=	0.31)	|		
	Disordered_interface	(Pr	=	0.26)	|		
	|						
	Ordered_interface	(Pr	=	0.31)	|		
	PPI_residue	(Pr	=	0.31	|		
							
	(Pr	=	0.05)<---------------------------------------------------------|				
							
	(Pr	=	0.09)				
	=	0.38	|	P	=		
	(Pr	=	0.38)				
	(None)						
	(Pr	=	0.31)-------------------------------------------------------|				
	of	Relative_solvent_accessibility	(Pr	=	0.28		
	Secondary_structure	(Pr	=	0.25)	|		
	|						
	Stability_and_conformational_flexibility	(Pr	=	0.31)	|		
	|---->Altered	Conformational_flexibility	(Pr	=	0.31)		
	|---->Gain	of	Intrinsic_disorder	(Pr	=	0.31	
	|						
	Special_structural_signatures	(Pr	=	0.18)	|		
	Signal_peptide	(Pr	=	0.00)	|		
	|						
	Transmembrane_protein	(Pr	=	0.18)	|		
	Non-cytoplasmic_loop	(Pr	=	0.18	|		
							
	(Pr	=	0.38)	|			
	Allosteric_site	at	R169	(Pr	=	0.2	
	(Pr	=	0.38)	|			
	DNA_binding	(Pr	=	0.16	|		
	Protein_binding	(Pr	=	0.38)	|		
	Disordered_interface	(Pr	=	0.15)	|		
	|						
	Ordered_interface	(Pr	=	0.38)	|		
	PPI_residue	(Pr	=	0.38	|		
							
	(Pr	=	0.19)<---------------------------------------------------------|				
	of	Copper_binding	at	H170	(Pr		
	of	Manganese_binding	at	H170	(Pr		
	of	Nickel_binding	at	H170	(Pr		
	of	Potassium_binding	at	Q172	(Pr		
	of	Sodium_binding	at	Q172	(Pr		
							
	(Pr	=	0.12)				
	=	0.25	|	P	=		
	(Pr	=	0.25)				
	(ELME000136|ELME000159|ELME000182|ELME000358)						
	(Pr	=	0.25)-------------------------------------------------------|				
	Secondary_structure	(Pr	=	0.25)	|		
	|						
	Stability_and_conformational_flexibility	(Pr	=	0.23)	|		
	|---->Altered	Conformational_flexibility	(Pr	=	0.23)		
	|						
	Special_structural_signatures	(Pr	=	0.07)	|		
	Signal_peptide	(Pr	=	0.00)	|		
	|						
	Transmembrane_protein	(Pr	=	0.07)	|		
							
	(Pr	=	0.25)	|			
	(Pr	=	0.25)	|			
	Protein_binding	(Pr	=	0.25)	|		
	Disordered_interface	(Pr	=	0.08)	|		
	|						
	Ordered_interface	(Pr	=	0.25)	|		
	PPI_hotspot	(Pr	=	0.25	|		
							
	(Pr	=	0.13)<---------------------------------------------------------|				
							
	(Pr	=	0.07)				
	=	0.36	|	P	=		
	(Pr	=	0.36)				
	(ELME000321|PS00006)						
	(Pr	=	0.33)----------------------------------------------------------|				
	of	Relative_solvent_accessibility	(Pr	=	0.33		
	Secondary_structure	(Pr	=	0.22)	|		
	|						
	Stability_and_conformational_flexibility	(Pr	=	0.22)	|		
	|---->Altered	Conformational_flexibility	(Pr	=	0.22)		
	|						
	Special_structural_signatures	(Pr	=	0.22)	|		
	Signal_peptide	(Pr	=	0.00)	|		
	|						
	Transmembrane_protein	(Pr	=	0.22)	|		
	Non-cytoplasmic_loop	(Pr	=	0.22	|		
							
	(Pr	=	0.36)	|			
	Allosteric_site	at	F392	(Pr	=	0.19	
	(Pr	=	0.36)	|			
	Protein_binding	(Pr	=	0.36)	|		
	Disordered_interface	(Pr	=	0.11)	|		
	|						
	Ordered_interface	(Pr	=	0.36)	|		
	PPI_residue	(Pr	=	0.36	|		
	PPI_hotspot	(Pr	=	0.25	|		
							
	(Pr	=	0.14)<------------------------------------------------------------|				
	of	Copper_binding	at	E390	(Pr		
							
	(Pr	=	0.15)				
	Sulfation	at	Y387	(Pr	=	0.03	
	(Pr	=	0.27	|	P		
	(Pr	=	0.28)				
	(ELME000053|ELME000337)						
	(Pr	=	0.28)-------------------------------------------------------|				
	of	Relative_solvent_accessibility	(Pr	=	0.26		
	Secondary_structure	(Pr	=	0.27)	|		
	|---->Gain	of	Helix	(Pr	=	0.27	
	|						
	Stability_and_conformational_flexibility	(Pr	=	0.28)	|		
	|---->Altered	Conformational_flexibility	(Pr	=	0.28)		
	|						
	Special_structural_signatures	(Pr	=	0.15)	|		
	Signal_peptide	(Pr	=	0.00)	|		
	|						
	Transmembrane_protein	(Pr	=	0.15)	|		
	Non-cytoplasmic_loop	(Pr	=	0.15	|		
							
	(Pr	=	0.24)	|			
	Allosteric_site	at	W187	(Pr	=	0.24	
	(Pr	=	0.19)	|			
	Protein_binding	(Pr	=	0.19)	|		
	Disordered_interface	(Pr	=	0.12)	|		
	|						
	Ordered_interface	(Pr	=	0.19)	|		
							
	(Pr	=	0.11)<---------------------------------------------------------|				
							
	(Pr	=	0.16)				
	(Pr	=	0.26	|	P		
	(Pr	=	0.33)				
	(ELME000053|ELME000062|ELME000063|ELME000220)						
	(Pr	=	0.33)-------------------------------------------------------|				
	Secondary_structure	(Pr	=	0.26)	|		
	|---->Gain	of	Strand	(Pr	=	0.26	
	|						
	Stability_and_conformational_flexibility	(Pr	=	0.33)	|		
	|---->Altered	Conformational_flexibility	(Pr	=	0.33)		
	|						
	Special_structural_signatures	(Pr	=	0.06)	|		
	Signal_peptide	(Pr	=	0.00)	|		
	|						
	Transmembrane_protein	(Pr	=	0.06)	|		
							
	(Pr	=	0.25)	|			
	(Pr	=	0.25)	|			
	Protein_binding	(Pr	=	0.25)	|		
	Disordered_interface	(Pr	=	0.10)	|		
	|						
	Ordered_interface	(Pr	=	0.25)	|		
							
	(Pr	=	0.13)<---------------------------------------------------------|				
							
	(Pr	=	0.14)				
	phosphorylation	site;	ELME000336:NEK2	phosphorylation	motif		
	(Pr	=	0.26)				
	(ELME000064|ELME000336|ELME000337|PS00006|PS00008)						
	(Pr	=	0.26)-------------------------------------------------------|				
	Secondary_structure	(Pr	=	0.26)	|		
	|						
	Stability_and_conformational_flexibility	(Pr	=	0.15)	|		
	|---->Altered	Conformational_flexibility	(Pr	=	0.15)		
	|						
	Special_structural_signatures	(Pr	=	0.03)	|		
	Signal_peptide	(Pr	=	0.00)	|		
	|						
	Transmembrane_protein	(Pr	=	0.03)	|		
							
	(Pr	=	0.15)	|			
	(Pr	=	0.15)	|			
	Protein_binding	(Pr	=	0.15)	|		
	Disordered_interface	(Pr	=	0.09)	|		
	|						
	Ordered_interface	(Pr	=	0.15)	|		
							
	(Pr	=	0.04)<---------------------------------------------------------|				
							
	(Pr	=	0.02)				
	(Pr	=	0.28	|	P		
	(Pr	=	0.28)				
	(ELME000053|ELME000064|ELME000146|ELME000220|PS00006)						
	(Pr	=	0.28)-------------------------------------------------------|				
	of	Relative_solvent_accessibility	(Pr	=	0.28		
	Secondary_structure	(Pr	=	0.11)	|		
	|						
	Stability_and_conformational_flexibility	(Pr	=	0.14)	|		
	|---->Altered	Conformational_flexibility	(Pr	=	0.14)		
	|						
	Special_structural_signatures	(Pr	=	0.08)	|		
	Signal_peptide	(Pr	=	0.00)	|		
	|						
	Transmembrane_protein	(Pr	=	0.08)	|		
							
	(Pr	=	0.27)	|			
	Allosteric_site	at	W187	(Pr	=	0.24	
	(Pr	=	0.24)	|			
	Protein_binding	(Pr	=	0.24)	|		
	Disordered_interface	(Pr	=	0.08)	|		
	|						
	Ordered_interface	(Pr	=	0.24)	|		
							
	(Pr	=	0.03)<---------------------------------------------------------|				
							
	(Pr	=	0.27)				
	Acetylation	at	K192	(Pr	=	0.27	
	(Pr	=	0.28	|	P		
	(Pr	=	0.28)				
	(ELME000063|ELME000147|ELME000202)						
	(Pr	=	0.28)-------------------------------------------------------|				
	Secondary_structure	(Pr	=	0.28)	|		
	|---->Loss	of	Helix	(Pr	=	0.28	
	|						
	Stability_and_conformational_flexibility	(Pr	=	0.17)	|		
	|---->Altered	Conformational_flexibility	(Pr	=	0.17)		
	|						
	Special_structural_signatures	(Pr	=	0.06)	|		
	Signal_peptide	(Pr	=	0.00)	|		
	|						
	Transmembrane_protein	(Pr	=	0.06)	|		
							
	(Pr	=	0.15)	|			
	(Pr	=	0.15)	|			
	Protein_binding	(Pr	=	0.15)	|		
	Disordered_interface	(Pr	=	0.07)	|		
	|						
	Ordered_interface	(Pr	=	0.15)	|		
							
	(Pr	=	0.06)<---------------------------------------------------------|				
							
	(Pr	=	0.12)				
	Pyrrolidone_carboxylic_acid	at	Q301	(Pr	=	0.08	
	proteins	re-exported	from	the	nucleus		
	(Pr	=	0.25)				
	(ELME000193|ELME000235|PS00367)						
	(Pr	=	0.25)-------------------------------------------------------|				
	Secondary_structure	(Pr	=	0.25)	|		
	|						
	Stability_and_conformational_flexibility	(Pr	=	0.12)	|		
	|---->Altered	Conformational_flexibility	(Pr	=	0.12)		
	|						
	Special_structural_signatures	(Pr	=	0.03)	|		
	Signal_peptide	(Pr	=	0.00)	|		
	|						
	Transmembrane_protein	(Pr	=	0.03)	|		
							
	(Pr	=	0.17)	|			
	(Pr	=	0.14)	|			
	Protein_binding	(Pr	=	0.14)	|		
	Disordered_interface	(Pr	=	0.05)	|		
	|						
	Ordered_interface	(Pr	=	0.14)	|		
							
	(Pr	=	0.12)<---------------------------------------------------------|				
							
	(Pr	=	0.02)				
	proteins	re-exported	from	the	nucleus		
	(Pr	=	0.25)				
	(ELME000193|ELME000235|PS00367)						
	(Pr	=	0.25)-------------------------------------------------------|				
	Secondary_structure	(Pr	=	0.25)	|		
	|						
	Stability_and_conformational_flexibility	(Pr	=	0.12)	|		
	|---->Altered	Conformational_flexibility	(Pr	=	0.12)		
	|						
	Special_structural_signatures	(Pr	=	0.03)	|		
	Signal_peptide	(Pr	=	0.00)	|		
	|						
	Transmembrane_protein	(Pr	=	0.03)	|		
							
	(Pr	=	0.17)	|			
	(Pr	=	0.14)	|			
	Protein_binding	(Pr	=	0.14)	|		
	Disordered_interface	(Pr	=	0.05)	|		
	|						
	Ordered_interface	(Pr	=	0.14)	|		
							
	(Pr	=	0.12)<---------------------------------------------------------|				
							
	(Pr	=	0.02)				
	version	of	LIG_SUMO_SBM_1	that	mediates		
	(Pr	=	0.26)				
	(ELME000335)						
	(Pr	=	0.26)-------------------------------------------------------|				
	Secondary_structure	(Pr	=	0.26)	|		
	|						
	Stability_and_conformational_flexibility	(Pr	=	0.16)	|		
	|---->Altered	Conformational_flexibility	(Pr	=	0.16)		
	|						
	Special_structural_signatures	(Pr	=	0.10)	|		
	Signal_peptide	(Pr	=	0.00)	|		
	|						
	Transmembrane_protein	(Pr	=	0.10)	|		
							
	(Pr	=	0.17)	|			
	(Pr	=	0.17)	|			
	Protein_binding	(Pr	=	0.17)	|		
	Disordered_interface	(Pr	=	0.07)	|		
	|						
	Ordered_interface	(Pr	=	0.17)	|		
							
	(Pr	=	0.05)<---------------------------------------------------------|				
							
	(Pr	=	0.05)				
	(Pr	=	0.30	|	P		
	(Pr	=	0.30)				
	(None)						
	(Pr	=	0.30)-------------------------------------------------------|				
	of	Relative_solvent_accessibility	(Pr	=	0.30		
	Secondary_structure	(Pr	=	0.25)	|		
	|						
	Stability_and_conformational_flexibility	(Pr	=	0.19)	|		
	|---->Altered	Conformational_flexibility	(Pr	=	0.19)		
	|						
	Special_structural_signatures	(Pr	=	0.16)	|		
	Signal_peptide	(Pr	=	0.00)	|		
	|						
	Transmembrane_protein	(Pr	=	0.16)	|		
	Non-cytoplasmic_loop	(Pr	=	0.16	|		
							
	(Pr	=	0.26)	|			
	Allosteric_site	at	Y168	(Pr	=	0.24	
	(Pr	=	0.26)	|			
	DNA_binding	(Pr	=	0.21	|		
	Protein_binding	(Pr	=	0.26)	|		
	Disordered_interface	(Pr	=	0.23)	|		
	|						
	Ordered_interface	(Pr	=	0.26)	|		
							
	(Pr	=	0.20)<---------------------------------------------------------|				
	of	Copper_binding	at	H170	(Pr		
	of	Manganese_binding	at	H170	(Pr		
	of	Nickel_binding	at	H170	(Pr		
	of	Potassium_binding	at	Y168	(Pr		
	of	Sodium_binding	at	Q172	(Pr		
							
	(Pr	=	0.18)				
	at	K215	(Pr	=	0.20		
	(Pr	=	0.25)				
	(ELME000120|ELME000182)						
	(Pr	=	0.25)-------------------------------------------------------|				
	Secondary_structure	(Pr	=	0.25)	|		
	|						
	Stability_and_conformational_flexibility	(Pr	=	0.15)	|		
	|---->Altered	Conformational_flexibility	(Pr	=	0.15)		
	|						
	Special_structural_signatures	(Pr	=	0.07)	|		
	Signal_peptide	(Pr	=	0.00)	|		
	|						
	Transmembrane_protein	(Pr	=	0.07)	|		
							
	(Pr	=	0.20)	|			
	(Pr	=	0.20)	|			
	Protein_binding	(Pr	=	0.20)	|		
	Disordered_interface	(Pr	=	0.14)	|		
	|						
	Ordered_interface	(Pr	=	0.20)	|		
							
	(Pr	=	0.20)<---------------------------------------------------------|				
	of	Nickel_binding	at	D222	(Pr		
							
	(Pr	=	0.20)				
	Acetylation	at	K215	(Pr	=	0.2	
	(Pr	=	0.27	|	P		
	(Pr	=	0.27)				
	(ELME000047|ELME000106|ELME000145|ELME000233|ELME000333)						
	(Pr	=	0.27)-------------------------------------------------------|				
	of	Relative_solvent_accessibility	(Pr	=	0.27		
	Secondary_structure	(Pr	=	0.23)	|		
	|						
	Stability_and_conformational_flexibility	(Pr	=	0.22)	|		
	|---->Altered	Conformational_flexibility	(Pr	=	0.22)		
	|						
	Special_structural_signatures	(Pr	=	0.12)	|		
	Signal_peptide	(Pr	=	0.00)	|		
	|						
	Transmembrane_protein	(Pr	=	0.12)	|		
	Non-cytoplasmic_loop	(Pr	=	0.12	|		
							
	(Pr	=	0.16)	|			
	(Pr	=	0.16)	|			
	Protein_binding	(Pr	=	0.16)	|		
	Disordered_interface	(Pr	=	0.10)	|		
	|						
	Ordered_interface	(Pr	=	0.16)	|		
							
	(Pr	=	0.12)<---------------------------------------------------------|				
							
	(Pr	=	0.14)				
	=	0.27	|	P	=		
	(Pr	=	0.27)				
	(PS00005)						
	(Pr	=	0.27)-------------------------------------------------------|				
	of	Relative_solvent_accessibility	(Pr	=	0.24		
	Secondary_structure	(Pr	=	0.25)	|		
	|						
	Stability_and_conformational_flexibility	(Pr	=	0.17)	|		
	|---->Altered	Conformational_flexibility	(Pr	=	0.17)		
	|						
	Special_structural_signatures	(Pr	=	0.27)	|		
	Signal_peptide	(Pr	=	0.00)	|		
	|						
	Transmembrane_protein	(Pr	=	0.27)	|		
	Non-cytoplasmic_loop	(Pr	=	0.27	|		
							
	(Pr	=	0.27)	|			
	(Pr	=	0.27)	|			
	Protein_binding	(Pr	=	0.27)	|		
	Disordered_interface	(Pr	=	0.11)	|		
	|						
	Ordered_interface	(Pr	=	0.27)	|		
	PPI_hotspot	(Pr	=	0.27	|		
							
	(Pr	=	0.12)<---------------------------------------------------------|				
							
	(Pr	=	0.10)				
	Pyrrolidone_carboxylic_acid	at	Q336	(Pr	=	0.05	
	(Pr	=	0.33	|	P		
	(Pr	=	0.33)				
	(PS00005)						
	(Pr	=	0.33)----------------------------------------------------------|				
	of	Relative_solvent_accessibility	(Pr	=	0.33		
	Secondary_structure	(Pr	=	0.26)	|		
	|						
	Stability_and_conformational_flexibility	(Pr	=	0.18)	|		
	|---->Altered	Conformational_flexibility	(Pr	=	0.18)		
	|						
	Special_structural_signatures	(Pr	=	0.28)	|		
	Signal_peptide	(Pr	=	0.00)	|		
	|						
	Transmembrane_protein	(Pr	=	0.28)	|		
	Non-cytoplasmic_loop	(Pr	=	0.28	|		
							
	(Pr	=	0.31)	|			
	(Pr	=	0.31)	|			
	Protein_binding	(Pr	=	0.31)	|		
	Disordered_interface	(Pr	=	0.13)	|		
	|						
	Ordered_interface	(Pr	=	0.31)	|		
	PPI_residue	(Pr	=	0.31	|		
	PPI_hotspot	(Pr	=	0.26	|		
							
	(Pr	=	0.15)<------------------------------------------------------------|				
							
	(Pr	=	0.15)				
	Pyrrolidone_carboxylic_acid	at	Q336	(Pr	=	0.06	
	=	0.17	|	P	=		
	(Pr	=	0.26)				
	(ELME000064|ELME000220|ELME000233)						
	(Pr	=	0.26)-------------------------------------------------------|				
	Secondary_structure	(Pr	=	0.26)	|		
	|						
	Stability_and_conformational_flexibility	(Pr	=	0.22)	|		
	|---->Altered	Conformational_flexibility	(Pr	=	0.22)		
	|						
	Special_structural_signatures	(Pr	=	0.17)	|		
	Signal_peptide	(Pr	=	0.00)	|		
	|						
	Transmembrane_protein	(Pr	=	0.17)	|		
	Non-cytoplasmic_loop	(Pr	=	0.17	|		
							
	(Pr	=	0.20)	|			
	(Pr	=	0.20)	|			
	Protein_binding	(Pr	=	0.20)	|		
	Disordered_interface	(Pr	=	0.20)	|		
	|						
	Ordered_interface	(Pr	=	0.09)	|		
							
	(Pr	=	0.06)<---------------------------------------------------------|				
							
	(Pr	=	0.11)				
	phosphorylation	site;	ELME000145:PxLxP	motif	is		
	(Pr	=	0.24)				
	(ELME000063|ELME000145|ELME000149|ELME000233)						
	(Pr	=	0.24)-------------------------------------------------------|				
	Secondary_structure	(Pr	=	0.24)	|		
	|						
	Stability_and_conformational_flexibility	(Pr	=	0.22)	|		
	|---->Altered	Conformational_flexibility	(Pr	=	0.22)		
	|						
	Special_structural_signatures	(Pr	=	0.04)	|		
	Signal_peptide	(Pr	=	0.00)	|		
	|						
	Transmembrane_protein	(Pr	=	0.04)	|		
							
	(Pr	=	0.16)	|			
	(Pr	=	0.16)	|			
	Protein_binding	(Pr	=	0.16)	|		
	Disordered_interface	(Pr	=	0.08)	|		
	|						
	Ordered_interface	(Pr	=	0.16)	|		
							
	(Pr	=	0.03)<---------------------------------------------------------|				
							
	(Pr	=	0.11)				
	at	Y317	(Pr	=	0.01		
	(Pr	=	0.25)				
	(ELME000133|ELME000182)						
	(Pr	=	0.25)-------------------------------------------------------|				
	Secondary_structure	(Pr	=	0.25)	|		
	|						
	Stability_and_conformational_flexibility	(Pr	=	0.17)	|		
	|---->Altered	Conformational_flexibility	(Pr	=	0.17)		
	|						
	Special_structural_signatures	(Pr	=	0.09)	|		
	Signal_peptide	(Pr	=	0.00)	|		
	|						
	Transmembrane_protein	(Pr	=	0.09)	|		
							
	(Pr	=	0.18)	|			
	(Pr	=	0.18)	|			
	Protein_binding	(Pr	=	0.18)	|		
	Disordered_interface	(Pr	=	0.08)	|		
	|						
	Ordered_interface	(Pr	=	0.18)	|		
							
	(Pr	=	0.06)<---------------------------------------------------------|				
							
	(Pr	=	0.06)				
	Sulfation	at	Y317	(Pr	=	0.01	
	=	0.30	|	P	=		
	(Pr	=	0.30)				
	(ELME000182|ELME000202)						
	(Pr	=	0.27)-------------------------------------------------------|				
	Secondary_structure	(Pr	=	0.27)	|		
	|---->Gain	of	Loop	(Pr	=	0.27	
	|						
	Stability_and_conformational_flexibility	(Pr	=	0.13)	|		
	|---->Altered	Conformational_flexibility	(Pr	=	0.13)		
	|						
	Special_structural_signatures	(Pr	=	0.15)	|		
	Signal_peptide	(Pr	=	0.00)	|		
	|						
	Transmembrane_protein	(Pr	=	0.15)	|		
	Non-cytoplasmic_loop	(Pr	=	0.15	|		
							
	(Pr	=	0.30)	|			
	(Pr	=	0.30)	|			
	Protein_binding	(Pr	=	0.30)	|		
	Disordered_interface	(Pr	=	0.19)	|		
	|						
	Ordered_interface	(Pr	=	0.30)	|		
	PPI_residue	(Pr	=	0.30	|		
	PPI_hotspot	(Pr	=	0.26	|		
							
	(Pr	=	0.11)<---------------------------------------------------------|				
							
	(Pr	=	0.17)				
	Sulfation	at	Y417	(Pr	=	0.02	
	(Pr	=	0.26	|	P		
	(Pr	=	0.26)				
	(ELME000053|ELME000064|ELME000220|PS00006)						
	(Pr	=	0.26)-------------------------------------------------------|				
	Secondary_structure	(Pr	=	0.26)	|		
	|---->Gain	of	Strand	(Pr	=	0.26	
	|						
	Stability_and_conformational_flexibility	(Pr	=	0.26)	|		
	|---->Altered	Conformational_flexibility	(Pr	=	0.26)		
	|						
	Special_structural_signatures	(Pr	=	0.06)	|		
	Signal_peptide	(Pr	=	0.00)	|		
	|						
	Transmembrane_protein	(Pr	=	0.06)	|		
							
	(Pr	=	0.18)	|			
	(Pr	=	0.18)	|			
	Protein_binding	(Pr	=	0.18)	|		
	Disordered_interface	(Pr	=	0.07)	|		
	|						
	Ordered_interface	(Pr	=	0.18)	|		
							
	(Pr	=	0.12)<---------------------------------------------------------|				
							
	(Pr	=	0.14)				
	N-linked_glycosylation	at	N61	(Pr	=	0.01	
	=	0.31	|	P	=		
	(Pr	=	0.31)				
	(None)						
	(Pr	=	0.26)-------------------------------------------------------|				
	of	Relative_solvent_accessibility	(Pr	=	0.25		
	Secondary_structure	(Pr	=	0.26)	|		
	|						
	Stability_and_conformational_flexibility	(Pr	=	0.19)	|		
	|---->Altered	Conformational_flexibility	(Pr	=	0.19)		
	|						
	Special_structural_signatures	(Pr	=	0.26)	|		
	Signal_peptide	(Pr	=	0.00)	|		
	|						
	Transmembrane_protein	(Pr	=	0.26)	|		
	Non-cytoplasmic_loop	(Pr	=	0.26	|		
							
	(Pr	=	0.31)	|			
	Catalytic_site	at	E330	(Pr	=	0.08	
	Allosteric_site	at	F331	(Pr	=	0.23	
	(Pr	=	0.31)	|			
	Protein_binding	(Pr	=	0.31)	|		
	Disordered_interface	(Pr	=	0.08)	|		
	|						
	Ordered_interface	(Pr	=	0.31)	|		
	PPI_residue	(Pr	=	0.31	|		
	PPI_hotspot	(Pr	=	0.25	|		
							
	(Pr	=	0.16)<---------------------------------------------------------|				
	of	Manganese_binding	at	E330	(Pr		
							
	(Pr	=	0.05)				
	Pyrrolidone_carboxylic_acid	at	Q336	(Pr	=	0.05	
	(Pr	=	0.28	|	P		
	(Pr	=	0.28)				
	(None)						
	(Pr	=	0.28)-------------------------------------------------------|				
	Secondary_structure	(Pr	=	0.28)	|		
	|---->Gain	of	Helix	(Pr	=	0.28	
	|						
	Stability_and_conformational_flexibility	(Pr	=	0.16)	|		
	|---->Altered	Conformational_flexibility	(Pr	=	0.16)		
	|						
	Special_structural_signatures	(Pr	=	0.10)	|		
	Signal_peptide	(Pr	=	0.00)	|		
	|						
	Transmembrane_protein	(Pr	=	0.10)	|		
							
	(Pr	=	0.16)	|			
	(Pr	=	0.16)	|			
	Protein_binding	(Pr	=	0.16)	|		
	Disordered_interface	(Pr	=	0.08)	|		
	|						
	Ordered_interface	(Pr	=	0.16)	|		
							
	(Pr	=	0.06)<---------------------------------------------------------|				
							
	(Pr	=	0.05)				
	=	0.31	|	P	=		
	(Pr	=	0.31)				
	(ELME000163|ELME000182)						
	(Pr	=	0.25)-------------------------------------------------------|				
	Secondary_structure	(Pr	=	0.25)	|		
	|						
	Stability_and_conformational_flexibility	(Pr	=	0.16)	|		
	|---->Altered	Conformational_flexibility	(Pr	=	0.16)		
	|						
	Special_structural_signatures	(Pr	=	0.05)	|		
	Signal_peptide	(Pr	=	0.00)	|		
	|						
	Transmembrane_protein	(Pr	=	0.05)	|		
							
	(Pr	=	0.31)	|			
	(Pr	=	0.31)	|			
	Protein_binding	(Pr	=	0.31)	|		
	Disordered_interface	(Pr	=	0.21)	|		
	|						
	Ordered_interface	(Pr	=	0.31)	|		
	PPI_residue	(Pr	=	0.31	|		
							
	(Pr	=	0.18)<---------------------------------------------------------|				
	of	Nickel_binding	at	D222	(Pr		
							
	(Pr	=	0.11)				
	Sulfation	at	N223	(Pr	=	0.09	
	(Pr	=	0.28	|	P		
	(Pr	=	0.28)				
	(ELME000084|ELME000336)						
	(Pr	=	0.28)-------------------------------------------------------|				
	of	Relative_solvent_accessibility	(Pr	=	0.28		
	Secondary_structure	(Pr	=	0.25)	|		
	|						
	Stability_and_conformational_flexibility	(Pr	=	0.14)	|		
	|---->Altered	Conformational_flexibility	(Pr	=	0.14)		
	|						
	Special_structural_signatures	(Pr	=	0.10)	|		
	Signal_peptide	(Pr	=	0.00)	|		
	|						
	Transmembrane_protein	(Pr	=	0.10)	|		
	Non-cytoplasmic_loop	(Pr	=	0.10	|		
							
	(Pr	=	0.28)	|			
	(Pr	=	0.16)	|			
	Protein_binding	(Pr	=	0.16)	|		
	Disordered_interface	(Pr	=	0.10)	|		
	|						
	Ordered_interface	(Pr	=	0.16)	|		
							
	(Pr	=	0.28)<---------------------------------------------------------|				
	of	Nickel_binding	at	H201	(Pr		
	of	Zinc_binding	at	C203	(Pr		
							
	(Pr	=	0.12)				
	(Pr	=	0.27	|	P		
	(Pr	=	0.27)				
	(ELME000136|ELME000159|ELME000182|ELME000358)						
	(Pr	=	0.27)-------------------------------------------------------|				
	Secondary_structure	(Pr	=	0.27)	|		
	|---->Gain	of	Helix	(Pr	=	0.27	
	|						
	Stability_and_conformational_flexibility	(Pr	=	0.26)	|		
	|---->Altered	Conformational_flexibility	(Pr	=	0.26)		
	|						
	Special_structural_signatures	(Pr	=	0.07)	|		
	Signal_peptide	(Pr	=	0.00)	|		
	|						
	Transmembrane_protein	(Pr	=	0.07)	|		
							
	(Pr	=	0.24)	|			
	(Pr	=	0.24)	|			
	Protein_binding	(Pr	=	0.24)	|		
	Disordered_interface	(Pr	=	0.09)	|		
	|						
	Ordered_interface	(Pr	=	0.24)	|		
	PPI_hotspot	(Pr	=	0.24	|		
							
	(Pr	=	0.07)<---------------------------------------------------------|				
							
	(Pr	=	0.05)				
	Sulfation	at	Y277	(Pr	=	0.01	
	=	0.28	|	P	=		
	(Pr	=	0.28)				
	(ELME000064|ELME000070|ELME000182|ELME000220|PS00001|PS00006)						
	(Pr	=	0.27)-------------------------------------------------------|				
	of	Relative_solvent_accessibility	(Pr	=	0.24		
	Secondary_structure	(Pr	=	0.25)	|		
	|						
	Stability_and_conformational_flexibility	(Pr	=	0.12)	|		
	|---->Altered	Conformational_flexibility	(Pr	=	0.12)		
	|						
	Special_structural_signatures	(Pr	=	0.27)	|		
	Signal_peptide	(Pr	=	0.00)	|		
	|						
	Transmembrane_protein	(Pr	=	0.27)	|		
	Non-cytoplasmic_loop	(Pr	=	0.27	|		
							
	(Pr	=	0.28)	|			
	Allosteric_site	at	Y377	(Pr	=	0.23	
	(Pr	=	0.28)	|			
	Protein_binding	(Pr	=	0.28)	|		
	Disordered_interface	(Pr	=	0.12)	|		
	|						
	Ordered_interface	(Pr	=	0.28)	|		
	PPI_residue	(Pr	=	0.28	|		
							
	(Pr	=	0.11)<---------------------------------------------------------|				
	of	Copper_binding	at	Y377	(Pr		
	of	Potassium_binding	at	Q383	(Pr		
							
	(Pr	=	0.08)				
	N-linked_glycosylation	at	N376	(Pr	=	0.08	
	Sulfation	at	Y377	(Pr	=	0.01	
	motif	binding	a	subset	of		
	(Pr	=	0.25)				
	(ELME000052|ELME000182|ELME000202)						
	(Pr	=	0.25)-------------------------------------------------------|				
	Secondary_structure	(Pr	=	0.25)	|		
	|						
	Stability_and_conformational_flexibility	(Pr	=	0.20)	|		
	|---->Altered	Conformational_flexibility	(Pr	=	0.20)		
	|						
	Special_structural_signatures	(Pr	=	0.08)	|		
	Signal_peptide	(Pr	=	0.00)	|		
	|						
	Transmembrane_protein	(Pr	=	0.08)	|		
							
	(Pr	=	0.21)	|			
	(Pr	=	0.21)	|			
	Protein_binding	(Pr	=	0.21)	|		
	Disordered_interface	(Pr	=	0.14)	|		
	|						
	Ordered_interface	(Pr	=	0.21)	|		
							
	(Pr	=	0.12)<---------------------------------------------------------|				
							
	(Pr	=	0.07)				
	(Pr	=	0.28	|	P		
	(Pr	=	0.28)				
	(ELME000064|ELME000220|PS00006)						
	(Pr	=	0.28)-------------------------------------------------------|				
	Secondary_structure	(Pr	=	0.28)	|		
	|---->Loss	of	Loop	(Pr	=	0.28	
	|						
	Stability_and_conformational_flexibility	(Pr	=	0.27)	|		
	|---->Altered	Conformational_flexibility	(Pr	=	0.27)		
	|						
	Special_structural_signatures	(Pr	=	0.24)	|		
	Signal_peptide	(Pr	=	0.00)	|		
	|						
	Transmembrane_protein	(Pr	=	0.24)	|		
	Non-cytoplasmic_loop	(Pr	=	0.24	|		
							
	(Pr	=	0.21)	|			
	(Pr	=	0.12)	|			
	Protein_binding	(Pr	=	0.12)	|		
	Disordered_interface	(Pr	=	0.12)	|		
	|						
	Ordered_interface	(Pr	=	0.09)	|		
							
	(Pr	=	0.04)<---------------------------------------------------------|				
							
	(Pr	=	0.21)				
	ADP-ribosylation	at	R111	(Pr	=	0.21	
	=	0.16	|	P	=		
	(Pr	=	0.26)				
	(ELME000052|ELME000182|ELME000202|ELME000335|PS00005)						
	(Pr	=	0.25)-------------------------------------------------------|				
	Secondary_structure	(Pr	=	0.25)	|		
	|						
	Stability_and_conformational_flexibility	(Pr	=	0.13)	|		
	|---->Altered	Conformational_flexibility	(Pr	=	0.13)		
	|						
	Special_structural_signatures	(Pr	=	0.16)	|		
	Coiled_coil	(Pr	=	0.16	|		
	Signal_peptide	(Pr	=	0.00)	|		
	|						
	Transmembrane_protein	(Pr	=	0.11)	|		
	Non-cytoplasmic_loop	(Pr	=	0.11	|		
							
	(Pr	=	0.26)	|			
	(Pr	=	0.26)	|			
	Protein_binding	(Pr	=	0.26)	|		
	Disordered_interface	(Pr	=	0.15)	|		
	|						
	Ordered_interface	(Pr	=	0.26)	|		
							
	(Pr	=	0.13)<---------------------------------------------------------|				
							
	(Pr	=	0.19)				
	Sulfation	at	Y417	(Pr	=	0.02	
	(Pr	=	0.27	|	P		
	(Pr	=	0.27)				
	(ELME000053|ELME000064|ELME000070|ELME000147|ELME000220|PS00001)						
	(Pr	=	0.27)-------------------------------------------------------|				
	Secondary_structure	(Pr	=	0.27)	|		
	|---->Gain	of	Strand	(Pr	=	0.27	
	|						
	Stability_and_conformational_flexibility	(Pr	=	0.25)	|		
	|---->Altered	Stability	(Pr	=	0.11		
	|---->Altered	Conformational_flexibility	(Pr	=	0.25)		
	|						
	Special_structural_signatures	(Pr	=	0.06)	|		
	Signal_peptide	(Pr	=	0.00)	|		
	|						
	Transmembrane_protein	(Pr	=	0.06)	|		
							
	(Pr	=	0.16)	|			
	(Pr	=	0.15)	|			
	Protein_binding	(Pr	=	0.15)	|		
	Disordered_interface	(Pr	=	0.07)	|		
	|						
	Ordered_interface	(Pr	=	0.15)	|		
							
	(Pr	=	0.16)<---------------------------------------------------------|				
							
	(Pr	=	0.06)				
	N-linked_glycosylation	at	N61	(Pr	=	0.01	
	=	0.28	|	P	=		
	(Pr	=	0.29)				
	(ELME000053|ELME000080|ELME000197)						
	(Pr	=	0.29)-------------------------------------------------------|				
	of	Relative_solvent_accessibility	(Pr	=	0.28		
	Secondary_structure	(Pr	=	0.26)	|		
	|						
	Stability_and_conformational_flexibility	(Pr	=	0.29)	|		
	|---->Altered	Conformational_flexibility	(Pr	=	0.29)		
	|						
	Special_structural_signatures	(Pr	=	0.12)	|		
	Coiled_coil	(Pr	=	0.10	|		
	Signal_peptide	(Pr	=	0.00)	|		
	|						
	Transmembrane_protein	(Pr	=	0.12)	|		
	Non-cytoplasmic_loop	(Pr	=	0.12	|		
							
	(Pr	=	0.28)	|			
	Allosteric_site	at	W187	(Pr	=	0.24	
	(Pr	=	0.28)	|			
	Protein_binding	(Pr	=	0.28)	|		
	Disordered_interface	(Pr	=	0.10)	|		
	|						
	Ordered_interface	(Pr	=	0.28)	|		
	PPI_residue	(Pr	=	0.28	|		
							
	(Pr	=	0.10)<---------------------------------------------------------|				
							
	(Pr	=	0.21)				
	Acetylation	at	K192	(Pr	=	0.21	
	at	Y317	(Pr	=	0.02		
	(Pr	=	0.25)				
	(ELME000064|ELME000133|PS00006)						
	(Pr	=	0.25)-------------------------------------------------------|				
	Secondary_structure	(Pr	=	0.25)	|		
	|						
	Stability_and_conformational_flexibility	(Pr	=	0.24)	|		
	|---->Altered	Conformational_flexibility	(Pr	=	0.24)		
	|						
	Special_structural_signatures	(Pr	=	0.11)	|		
	Signal_peptide	(Pr	=	0.00)	|		
	|						
	Transmembrane_protein	(Pr	=	0.11)	|		
							
	(Pr	=	0.14)	|			
	(Pr	=	0.14)	|			
	Protein_binding	(Pr	=	0.14)	|		
	Disordered_interface	(Pr	=	0.08)	|		
	|						
	Ordered_interface	(Pr	=	0.14)	|		
							
	(Pr	=	0.07)<---------------------------------------------------------|				
							
	(Pr	=	0.10)				
	Sulfation	at	Y317	(Pr	=	0.02	
	at	D143	(Pr	=	0.36		
	(Pr	=	0.36)				
	(None)						
	(Pr	=	0.36)-------------------------------------------------------|				
	of	Relative_solvent_accessibility	(Pr	=	0.27		
	Secondary_structure	(Pr	=	0.27)	|		
	|---->Loss	of	Loop	(Pr	=	0.27	
	|						
	Stability_and_conformational_flexibility	(Pr	=	0.21)	|		
	|---->Altered	Conformational_flexibility	(Pr	=	0.21)		
	|						
	Special_structural_signatures	(Pr	=	0.09)	|		
	Signal_peptide	(Pr	=	0.00)	|		
	|						
	Transmembrane_protein	(Pr	=	0.09)	|		
							
	(Pr	=	0.36)	|			
	Catalytic_site	at	H146	(Pr	=	0.26	
	Allosteric_site	at	H146	(Pr	=	0.25	
	(Pr	=	0.30)	|			
	Protein_binding	(Pr	=	0.30)	|		
	Disordered_interface	(Pr	=	0.19)	|		
	|						
	Ordered_interface	(Pr	=	0.30)	|		
	PPI_residue	(Pr	=	0.30	|		
							
	(Pr	=	0.36)<---------------------------------------------------------|				
	of	Copper_binding	at	H146	(Pr		
	of	Manganese_binding	at	H146	(Pr		
	of	Nickel_binding	at	H146	(Pr		
	of	Sodium_binding	at	D143	(Pr		
	of	Zinc_binding	at	D145	(Pr		
							
	(Pr	=	0.13)				
	(Pr	=	0.28	|	P		
	(Pr	=	0.33)				
	(ELME000053)						
	(Pr	=	0.33)-------------------------------------------------------|				
	of	Relative_solvent_accessibility	(Pr	=	0.28		
	Secondary_structure	(Pr	=	0.25)	|		
	|						
	Stability_and_conformational_flexibility	(Pr	=	0.33)	|		
	|---->Altered	Conformational_flexibility	(Pr	=	0.33)		
	|						
	Special_structural_signatures	(Pr	=	0.12)	|		
	Signal_peptide	(Pr	=	0.00)	|		
	|						
	Transmembrane_protein	(Pr	=	0.12)	|		
	Non-cytoplasmic_loop	(Pr	=	0.12	|		
							
	(Pr	=	0.24)	|			
	Allosteric_site	at	W187	(Pr	=	0.24	
	(Pr	=	0.19)	|			
	Protein_binding	(Pr	=	0.19)	|		
	Disordered_interface	(Pr	=	0.18)	|		
	|						
	Ordered_interface	(Pr	=	0.19)	|		
							
	(Pr	=	0.11)<---------------------------------------------------------|				
							
	(Pr	=	0.22)				
	Acetylation	at	K184	(Pr	=	0.22	
	at	D145	(Pr	=	0.34		
	(Pr	=	0.34)				
	(None)						
	(Pr	=	0.34)-------------------------------------------------------|				
	of	Relative_solvent_accessibility	(Pr	=	0.27		
	Secondary_structure	(Pr	=	0.26)	|		
	|						
	Stability_and_conformational_flexibility	(Pr	=	0.19)	|		
	|---->Altered	Conformational_flexibility	(Pr	=	0.19)		
	|						
	Special_structural_signatures	(Pr	=	0.09)	|		
	Signal_peptide	(Pr	=	0.00)	|		
	|						
	Transmembrane_protein	(Pr	=	0.09)	|		
							
	(Pr	=	0.34)	|			
	Catalytic_site	at	H146	(Pr	=	0.31	
	Allosteric_site	at	H146	(Pr	=	0.27	
	(Pr	=	0.27)	|			
	Protein_binding	(Pr	=	0.27)	|		
	Disordered_interface	(Pr	=	0.23)	|		
	|						
	Ordered_interface	(Pr	=	0.27)	|		
	PPI_residue	(Pr	=	0.27	|		
							
	(Pr	=	0.34)<---------------------------------------------------------|				
	of	Copper_binding	at	H146	(Pr		
	of	Manganese_binding	at	H146	(Pr		
	of	Nickel_binding	at	D145	(Pr		
	of	Sodium_binding	at	D145	(Pr		
	of	Zinc_binding	at	D145	(Pr		
							
	(Pr	=	0.26)				
	Acetylation	at	K150	(Pr	=	0.26	
	recognised	for	modification	by	SUMO-1;		
	(Pr	=	0.25)				
	(ELME000002|ELME000064|ELME000336|PS00005|PS00006)						
	(Pr	=	0.25)-------------------------------------------------------|				
	Secondary_structure	(Pr	=	0.25)	|		
	|						
	Stability_and_conformational_flexibility	(Pr	=	0.18)	|		
	|---->Altered	Conformational_flexibility	(Pr	=	0.18)		
	|						
	Special_structural_signatures	(Pr	=	0.03)	|		
	Signal_peptide	(Pr	=	0.00)	|		
	|						
	Transmembrane_protein	(Pr	=	0.03)	|		
							
	(Pr	=	0.16)	|			
	(Pr	=	0.11)	|			
	Protein_binding	(Pr	=	0.11)	|		
	Disordered_interface	(Pr	=	0.07)	|		
	|						
	Ordered_interface	(Pr	=	0.11)	|		
							
	(Pr	=	0.06)<---------------------------------------------------------|				
							
	(Pr	=	0.16)				
	at	D222	(Pr	=	0.19		
	(Pr	=	0.25)				
	(None)						
	(Pr	=	0.25)-------------------------------------------------------|				
	Secondary_structure	(Pr	=	0.25)	|		
	|						
	Stability_and_conformational_flexibility	(Pr	=	0.17)	|		
	|---->Altered	Conformational_flexibility	(Pr	=	0.17)		
	|						
	Special_structural_signatures	(Pr	=	0.05)	|		
	Signal_peptide	(Pr	=	0.00)	|		
	|						
	Transmembrane_protein	(Pr	=	0.05)	|		
							
	(Pr	=	0.19)	|			
	(Pr	=	0.19)	|			
	Protein_binding	(Pr	=	0.19)	|		
	Disordered_interface	(Pr	=	0.13)	|		
	|						
	Ordered_interface	(Pr	=	0.19)	|		
							
	(Pr	=	0.19)<---------------------------------------------------------|				
	of	Nickel_binding	at	D222	(Pr		
							
	(Pr	=	0.04)				
	=	0.31	|	P	=		
	(Pr	=	0.31)				
	(ELME000155)						
	(Pr	=	0.27)-------------------------------------------------------|				
	of	Relative_solvent_accessibility	(Pr	=	0.27		
	Secondary_structure	(Pr	=	0.27)	|		
	|---->Gain	of	Loop	(Pr	=	0.27	
	|						
	Stability_and_conformational_flexibility	(Pr	=	0.19)	|		
	|---->Altered	Conformational_flexibility	(Pr	=	0.19)		
	|						
	Special_structural_signatures	(Pr	=	0.09)	|		
	Signal_peptide	(Pr	=	0.00)	|		
	|						
	Transmembrane_protein	(Pr	=	0.09)	|		
							
	(Pr	=	0.31)	|			
	Allosteric_site	at	Y168	(Pr	=	0.26	
	(Pr	=	0.31)	|			
	DNA_binding	(Pr	=	0.21	|		
	Protein_binding	(Pr	=	0.31)	|		
	Disordered_interface	(Pr	=	0.24)	|		
	|						
	Ordered_interface	(Pr	=	0.31)	|		
	PPI_residue	(Pr	=	0.31	|		
							
	(Pr	=	0.24)<---------------------------------------------------------|				
	of	Copper_binding	at	H170	(Pr		
	of	Manganese_binding	at	H170	(Pr		
	of	Nickel_binding	at	H170	(Pr		
	of	Potassium_binding	at	Y168	(Pr		
	of	Sodium_binding	at	Y168	(Pr		
	of	Zinc_binding	at	H170	(Pr		
							
	(Pr	=	0.21)				
	at	Q301	(Pr	=	0.08		
	(Pr	=	0.27)				
	(ELME000063|ELME000070|ELME000122|ELME000147|ELME000193|PS00001|PS00005)						
	(Pr	=	0.27)-------------------------------------------------------|				
	Secondary_structure	(Pr	=	0.27)	|		
	|						
	Stability_and_conformational_flexibility	(Pr	=	0.13)	|		
	|---->Altered	Conformational_flexibility	(Pr	=	0.13)		
	|						
	Special_structural_signatures	(Pr	=	0.05)	|		
	Signal_peptide	(Pr	=	0.00)	|		
	|						
	Transmembrane_protein	(Pr	=	0.05)	|		
							
	(Pr	=	0.15)	|			
	(Pr	=	0.15)	|			
	Protein_binding	(Pr	=	0.15)	|		
	Disordered_interface	(Pr	=	0.07)	|		
	|						
	Ordered_interface	(Pr	=	0.15)	|		
							
	(Pr	=	0.04)<---------------------------------------------------------|				
							
	(Pr	=	0.12)				
	N-linked_glycosylation	at	D296	(Pr	=	0.01	
	Pyrrolidone_carboxylic_acid	at	Q301	(Pr	=	0.08	
	at	E205	(Pr	=	0.27		
	(Pr	=	0.27)				
	(None)						
	(Pr	=	0.27)-------------------------------------------------------|				
	Secondary_structure	(Pr	=	0.24)	|		
	|						
	Stability_and_conformational_flexibility	(Pr	=	0.09)	|		
	|---->Altered	Conformational_flexibility	(Pr	=	0.09)		
	|						
	Special_structural_signatures	(Pr	=	0.08)	|		
	Signal_peptide	(Pr	=	0.00)	|		
	|						
	Transmembrane_protein	(Pr	=	0.08)	|		
							
	(Pr	=	0.27)	|			
	(Pr	=	0.22)	|			
	Protein_binding	(Pr	=	0.22)	|		
	Disordered_interface	(Pr	=	0.11)	|		
	|						
	Ordered_interface	(Pr	=	0.22)	|		
							
	(Pr	=	0.27)<---------------------------------------------------------|				
	of	Nickel_binding	at	H201	(Pr		
	of	Zinc_binding	at	E205	(Pr		
							
	(Pr	=	0.08)				
	=	0.29	|	P	=		
	(Pr	=	0.29)				
	(ELME000012|ELME000093|ELME000101|PS00009)						
	(Pr	=	0.28)-------------------------------------------------------|				
	of	Relative_solvent_accessibility	(Pr	=	0.28		
	Secondary_structure	(Pr	=	0.27)	|		
	|						
	Stability_and_conformational_flexibility	(Pr	=	0.19)	|		
	|---->Altered	Conformational_flexibility	(Pr	=	0.19)		
	|						
	Special_structural_signatures	(Pr	=	0.07)	|		
	Signal_peptide	(Pr	=	0.00)	|		
	|						
	Transmembrane_protein	(Pr	=	0.07)	|		
							
	(Pr	=	0.29)	|			
	Allosteric_site	at	Y154	(Pr	=	0.25	
	(Pr	=	0.29)	|			
	DNA_binding	(Pr	=	0.26	|		
	Protein_binding	(Pr	=	0.29)	|		
	Disordered_interface	(Pr	=	0.29)	|		
	|---->Altered	MoRF	(Pr	=	0.29		
	|						
	Ordered_interface	(Pr	=	0.27)	|		
							
	(Pr	=	0.21)<---------------------------------------------------------|				
	of	Potassium_binding	at	D151	(Pr		
	of	Sodium_binding	at	D151	(Pr		
							
	(Pr	=	0.14)				
	Methylation	at	K159	(Pr	=	0.11	
	(Pr	=	0.27	|	P		
	(Pr	=	0.27)				
	(ELME000012|ELME000249|ELME000313|PS00005)						
	(Pr	=	0.27)-------------------------------------------------------|				
	Secondary_structure	(Pr	=	0.27)	|		
	|---->Gain	of	Strand	(Pr	=	0.27	
	|						
	Stability_and_conformational_flexibility	(Pr	=	0.10)	|		
	|---->Altered	Conformational_flexibility	(Pr	=	0.10)		
	|						
	Special_structural_signatures	(Pr	=	0.03)	|		
	Signal_peptide	(Pr	=	0.00)	|		
	|						
	Transmembrane_protein	(Pr	=	0.03)	|		
							
	(Pr	=	0.21)	|			
	(Pr	=	0.19)	|			
	Protein_binding	(Pr	=	0.19)	|		
	Disordered_interface	(Pr	=	0.02)	|		
	|						
	Ordered_interface	(Pr	=	0.19)	|		
							
	(Pr	=	0.05)<---------------------------------------------------------|				
							
	(Pr	=	0.21)				
	ADP-ribosylation	at	R241	(Pr	=	0.21	
	=	0.30	|	P	=		
	(Pr	=	0.30)				
	(None)						
	(Pr	=	0.30)----------------------------------------------------------|				
	of	Relative_solvent_accessibility	(Pr	=	0.30		
	Secondary_structure	(Pr	=	0.28)	|		
	|---->Loss	of	Strand	(Pr	=	0.28	
	|						
	Stability_and_conformational_flexibility	(Pr	=	0.18)	|		
	|---->Altered	Conformational_flexibility	(Pr	=	0.18)		
	|						
	Special_structural_signatures	(Pr	=	0.27)	|		
	Signal_peptide	(Pr	=	0.00)	|		
	|						
	Transmembrane_protein	(Pr	=	0.27)	|		
	Non-cytoplasmic_loop	(Pr	=	0.27	|		
							
	(Pr	=	0.30)	|			
	(Pr	=	0.30)	|			
	Protein_binding	(Pr	=	0.30)	|		
	Disordered_interface	(Pr	=	0.12)	|		
	|						
	Ordered_interface	(Pr	=	0.30)	|		
	PPI_residue	(Pr	=	0.30	|		
	PPI_hotspot	(Pr	=	0.27	|		
							
	(Pr	=	0.14)<------------------------------------------------------------|				
							
	(Pr	=	0.09)				
	Pyrrolidone_carboxylic_acid	at	Q336	(Pr	=	0.06	
	(Pr	=	0.26	|	P		
	(Pr	=	0.27)				
	(ELME000062|ELME000063|ELME000136|ELME000153|ELME000159)						
	(Pr	=	0.27)-------------------------------------------------------|				
	Secondary_structure	(Pr	=	0.26)	|		
	|---->Loss	of	Strand	(Pr	=	0.26	
	|						
	Stability_and_conformational_flexibility	(Pr	=	0.27)	|		
	|---->Altered	Conformational_flexibility	(Pr	=	0.27)		
	|---->Gain	of	B-factor	(Pr	=	0.25	
	|						
	Special_structural_signatures	(Pr	=	0.03)	|		
	Signal_peptide	(Pr	=	0.00)	|		
	|						
	Transmembrane_protein	(Pr	=	0.03)	|		
							
	(Pr	=	0.22)	|			
	(Pr	=	0.15)	|			
	Protein_binding	(Pr	=	0.15)	|		
	Disordered_interface	(Pr	=	0.15)	|		
	|						
	Ordered_interface	(Pr	=	0.14)	|		
							
	(Pr	=	0.08)<---------------------------------------------------------|				
							
	(Pr	=	0.22)				
	SUMOylation	at	K74	(Pr	=	0.2	
	(Pr	=	0.28	|	P		
	(Pr	=	0.28)				
	(None)						
	(Pr	=	0.28)-------------------------------------------------------|				
	Secondary_structure	(Pr	=	0.28)	|		
	|---->Gain	of	Helix	(Pr	=	0.28	
	|						
	Stability_and_conformational_flexibility	(Pr	=	0.12)	|		
	|---->Altered	Conformational_flexibility	(Pr	=	0.12)		
	|						
	Special_structural_signatures	(Pr	=	0.06)	|		
	Signal_peptide	(Pr	=	0.00)	|		
	|						
	Transmembrane_protein	(Pr	=	0.06)	|		
							
	(Pr	=	0.21)	|			
	(Pr	=	0.21)	|			
	Protein_binding	(Pr	=	0.21)	|		
	Disordered_interface	(Pr	=	0.10)	|		
	|						
	Ordered_interface	(Pr	=	0.21)	|		
							
	(Pr	=	0.13)<---------------------------------------------------------|				
							
	(Pr	=	0.14)				
	at	N58	(Pr	=	0.12		
	(Pr	=	0.22)				
	(ELME000064|ELME000106|ELME000173|PS00006)						
	(Pr	=	0.22)-------------------------------------------------------|				
	Secondary_structure	(Pr	=	0.22)	|		
	|						
	Stability_and_conformational_flexibility	(Pr	=	0.17)	|		
	|---->Altered	Conformational_flexibility	(Pr	=	0.17)		
	|						
	Special_structural_signatures	(Pr	=	0.05)	|		
	Signal_peptide	(Pr	=	0.00)	|		
	|						
	Transmembrane_protein	(Pr	=	0.05)	|		
							
	(Pr	=	0.17)	|			
	(Pr	=	0.15)	|			
	Protein_binding	(Pr	=	0.15)	|		
	Disordered_interface	(Pr	=	0.05)	|		
	|						
	Ordered_interface	(Pr	=	0.15)	|		
							
	(Pr	=	0.17)<---------------------------------------------------------|				
	of	Potassium_binding	at	N58	(Pr		
							
	(Pr	=	0.16)				
	at	Y386	(Pr	=	0.44		
	(Pr	=	0.44)				
	(None)						
	(Pr	=	0.44)-------------------------------------------------------|				
	of	Relative_solvent_accessibility	(Pr	=	0.24		
	Secondary_structure	(Pr	=	0.25)	|		
	|						
	Stability_and_conformational_flexibility	(Pr	=	0.17)	|		
	|---->Altered	Stability	(Pr	=	0.17		
	|---->Altered	Conformational_flexibility	(Pr	=	0.11)		
	|						
	Special_structural_signatures	(Pr	=	0.24)	|		
	Signal_peptide	(Pr	=	0.00)	|		
	|						
	Transmembrane_protein	(Pr	=	0.24)	|		
	Non-cytoplasmic_loop	(Pr	=	0.24	|		
							
	(Pr	=	0.44)	|			
	Allosteric_site	at	Y387	(Pr	=	0.2	
	(Pr	=	0.40)	|			
	Protein_binding	(Pr	=	0.40)	|		
	Disordered_interface	(Pr	=	0.08)	|		
	|						
	Ordered_interface	(Pr	=	0.40)	|		
	PPI_residue	(Pr	=	0.40	|		
	PPI_hotspot	(Pr	=	0.31	|		
							
	(Pr	=	0.44)<---------------------------------------------------------|				
	of	Copper_binding	at	E390	(Pr		
	of	Nickel_binding	at	Y386	(Pr		
							
	(Pr	=	0.13)				
	Sulfation	at	Y387	(Pr	=	0.03	
							
	(Pr	=	0.26)				
	(None)						
	(Pr	=	0.26)-------------------------------------------------------|				
	Secondary_structure	(Pr	=	0.26)	|		
	|						
	Stability_and_conformational_flexibility	(Pr	=	0.20)	|		
	|---->Altered	Conformational_flexibility	(Pr	=	0.20)		
	|						
	Special_structural_signatures	(Pr	=	0.11)	|		
	Signal_peptide	(Pr	=	0.00)	|		
	|						
	Transmembrane_protein	(Pr	=	0.11)	|		
							
	(Pr	=	0.15)	|			
	(Pr	=	0.15)	|			
	Protein_binding	(Pr	=	0.15)	|		
	Disordered_interface	(Pr	=	0.07)	|		
	|						
	Ordered_interface	(Pr	=	0.15)	|		
							
	(Pr	=	0.07)<---------------------------------------------------------|				
							
	(Pr	=	0.05)				
	=	0.31	|	P	=		
	(Pr	=	0.31)				
	(ELME000012|ELME000101)						
	(Pr	=	0.25)-------------------------------------------------------|				
	of	Relative_solvent_accessibility	(Pr	=	0.25		
	Secondary_structure	(Pr	=	0.25)	|		
	|						
	Stability_and_conformational_flexibility	(Pr	=	0.17)	|		
	|---->Altered	Conformational_flexibility	(Pr	=	0.17)		
	|						
	Special_structural_signatures	(Pr	=	0.07)	|		
	Signal_peptide	(Pr	=	0.00)	|		
	|						
	Transmembrane_protein	(Pr	=	0.07)	|		
							
	(Pr	=	0.31)	|			
	Allosteric_site	at	Y154	(Pr	=	0.25	
	(Pr	=	0.31)	|			
	DNA_binding	(Pr	=	0.27	|		
	Protein_binding	(Pr	=	0.31)	|		
	Disordered_interface	(Pr	=	0.31)	|		
	|---->Altered	MoRF	(Pr	=	0.31		
	|						
	Ordered_interface	(Pr	=	0.28)	|		
	PPI_residue	(Pr	=	0.28	|		
							
	(Pr	=	0.18)<---------------------------------------------------------|				
	of	Potassium_binding	at	D151	(Pr		
	of	Sodium_binding	at	D151	(Pr		
							
	(Pr	=	0.15)				
	Methylation	at	K159	(Pr	=	0.11	
	at	H201	(Pr	=	0.29		
	(Pr	=	0.29)				
	(ELME000163|ELME000202|ELME000336)						
	(Pr	=	0.29)-------------------------------------------------------|				
	of	Relative_solvent_accessibility	(Pr	=	0.27		
	Secondary_structure	(Pr	=	0.25)	|		
	|						
	Stability_and_conformational_flexibility	(Pr	=	0.13)	|		
	|---->Altered	Conformational_flexibility	(Pr	=	0.13)		
	|						
	Special_structural_signatures	(Pr	=	0.08)	|		
	Signal_peptide	(Pr	=	0.00)	|		
	|						
	Transmembrane_protein	(Pr	=	0.08)	|		
							
	(Pr	=	0.29)	|			
	(Pr	=	0.21)	|			
	Protein_binding	(Pr	=	0.21)	|		
	Disordered_interface	(Pr	=	0.11)	|		
	|						
	Ordered_interface	(Pr	=	0.21)	|		
							
	(Pr	=	0.29)<---------------------------------------------------------|				
	of	Nickel_binding	at	H201	(Pr		
	of	Zinc_binding	at	H201	(Pr		
							
	(Pr	=	0.12)				
	(Pr	=	0.28	|	P		
	(Pr	=	0.28)				
	(ELME000153|ELME000159|ELME000358|PS00367)						
	(Pr	=	0.28)-------------------------------------------------------|				
	Secondary_structure	(Pr	=	0.28)	|		
	|---->Gain	of	Helix	(Pr	=	0.28	
	|						
	Stability_and_conformational_flexibility	(Pr	=	0.22)	|		
	|---->Altered	Conformational_flexibility	(Pr	=	0.22)		
	|						
	Special_structural_signatures	(Pr	=	0.07)	|		
	Signal_peptide	(Pr	=	0.00)	|		
	|						
	Transmembrane_protein	(Pr	=	0.07)	|		
							
	(Pr	=	0.22)	|			
	(Pr	=	0.22)	|			
	Protein_binding	(Pr	=	0.22)	|		
	Disordered_interface	(Pr	=	0.08)	|		
	|						
	Ordered_interface	(Pr	=	0.22)	|		
							
	(Pr	=	0.13)<---------------------------------------------------------|				
							
	(Pr	=	0.07)				
	Sulfation	at	Y277	(Pr	=	0.02	
	at	Y317	(Pr	=	0.01		
	(Pr	=	0.25)				
	(ELME000133)						
	(Pr	=	0.25)-------------------------------------------------------|				
	Secondary_structure	(Pr	=	0.25)	|		
	|						
	Stability_and_conformational_flexibility	(Pr	=	0.19)	|		
	|---->Altered	Conformational_flexibility	(Pr	=	0.19)		
	|						
	Special_structural_signatures	(Pr	=	0.11)	|		
	Signal_peptide	(Pr	=	0.00)	|		
	|						
	Transmembrane_protein	(Pr	=	0.11)	|		
							
	(Pr	=	0.14)	|			
	(Pr	=	0.14)	|			
	Protein_binding	(Pr	=	0.14)	|		
	Disordered_interface	(Pr	=	0.08)	|		
	|						
	Ordered_interface	(Pr	=	0.14)	|		
							
	(Pr	=	0.06)<---------------------------------------------------------|				
							
	(Pr	=	0.04)				
	Sulfation	at	Y317	(Pr	=	0.01	
	(Pr	=	0.27	|	P		
	(Pr	=	0.27)				
	(ELME000064|ELME000147|ELME000220)						
	(Pr	=	0.27)-------------------------------------------------------|				
	Secondary_structure	(Pr	=	0.27)	|		
	|---->Gain	of	Helix	(Pr	=	0.27	
	|						
	Stability_and_conformational_flexibility	(Pr	=	0.19)	|		
	|---->Altered	Conformational_flexibility	(Pr	=	0.19)		
	|						
	Special_structural_signatures	(Pr	=	0.15)	|		
	Signal_peptide	(Pr	=	0.00)	|		
	|						
	Transmembrane_protein	(Pr	=	0.15)	|		
	Non-cytoplasmic_loop	(Pr	=	0.15	|		
							
	(Pr	=	0.25)	|			
	(Pr	=	0.25)	|			
	Protein_binding	(Pr	=	0.25)	|		
	Disordered_interface	(Pr	=	0.25)	|		
	|						
	Ordered_interface	(Pr	=	0.11)	|		
							
	(Pr	=	0.06)<---------------------------------------------------------|				
							
	(Pr	=	0.10)				
	at	C203	(Pr	=	0.25		
	(Pr	=	0.25)				
	(None)						
	(Pr	=	0.25)-------------------------------------------------------|				
	Secondary_structure	(Pr	=	0.24)	|		
	|						
	Stability_and_conformational_flexibility	(Pr	=	0.09)	|		
	|---->Altered	Conformational_flexibility	(Pr	=	0.09)		
	|						
	Special_structural_signatures	(Pr	=	0.08)	|		
	Signal_peptide	(Pr	=	0.00)	|		
	|						
	Transmembrane_protein	(Pr	=	0.08)	|		
							
	(Pr	=	0.25)	|			
	(Pr	=	0.21)	|			
	Protein_binding	(Pr	=	0.21)	|		
	Disordered_interface	(Pr	=	0.12)	|		
	|						
	Ordered_interface	(Pr	=	0.21)	|		
							
	(Pr	=	0.25)<---------------------------------------------------------|				
	of	Nickel_binding	at	H201	(Pr		
	of	Zinc_binding	at	C203	(Pr		
							
	(Pr	=	0.08)				
	at	K74	(Pr	=	0.20		
	(Pr	=	0.26)				
	(ELME000120)						
	(Pr	=	0.26)-------------------------------------------------------|				
	Secondary_structure	(Pr	=	0.25)	|		
	|						
	Stability_and_conformational_flexibility	(Pr	=	0.26)	|		
	|---->Altered	Stability	(Pr	=	0.11		
	|---->Altered	Conformational_flexibility	(Pr	=	0.26)		
	|						
	Special_structural_signatures	(Pr	=	0.03)	|		
	Signal_peptide	(Pr	=	0.00)	|		
	|						
	Transmembrane_protein	(Pr	=	0.03)	|		
							
	(Pr	=	0.23)	|			
	(Pr	=	0.19)	|			
	Protein_binding	(Pr	=	0.19)	|		
	Disordered_interface	(Pr	=	0.19)	|		
	|						
	Ordered_interface	(Pr	=	0.12)	|		
							
	(Pr	=	0.15)<---------------------------------------------------------|				
							
	(Pr	=	0.23)				
	Sulfation	at	Y77	(Pr	=	0.02	
	SUMOylation	at	K74	(Pr	=	0.2	
	(Pr	=	0.30	|	P		
	(Pr	=	0.30)				
	(ELME000012)						
	(Pr	=	0.30)----------------------------------------------------------|				
	of	Relative_solvent_accessibility	(Pr	=	0.30		
	Secondary_structure	(Pr	=	0.26)	|		
	|---->Loss	of	Loop	(Pr	=	0.26	
	|						
	Stability_and_conformational_flexibility	(Pr	=	0.18)	|		
	|---->Altered	Conformational_flexibility	(Pr	=	0.18)		
	|						
	Special_structural_signatures	(Pr	=	0.18)	|		
	Signal_peptide	(Pr	=	0.00)	|		
	|						
	Transmembrane_protein	(Pr	=	0.18)	|		
	Non-cytoplasmic_loop	(Pr	=	0.18	|		
							
	(Pr	=	0.27)	|			
	Allosteric_site	at	Y168	(Pr	=	0.26	
	(Pr	=	0.27)	|			
	DNA_binding	(Pr	=	0.20	|		
	Protein_binding	(Pr	=	0.27)	|		
	Disordered_interface	(Pr	=	0.23)	|		
	|						
	Ordered_interface	(Pr	=	0.27)	|		
							
	(Pr	=	0.22)<------------------------------------------------------------|				
	of	Copper_binding	at	H170	(Pr		
	of	Manganese_binding	at	H170	(Pr		
	of	Nickel_binding	at	H170	(Pr		
	of	Potassium_binding	at	Y168	(Pr		
	of	Sodium_binding	at	Q172	(Pr		
	of	Zinc_binding	at	H170	(Pr		
							
	(Pr	=	0.19)				
	at	D282	(Pr	=	0.22		
	(Pr	=	0.27)				
	(ELME000159|ELME000358|PS00367)						
	(Pr	=	0.27)-------------------------------------------------------|				
	Secondary_structure	(Pr	=	0.27)	|		
	|						
	Stability_and_conformational_flexibility	(Pr	=	0.24)	|		
	|---->Altered	Conformational_flexibility	(Pr	=	0.24)		
	|						
	Special_structural_signatures	(Pr	=	0.07)	|		
	Signal_peptide	(Pr	=	0.00)	|		
	|						
	Transmembrane_protein	(Pr	=	0.07)	|		
							
	(Pr	=	0.23)	|			
	(Pr	=	0.23)	|			
	Protein_binding	(Pr	=	0.23)	|		
	Disordered_interface	(Pr	=	0.09)	|		
	|						
	Ordered_interface	(Pr	=	0.23)	|		
							
	(Pr	=	0.22)<---------------------------------------------------------|				
	of	Nickel_binding	at	D282	(Pr		
							
	(Pr	=	0.05)				
							
	(Pr	=	0.26)				
	(None)						
	(Pr	=	0.26)-------------------------------------------------------|				
	Secondary_structure	(Pr	=	0.26)	|		
	|						
	Stability_and_conformational_flexibility	(Pr	=	0.17)	|		
	|---->Altered	Conformational_flexibility	(Pr	=	0.17)		
	|						
	Special_structural_signatures	(Pr	=	0.09)	|		
	Signal_peptide	(Pr	=	0.00)	|		
	|						
	Transmembrane_protein	(Pr	=	0.09)	|		
							
	(Pr	=	0.13)	|			
	(Pr	=	0.13)	|			
	Protein_binding	(Pr	=	0.13)	|		
	Disordered_interface	(Pr	=	0.07)	|		
	|						
	Ordered_interface	(Pr	=	0.13)	|		
							
	(Pr	=	0.06)<---------------------------------------------------------|				
							
	(Pr	=	0.05)				
	=	0.27	|	P	=		
	(Pr	=	0.27)				
	(ELME000149|ELME000233|PS00005)						
	(Pr	=	0.25)-------------------------------------------------------|				
	Secondary_structure	(Pr	=	0.25)	|		
	|						
	Stability_and_conformational_flexibility	(Pr	=	0.23)	|		
	|---->Altered	Conformational_flexibility	(Pr	=	0.23)		
	|						
	Special_structural_signatures	(Pr	=	0.03)	|		
	Signal_peptide	(Pr	=	0.00)	|		
	|						
	Transmembrane_protein	(Pr	=	0.03)	|		
							
	(Pr	=	0.27)	|			
	(Pr	=	0.27)	|			
	Protein_binding	(Pr	=	0.27)	|		
	Disordered_interface	(Pr	=	0.07)	|		
	|						
	Ordered_interface	(Pr	=	0.27)	|		
	PPI_hotspot	(Pr	=	0.27	|		
							
	(Pr	=	0.03)<---------------------------------------------------------|				
							
	(Pr	=	0.16)				
	(Pr	=	0.27	|	P		
	(Pr	=	0.27)				
	(ELME000147|ELME000233|ELME000336)						
	(Pr	=	0.27)-------------------------------------------------------|				
	of	Relative_solvent_accessibility	(Pr	=	0.24		
	Secondary_structure	(Pr	=	0.27)	|		
	|---->Loss	of	Helix	(Pr	=	0.27	
	|						
	Stability_and_conformational_flexibility	(Pr	=	0.18)	|		
	|---->Altered	Conformational_flexibility	(Pr	=	0.18)		
	|						
	Special_structural_signatures	(Pr	=	0.14)	|		
	Signal_peptide	(Pr	=	0.00)	|		
	|						
	Transmembrane_protein	(Pr	=	0.14)	|		
	Non-cytoplasmic_loop	(Pr	=	0.14	|		
							
	(Pr	=	0.22)	|			
	(Pr	=	0.22)	|			
	Protein_binding	(Pr	=	0.22)	|		
	Disordered_interface	(Pr	=	0.10)	|		
	|						
	Ordered_interface	(Pr	=	0.22)	|		
							
	(Pr	=	0.13)<---------------------------------------------------------|				
							
	(Pr	=	0.14)				
	=	0.26	|	P	=		
	(Pr	=	0.26)				
	(ELME000020|ELME000120|ELME000182|PS00005)						
	(Pr	=	0.26)-------------------------------------------------------|				
	Secondary_structure	(Pr	=	0.26)	|		
	|						
	Stability_and_conformational_flexibility	(Pr	=	0.22)	|		
	|---->Altered	Conformational_flexibility	(Pr	=	0.22)		
	|						
	Special_structural_signatures	(Pr	=	0.03)	|		
	Signal_peptide	(Pr	=	0.00)	|		
	|						
	Transmembrane_protein	(Pr	=	0.03)	|		
							
	(Pr	=	0.26)	|			
	(Pr	=	0.26)	|			
	Protein_binding	(Pr	=	0.26)	|		
	Disordered_interface	(Pr	=	0.08)	|		
	|						
	Ordered_interface	(Pr	=	0.26)	|		
	PPI_hotspot	(Pr	=	0.26	|		
							
	(Pr	=	0.02)<---------------------------------------------------------|				
							
	(Pr	=	0.16)				
	=	0.36	|	P	=		
	(Pr	=	0.36)				
	(ELME000193)						
	(Pr	=	0.26)-------------------------------------------------------|				
	Secondary_structure	(Pr	=	0.26)	|		
	|						
	Stability_and_conformational_flexibility	(Pr	=	0.08)	|		
	|---->Altered	Conformational_flexibility	(Pr	=	0.08)		
	|						
	Special_structural_signatures	(Pr	=	0.08)	|		
	Signal_peptide	(Pr	=	0.00)	|		
	|						
	Transmembrane_protein	(Pr	=	0.08)	|		
							
	(Pr	=	0.36)	|			
	Catalytic_site	at	E330	(Pr	=	0.08	
	(Pr	=	0.36)	|			
	DNA_binding	(Pr	=	0.23	|		
	Protein_binding	(Pr	=	0.36)	|		
	Disordered_interface	(Pr	=	0.08)	|		
	|						
	Ordered_interface	(Pr	=	0.36)	|		
	PPI_hotspot	(Pr	=	0.36	|		
							
	(Pr	=	0.19)<---------------------------------------------------------|				
	of	Manganese_binding	at	E330	(Pr		
							
	(Pr	=	0.04)				
	=	0.33	|	P	=		
	(Pr	=	0.33)				
	(ELME000117|ELME000313)						
	(Pr	=	0.33)-------------------------------------------------------|				
	of	Relative_solvent_accessibility	(Pr	=	0.24		
	Secondary_structure	(Pr	=	0.25)	|		
	|						
	Stability_and_conformational_flexibility	(Pr	=	0.33)	|		
	|---->Altered	Conformational_flexibility	(Pr	=	0.33)		
	|---->Gain	of	Intrinsic_disorder	(Pr	=	0.33	
	|						
	Special_structural_signatures	(Pr	=	0.06)	|		
	Signal_peptide	(Pr	=	0.00)	|		
	|						
	Transmembrane_protein	(Pr	=	0.06)	|		
							
	(Pr	=	0.33)	|			
	(Pr	=	0.33)	|			
	Protein_binding	(Pr	=	0.33)	|		
	Disordered_interface	(Pr	=	0.13)	|		
	|						
	Ordered_interface	(Pr	=	0.33)	|		
	PPI_residue	(Pr	=	0.33	|		
							
	(Pr	=	0.20)<---------------------------------------------------------|				
	of	Nickel_binding	at	D222	(Pr		
							
	(Pr	=	0.03)				
	(Pr	=	0.24	|	P		
	(Pr	=	0.25)				
	(ELME000149|ELME000202|ELME000313|ELME000336)						
	(Pr	=	0.25)-------------------------------------------------------|				
	of	Relative_solvent_accessibility	(Pr	=	0.24		
	Secondary_structure	(Pr	=	0.25)	|		
	|						
	Stability_and_conformational_flexibility	(Pr	=	0.14)	|		
	|---->Altered	Conformational_flexibility	(Pr	=	0.14)		
	|						
	Special_structural_signatures	(Pr	=	0.05)	|		
	Signal_peptide	(Pr	=	0.00)	|		
	|						
	Transmembrane_protein	(Pr	=	0.05)	|		
							
	(Pr	=	0.25)	|			
	(Pr	=	0.25)	|			
	Protein_binding	(Pr	=	0.25)	|		
	Disordered_interface	(Pr	=	0.04)	|		
	|						
	Ordered_interface	(Pr	=	0.25)	|		
							
	(Pr	=	0.07)<---------------------------------------------------------|				
							
	(Pr	=	0.03)				
	kinase	phosphorylation	site;	ELME000249:TRF1	and		
	(Pr	=	0.26)				
	(ELME000065|ELME000249|ELME000313)						
	(Pr	=	0.26)-------------------------------------------------------|				
	Secondary_structure	(Pr	=	0.26)	|		
	|						
	Stability_and_conformational_flexibility	(Pr	=	0.13)	|		
	|---->Altered	Conformational_flexibility	(Pr	=	0.13)		
	|						
	Special_structural_signatures	(Pr	=	0.03)	|		
	Signal_peptide	(Pr	=	0.00)	|		
	|						
	Transmembrane_protein	(Pr	=	0.03)	|		
							
	(Pr	=	0.18)	|			
	(Pr	=	0.18)	|			
	Protein_binding	(Pr	=	0.18)	|		
	Disordered_interface	(Pr	=	0.04)	|		
	|						
	Ordered_interface	(Pr	=	0.18)	|		
							
	(Pr	=	0.06)<---------------------------------------------------------|				
							
	(Pr	=	0.18)				
	at	Y377	(Pr	=	0.27		
	(Pr	=	0.27)				
	(ELME000100|ELME000108|ELME000147|ELME000336)						
	(Pr	=	0.27)-------------------------------------------------------|				
	of	Relative_solvent_accessibility	(Pr	=	0.25		
	Secondary_structure	(Pr	=	0.26)	|		
	|						
	Stability_and_conformational_flexibility	(Pr	=	0.17)	|		
	|---->Altered	Conformational_flexibility	(Pr	=	0.17)		
	|						
	Special_structural_signatures	(Pr	=	0.24)	|		
	Signal_peptide	(Pr	=	0.00)	|		
	|						
	Transmembrane_protein	(Pr	=	0.24)	|		
	Non-cytoplasmic_loop	(Pr	=	0.24	|		
							
	(Pr	=	0.27)	|			
	Allosteric_site	at	Y377	(Pr	=	0.27	
	(Pr	=	0.27)	|			
	Protein_binding	(Pr	=	0.27)	|		
	Disordered_interface	(Pr	=	0.11)	|		
	|						
	Ordered_interface	(Pr	=	0.27)	|		
							
	(Pr	=	0.12)<---------------------------------------------------------|				
	of	Copper_binding	at	Y377	(Pr		
							
	(Pr	=	0.20)				
	Acetylation	at	K371	(Pr	=	0.2	
	ADP-ribosylation	at	T372	(Pr	=	0.2	
	N-linked_glycosylation	at	N376	(Pr	=	0.08	
	=	0.36	|	P	=		
	(Pr	=	0.36)				
	(ELME000182)						
	(Pr	=	0.35)----------------------------------------------------------|				
	of	Relative_solvent_accessibility	(Pr	=	0.35		
	Secondary_structure	(Pr	=	0.27)	|		
	|---->Loss	of	Strand	(Pr	=	0.27	
	|						
	Stability_and_conformational_flexibility	(Pr	=	0.14)	|		
	|---->Altered	Conformational_flexibility	(Pr	=	0.14)		
	|						
	Special_structural_signatures	(Pr	=	0.24)	|		
	Signal_peptide	(Pr	=	0.00)	|		
	|						
	Transmembrane_protein	(Pr	=	0.24)	|		
	Non-cytoplasmic_loop	(Pr	=	0.24	|		
							
	(Pr	=	0.36)	|			
	Allosteric_site	at	Y386	(Pr	=	0.2	
	(Pr	=	0.36)	|			
	Protein_binding	(Pr	=	0.36)	|		
	Disordered_interface	(Pr	=	0.08)	|		
	|						
	Ordered_interface	(Pr	=	0.36)	|		
	PPI_residue	(Pr	=	0.36	|		
	PPI_hotspot	(Pr	=	0.33	|		
							
	(Pr	=	0.17)<------------------------------------------------------------|				
	of	Copper_binding	at	E390	(Pr		
	of	Potassium_binding	at	Q383	(Pr		
							
	(Pr	=	0.13)				
	Sulfation	at	Y387	(Pr	=	0.03	
	=	0.41	|	P	=		
	(Pr	=	0.41)				
	(ELME000052|ELME000182|ELME000202)						
	(Pr	=	0.25)-------------------------------------------------------|				
	Secondary_structure	(Pr	=	0.25)	|		
	|						
	Stability_and_conformational_flexibility	(Pr	=	0.21)	|		
	|---->Altered	Conformational_flexibility	(Pr	=	0.21)		
	|						
	Special_structural_signatures	(Pr	=	0.14)	|		
	Coiled_coil	(Pr	=	0.13	|		
	Signal_peptide	(Pr	=	0.00)	|		
	|						
	Transmembrane_protein	(Pr	=	0.14)	|		
	Non-cytoplasmic_loop	(Pr	=	0.14	|		
							
	(Pr	=	0.41)	|			
	(Pr	=	0.41)	|			
	Protein_binding	(Pr	=	0.41)	|		
	Disordered_interface	(Pr	=	0.14)	|		
	|						
	Ordered_interface	(Pr	=	0.41)	|		
	PPI_residue	(Pr	=	0.41	|		
	PPI_hotspot	(Pr	=	0.26	|		
							
	(Pr	=	0.15)<---------------------------------------------------------|				
							
	(Pr	=	0.17)				
	Sulfation	at	Y417	(Pr	=	0.02	
	=	0.35	|	P	=		
	(Pr	=	0.35)				
	(ELME000052|ELME000182|ELME000202)						
	(Pr	=	0.25)-------------------------------------------------------|				
	Secondary_structure	(Pr	=	0.25)	|		
	|						
	Stability_and_conformational_flexibility	(Pr	=	0.13)	|		
	|---->Altered	Conformational_flexibility	(Pr	=	0.13)		
	|						
	Special_structural_signatures	(Pr	=	0.13)	|		
	Coiled_coil	(Pr	=	0.13	|		
	Signal_peptide	(Pr	=	0.00)	|		
	|						
	Transmembrane_protein	(Pr	=	0.11)	|		
	Non-cytoplasmic_loop	(Pr	=	0.11	|		
							
	(Pr	=	0.35)	|			
	(Pr	=	0.35)	|			
	Protein_binding	(Pr	=	0.35)	|		
	Disordered_interface	(Pr	=	0.15)	|		
	|						
	Ordered_interface	(Pr	=	0.35)	|		
	PPI_residue	(Pr	=	0.35	|		
	PPI_hotspot	(Pr	=	0.26	|		
							
	(Pr	=	0.19)<---------------------------------------------------------|				
							
	(Pr	=	0.17)				
	Sulfation	at	Y417	(Pr	=	0.02	
	=	0.30	|	P	=		
	(Pr	=	0.30)				
	(ELME000106|ELME000149|ELME000333|ELME000336)						
	(Pr	=	0.30)-------------------------------------------------------|				
	Secondary_structure	(Pr	=	0.26)	|		
	|						
	Stability_and_conformational_flexibility	(Pr	=	0.14)	|		
	|---->Altered	Conformational_flexibility	(Pr	=	0.14)		
	|						
	Special_structural_signatures	(Pr	=	0.30)	|		
	Coiled_coil	(Pr	=	0.30	|		
	Signal_peptide	(Pr	=	0.00)	|		
	|						
	Transmembrane_protein	(Pr	=	0.06)	|		
							
	(Pr	=	0.18)	|			
	(Pr	=	0.18)	|			
	Protein_binding	(Pr	=	0.18)	|		
	Disordered_interface	(Pr	=	0.18)	|		
	|						
	Ordered_interface	(Pr	=	0.13)	|		
							
	(Pr	=	0.03)<---------------------------------------------------------|				
							
	(Pr	=	0.13)				
	at	C203	(Pr	=	0.26		
	(Pr	=	0.26)				
	(ELME000336)						
	(Pr	=	0.26)-------------------------------------------------------|				
	of	Relative_solvent_accessibility	(Pr	=	0.24		
	Secondary_structure	(Pr	=	0.25)	|		
	|						
	Stability_and_conformational_flexibility	(Pr	=	0.11)	|		
	|---->Altered	Conformational_flexibility	(Pr	=	0.11)		
	|						
	Special_structural_signatures	(Pr	=	0.08)	|		
	Signal_peptide	(Pr	=	0.00)	|		
	|						
	Transmembrane_protein	(Pr	=	0.08)	|		
							
	(Pr	=	0.26)	|			
	(Pr	=	0.20)	|			
	Protein_binding	(Pr	=	0.20)	|		
	Disordered_interface	(Pr	=	0.11)	|		
	|						
	Ordered_interface	(Pr	=	0.20)	|		
							
	(Pr	=	0.26)<---------------------------------------------------------|				
	of	Nickel_binding	at	H201	(Pr		
	of	Zinc_binding	at	C203	(Pr		
							
	(Pr	=	0.12)				
	=	0.36	|	P	=		
	(Pr	=	0.36)				
	(ELME000202)						
	(Pr	=	0.27)-------------------------------------------------------|				
	Secondary_structure	(Pr	=	0.27)	|		
	|---->Gain	of	Loop	(Pr	=	0.27	
	|						
	Stability_and_conformational_flexibility	(Pr	=	0.13)	|		
	|---->Altered	Conformational_flexibility	(Pr	=	0.13)		
	|						
	Special_structural_signatures	(Pr	=	0.15)	|		
	Signal_peptide	(Pr	=	0.00)	|		
	|						
	Transmembrane_protein	(Pr	=	0.15)	|		
	Non-cytoplasmic_loop	(Pr	=	0.15	|		
							
	(Pr	=	0.36)	|			
	(Pr	=	0.36)	|			
	Protein_binding	(Pr	=	0.36)	|		
	Disordered_interface	(Pr	=	0.23)	|		
	|						
	Ordered_interface	(Pr	=	0.36)	|		
	PPI_residue	(Pr	=	0.36	|		
	PPI_hotspot	(Pr	=	0.30	|		
							
	(Pr	=	0.11)<---------------------------------------------------------|				
							
	(Pr	=	0.15)				
	Sulfation	at	Y417	(Pr	=	0.02	
	(Pr	=	0.25	|	P		
	(Pr	=	0.26)				
	(ELME000047|ELME000233|ELME000333|PS00008)						
	(Pr	=	0.26)-------------------------------------------------------|				
	of	Relative_solvent_accessibility	(Pr	=	0.25		
	Secondary_structure	(Pr	=	0.26)	|		
	|						
	Stability_and_conformational_flexibility	(Pr	=	0.20)	|		
	|---->Altered	Conformational_flexibility	(Pr	=	0.20)		
	|						
	Special_structural_signatures	(Pr	=	0.13)	|		
	Signal_peptide	(Pr	=	0.00)	|		
	|						
	Transmembrane_protein	(Pr	=	0.13)	|		
	Non-cytoplasmic_loop	(Pr	=	0.13	|		
							
	(Pr	=	0.17)	|			
	(Pr	=	0.16)	|			
	Protein_binding	(Pr	=	0.16)	|		
	Disordered_interface	(Pr	=	0.10)	|		
	|						
	Ordered_interface	(Pr	=	0.16)	|		
							
	(Pr	=	0.13)<---------------------------------------------------------|				
							
	(Pr	=	0.17)				
	=	0.46	|	P	=		
	(Pr	=	0.46)				
	(ELME000012)						
	(Pr	=	0.37)-------------------------------------------------------|				
	of	Relative_solvent_accessibility	(Pr	=	0.27		
	Secondary_structure	(Pr	=	0.26)	|		
	|						
	Stability_and_conformational_flexibility	(Pr	=	0.20)	|		
	|---->Altered	Conformational_flexibility	(Pr	=	0.20)		
	|						
	Special_structural_signatures	(Pr	=	0.07)	|		
	Signal_peptide	(Pr	=	0.00)	|		
	|						
	Transmembrane_protein	(Pr	=	0.07)	|		
							
	(Pr	=	0.46)	|			
	Allosteric_site	at	Y154	(Pr	=	0.37	
	(Pr	=	0.46)	|			
	DNA_binding	(Pr	=	0.26	|		
	Protein_binding	(Pr	=	0.46)	|		
	Disordered_interface	(Pr	=	0.46)	|		
	|---->Altered	MoRF	(Pr	=	0.46		
	|						
	Ordered_interface	(Pr	=	0.32)	|		
	PPI_residue	(Pr	=	0.32	|		
	PPI_hotspot	(Pr	=	0.24	|		
							
	(Pr	=	0.20)<---------------------------------------------------------|				
	of	Sodium_binding	at	D151	(Pr		
							
	(Pr	=	0.27)				
	Acetylation	at	K150	(Pr	=	0.27	
	Methylation	at	K159	(Pr	=	0.11	
	(Pr	=	0.27	|	P		
	(Pr	=	0.27)				
	(ELME000202)						
	(Pr	=	0.27)-------------------------------------------------------|				
	Secondary_structure	(Pr	=	0.27)	|		
	|---->Gain	of	Helix	(Pr	=	0.27	
	|						
	Stability_and_conformational_flexibility	(Pr	=	0.15)	|		
	|---->Altered	Conformational_flexibility	(Pr	=	0.15)		
	|						
	Special_structural_signatures	(Pr	=	0.07)	|		
	Signal_peptide	(Pr	=	0.00)	|		
	|						
	Transmembrane_protein	(Pr	=	0.07)	|		
							
	(Pr	=	0.15)	|			
	(Pr	=	0.15)	|			
	Protein_binding	(Pr	=	0.15)	|		
	Disordered_interface	(Pr	=	0.07)	|		
	|						
	Ordered_interface	(Pr	=	0.15)	|		
							
	(Pr	=	0.05)<---------------------------------------------------------|				
							
	(Pr	=	0.15)				
	Pyrrolidone_carboxylic_acid	at	Q301	(Pr	=	0.08	
	(Pr	=	0.30	|	P		
	(Pr	=	0.30)				
	(None)						
	(Pr	=	0.30)-------------------------------------------------------|				
	of	Relative_solvent_accessibility	(Pr	=	0.30		
	Secondary_structure	(Pr	=	0.27)	|		
	|---->Gain	of	Helix	(Pr	=	0.27	
	|						
	Stability_and_conformational_flexibility	(Pr	=	0.26)	|		
	|---->Altered	Conformational_flexibility	(Pr	=	0.26)		
	|						
	Special_structural_signatures	(Pr	=	0.12)	|		
	Signal_peptide	(Pr	=	0.00)	|		
	|						
	Transmembrane_protein	(Pr	=	0.12)	|		
	Non-cytoplasmic_loop	(Pr	=	0.12	|		
							
	(Pr	=	0.24)	|			
	Allosteric_site	at	W187	(Pr	=	0.24	
	(Pr	=	0.21)	|			
	Protein_binding	(Pr	=	0.21)	|		
	Disordered_interface	(Pr	=	0.12)	|		
	|						
	Ordered_interface	(Pr	=	0.21)	|		
							
	(Pr	=	0.09)<---------------------------------------------------------|				
							
	(Pr	=	0.18)				
	proteins	re-exported	from	the	nucleus		
	(Pr	=	0.25)				
	(ELME000193|ELME000235|PS00367)						
	(Pr	=	0.25)-------------------------------------------------------|				
	Secondary_structure	(Pr	=	0.25)	|		
	|						
	Stability_and_conformational_flexibility	(Pr	=	0.14)	|		
	|---->Altered	Conformational_flexibility	(Pr	=	0.14)		
	|						
	Special_structural_signatures	(Pr	=	0.03)	|		
	Signal_peptide	(Pr	=	0.00)	|		
	|						
	Transmembrane_protein	(Pr	=	0.03)	|		
							
	(Pr	=	0.17)	|			
	(Pr	=	0.13)	|			
	Protein_binding	(Pr	=	0.13)	|		
	Disordered_interface	(Pr	=	0.05)	|		
	|						
	Ordered_interface	(Pr	=	0.13)	|		
							
	(Pr	=	0.12)<---------------------------------------------------------|				
							
	(Pr	=	0.02)				
	(Pr	=	0.34	|	P		
	(Pr	=	0.34)				
	(ELME000047|ELME000106|ELME000145|ELME000173|ELME000233|ELME000333)						
	(Pr	=	0.34)----------------------------------------------------------|				
	of	Relative_solvent_accessibility	(Pr	=	0.34		
	Secondary_structure	(Pr	=	0.23)	|		
	|						
	Stability_and_conformational_flexibility	(Pr	=	0.22)	|		
	|---->Altered	Conformational_flexibility	(Pr	=	0.22)		
	|						
	Special_structural_signatures	(Pr	=	0.13)	|		
	Signal_peptide	(Pr	=	0.00)	|		
	|						
	Transmembrane_protein	(Pr	=	0.13)	|		
	Non-cytoplasmic_loop	(Pr	=	0.13	|		
							
	(Pr	=	0.16)	|			
	(Pr	=	0.16)	|			
	Protein_binding	(Pr	=	0.16)	|		
	Disordered_interface	(Pr	=	0.11)	|		
	|						
	Ordered_interface	(Pr	=	0.16)	|		
							
	(Pr	=	0.13)<------------------------------------------------------------|				
							
	(Pr	=	0.14)				
	motif	which	is	phosphorylated	by		
	(Pr	=	0.23)				
	(ELME000202|ELME000336)						
	(Pr	=	0.23)-------------------------------------------------------|				
	Secondary_structure	(Pr	=	0.23)	|		
	|						
	Stability_and_conformational_flexibility	(Pr	=	0.09)	|		
	|---->Altered	Conformational_flexibility	(Pr	=	0.09)		
	|						
	Special_structural_signatures	(Pr	=	0.06)	|		
	Signal_peptide	(Pr	=	0.00)	|		
	|						
	Transmembrane_protein	(Pr	=	0.06)	|		
							
	(Pr	=	0.21)	|			
	(Pr	=	0.21)	|			
	Protein_binding	(Pr	=	0.21)	|		
	Disordered_interface	(Pr	=	0.13)	|		
	|						
	Ordered_interface	(Pr	=	0.21)	|		
							
	(Pr	=	0.11)<---------------------------------------------------------|				
							
	(Pr	=	0.08)				
	at	H285	(Pr	=	0.19		
	(Pr	=	0.25)				
	(ELME000193|PS00367)						
	(Pr	=	0.25)-------------------------------------------------------|				
	Secondary_structure	(Pr	=	0.25)	|		
	|						
	Stability_and_conformational_flexibility	(Pr	=	0.21)	|		
	|---->Altered	Conformational_flexibility	(Pr	=	0.21)		
	|						
	Special_structural_signatures	(Pr	=	0.03)	|		
	Signal_peptide	(Pr	=	0.00)	|		
	|						
	Transmembrane_protein	(Pr	=	0.03)	|		
							
	(Pr	=	0.19)	|			
	Allosteric_site	at	H285	(Pr	=	0.19	
	(Pr	=	0.15)	|			
	Protein_binding	(Pr	=	0.15)	|		
	Disordered_interface	(Pr	=	0.09)	|		
	|						
	Ordered_interface	(Pr	=	0.15)	|		
							
	(Pr	=	0.14)<---------------------------------------------------------|				
							
	(Pr	=	0.04)				
	(Pr	=	0.24	|	P		
	(Pr	=	0.26)				
	(ELME000202|ELME000313)						
	(Pr	=	0.24)-------------------------------------------------------|				
	of	Relative_solvent_accessibility	(Pr	=	0.24		
	Secondary_structure	(Pr	=	0.24)	|		
	|						
	Stability_and_conformational_flexibility	(Pr	=	0.16)	|		
	|---->Altered	Conformational_flexibility	(Pr	=	0.16)		
	|						
	Special_structural_signatures	(Pr	=	0.05)	|		
	Signal_peptide	(Pr	=	0.00)	|		
	|						
	Transmembrane_protein	(Pr	=	0.05)	|		
							
	(Pr	=	0.26)	|			
	(Pr	=	0.26)	|			
	Protein_binding	(Pr	=	0.26)	|		
	Disordered_interface	(Pr	=	0.15)	|		
	|						
	Ordered_interface	(Pr	=	0.26)	|		
							
	(Pr	=	0.10)<---------------------------------------------------------|				
							
	(Pr	=	0.03)				
	=	0.33	|	P	=		
	(Pr	=	0.33)				
	(ELME000313)						
	(Pr	=	0.25)-------------------------------------------------------|				
	of	Relative_solvent_accessibility	(Pr	=	0.23		
	Secondary_structure	(Pr	=	0.25)	|		
	|						
	Stability_and_conformational_flexibility	(Pr	=	0.15)	|		
	|---->Altered	Conformational_flexibility	(Pr	=	0.15)		
	|						
	Special_structural_signatures	(Pr	=	0.05)	|		
	Signal_peptide	(Pr	=	0.00)	|		
	|						
	Transmembrane_protein	(Pr	=	0.05)	|		
							
	(Pr	=	0.33)	|			
	(Pr	=	0.33)	|			
	Protein_binding	(Pr	=	0.33)	|		
	Disordered_interface	(Pr	=	0.13)	|		
	|						
	Ordered_interface	(Pr	=	0.33)	|		
	PPI_residue	(Pr	=	0.33	|		
							
	(Pr	=	0.20)<---------------------------------------------------------|				
	of	Nickel_binding	at	D222	(Pr		
							
	(Pr	=	0.03)				
	=	0.36	|	P	=		
	(Pr	=	0.36)				
	(PS00007)						
	(Pr	=	0.34)----------------------------------------------------------|				
	of	Relative_solvent_accessibility	(Pr	=	0.34		
	Secondary_structure	(Pr	=	0.26)	|		
	|						
	Stability_and_conformational_flexibility	(Pr	=	0.15)	|		
	|---->Altered	Conformational_flexibility	(Pr	=	0.15)		
	|						
	Special_structural_signatures	(Pr	=	0.09)	|		
	Signal_peptide	(Pr	=	0.00)	|		
	|						
	Transmembrane_protein	(Pr	=	0.09)	|		
							
	(Pr	=	0.36)	|			
	Allosteric_site	at	Y168	(Pr	=	0.27	
	(Pr	=	0.36)	|			
	DNA_binding	(Pr	=	0.22	|		
	Protein_binding	(Pr	=	0.36)	|		
	Disordered_interface	(Pr	=	0.36)	|		
	|---->Altered	MoRF	(Pr	=	0.36		
	|						
	Ordered_interface	(Pr	=	0.35)	|		
	PPI_residue	(Pr	=	0.35	|		
							
	(Pr	=	0.20)<------------------------------------------------------------|				
	of	Copper_binding	at	H170	(Pr		
	of	Manganese_binding	at	H170	(Pr		
	of	Nickel_binding	at	H170	(Pr		
	of	Potassium_binding	at	Y168	(Pr		
	of	Sodium_binding	at	Y168	(Pr		
							
	(Pr	=	0.19)				
	(Pr	=	0.28	|	P		
	(Pr	=	0.30)				
	(ELME000053|ELME000080|ELME000233)						
	(Pr	=	0.30)-------------------------------------------------------|				
	of	Relative_solvent_accessibility	(Pr	=	0.28		
	Secondary_structure	(Pr	=	0.27)	|		
	|---->Gain	of	Helix	(Pr	=	0.27	
	|						
	Stability_and_conformational_flexibility	(Pr	=	0.30)	|		
	|---->Altered	Conformational_flexibility	(Pr	=	0.30)		
	|						
	Special_structural_signatures	(Pr	=	0.12)	|		
	Signal_peptide	(Pr	=	0.00)	|		
	|						
	Transmembrane_protein	(Pr	=	0.12)	|		
	Non-cytoplasmic_loop	(Pr	=	0.12	|		
							
	(Pr	=	0.23)	|			
	Allosteric_site	at	W187	(Pr	=	0.23	
	(Pr	=	0.23)	|			
	Protein_binding	(Pr	=	0.23)	|		
	Disordered_interface	(Pr	=	0.10)	|		
	|						
	Ordered_interface	(Pr	=	0.23)	|		
							
	(Pr	=	0.10)<---------------------------------------------------------|				
							
	(Pr	=	0.20)				
	Acetylation	at	K192	(Pr	=	0.2	
	(Pr	=	0.28	|	P		
	(Pr	=	0.28)				
	(ELME000047|ELME000106|ELME000145|ELME000146|ELME000233|ELME000333)						
	(Pr	=	0.28)-------------------------------------------------------|				
	of	Relative_solvent_accessibility	(Pr	=	0.28		
	Secondary_structure	(Pr	=	0.25)	|		
	|						
	Stability_and_conformational_flexibility	(Pr	=	0.22)	|		
	|---->Altered	Conformational_flexibility	(Pr	=	0.22)		
	|						
	Special_structural_signatures	(Pr	=	0.12)	|		
	Signal_peptide	(Pr	=	0.00)	|		
	|						
	Transmembrane_protein	(Pr	=	0.12)	|		
	Non-cytoplasmic_loop	(Pr	=	0.12	|		
							
	(Pr	=	0.16)	|			
	(Pr	=	0.16)	|			
	Protein_binding	(Pr	=	0.16)	|		
	Disordered_interface	(Pr	=	0.11)	|		
	|						
	Ordered_interface	(Pr	=	0.16)	|		
							
	(Pr	=	0.12)<---------------------------------------------------------|				
							
	(Pr	=	0.14)				
	=	0.28	|	P	=		
	(Pr	=	0.28)				
	(ELME000053|ELME000197)						
	(Pr	=	0.25)-------------------------------------------------------|				
	Secondary_structure	(Pr	=	0.25)	|		
	|						
	Stability_and_conformational_flexibility	(Pr	=	0.20)	|		
	|---->Altered	Conformational_flexibility	(Pr	=	0.20)		
	|						
	Special_structural_signatures	(Pr	=	0.07)	|		
	Signal_peptide	(Pr	=	0.00)	|		
	|						
	Transmembrane_protein	(Pr	=	0.07)	|		
							
	(Pr	=	0.28)	|			
	(Pr	=	0.28)	|			
	Protein_binding	(Pr	=	0.28)	|		
	Disordered_interface	(Pr	=	0.07)	|		
	|						
	Ordered_interface	(Pr	=	0.28)	|		
	PPI_residue	(Pr	=	0.28	|		
							
	(Pr	=	0.15)<---------------------------------------------------------|				
							
	(Pr	=	0.04)				
	GPI-anchor_amidation	at	N32	(Pr	=	0.01	
	Pyrrolidone_carboxylic_acid	at	Q31	(Pr	=	0.04	
	=	0.28	|	P	=		
	(Pr	=	0.28)				
	(ELME000052|ELME000202)						
	(Pr	=	0.27)-------------------------------------------------------|				
	Secondary_structure	(Pr	=	0.27)	|		
	|---->Gain	of	Strand	(Pr	=	0.27	
	|						
	Stability_and_conformational_flexibility	(Pr	=	0.13)	|		
	|---->Altered	Conformational_flexibility	(Pr	=	0.13)		
	|						
	Special_structural_signatures	(Pr	=	0.16)	|		
	Coiled_coil	(Pr	=	0.16	|		
	Signal_peptide	(Pr	=	0.00)	|		
	|						
	Transmembrane_protein	(Pr	=	0.15)	|		
	Non-cytoplasmic_loop	(Pr	=	0.15	|		
							
	(Pr	=	0.28)	|			
	(Pr	=	0.28)	|			
	Protein_binding	(Pr	=	0.28)	|		
	Disordered_interface	(Pr	=	0.17)	|		
	|						
	Ordered_interface	(Pr	=	0.28)	|		
	PPI_residue	(Pr	=	0.28	|		
	PPI_hotspot	(Pr	=	0.25	|		
							
	(Pr	=	0.12)<---------------------------------------------------------|				
							
	(Pr	=	0.15)				
	Sulfation	at	Y417	(Pr	=	0.02	
	=	0.31	|	P	=		
	(Pr	=	0.31)				
	(ELME000065|PS00005)						
	(Pr	=	0.26)-------------------------------------------------------|				
	of	Relative_solvent_accessibility	(Pr	=	0.25		
	Secondary_structure	(Pr	=	0.26)	|		
	|---->Gain	of	Loop	(Pr	=	0.26	
	|						
	Stability_and_conformational_flexibility	(Pr	=	0.18)	|		
	|---->Altered	Stability	(Pr	=	0.18		
	|---->Altered	Conformational_flexibility	(Pr	=	0.14)		
	|						
	Special_structural_signatures	(Pr	=	0.25)	|		
	Signal_peptide	(Pr	=	0.00)	|		
	|						
	Transmembrane_protein	(Pr	=	0.25)	|		
	Non-cytoplasmic_loop	(Pr	=	0.25	|		
							
	(Pr	=	0.31)	|			
	(Pr	=	0.31)	|			
	DNA_binding	(Pr	=	0.22	|		
	Protein_binding	(Pr	=	0.31)	|		
	Disordered_interface	(Pr	=	0.19)	|		
	|						
	Ordered_interface	(Pr	=	0.31)	|		
	PPI_residue	(Pr	=	0.31	|		
	PPI_hotspot	(Pr	=	0.26	|		
							
	(Pr	=	0.13)<---------------------------------------------------------|				
							
	(Pr	=	0.15)				
	Sulfation	at	Y417	(Pr	=	0.02	
	=	0.25	|	P	=		
	(Pr	=	0.25)				
	(ELME000146|ELME000193)						
	(Pr	=	0.25)-------------------------------------------------------|				
	Secondary_structure	(Pr	=	0.25)	|		
	|						
	Stability_and_conformational_flexibility	(Pr	=	0.11)	|		
	|---->Altered	Conformational_flexibility	(Pr	=	0.11)		
	|						
	Special_structural_signatures	(Pr	=	0.05)	|		
	Signal_peptide	(Pr	=	0.00)	|		
	|						
	Transmembrane_protein	(Pr	=	0.05)	|		
							
	(Pr	=	0.25)	|			
	(Pr	=	0.25)	|			
	Protein_binding	(Pr	=	0.25)	|		
	Disordered_interface	(Pr	=	0.08)	|		
	|						
	Ordered_interface	(Pr	=	0.25)	|		
	PPI_hotspot	(Pr	=	0.25	|		
							
	(Pr	=	0.02)<---------------------------------------------------------|				
							
	(Pr	=	0.06)				
	=	0.30	|	P	=		
	(Pr	=	0.30)				
	(None)						
	(Pr	=	0.28)-------------------------------------------------------|				
	of	Relative_solvent_accessibility	(Pr	=	0.28		
	Secondary_structure	(Pr	=	0.24)	|		
	|						
	Stability_and_conformational_flexibility	(Pr	=	0.24)	|		
	|---->Altered	Conformational_flexibility	(Pr	=	0.24)		
	|						
	Special_structural_signatures	(Pr	=	0.25)	|		
	Signal_peptide	(Pr	=	0.00)	|		
	|						
	Transmembrane_protein	(Pr	=	0.25)	|		
	Non-cytoplasmic_loop	(Pr	=	0.25	|		
							
	(Pr	=	0.30)	|			
	Allosteric_site	at	F402	(Pr	=	0.22	
	(Pr	=	0.30)	|			
	DNA_binding	(Pr	=	0.22	|		
	Protein_binding	(Pr	=	0.30)	|		
	Disordered_interface	(Pr	=	0.14)	|		
	|						
	Ordered_interface	(Pr	=	0.30)	|		
	PPI_residue	(Pr	=	0.30	|		
							
	(Pr	=	0.07)<---------------------------------------------------------|				
							
	(Pr	=	0.17)				
	Methylation	at	K398	(Pr	=	0.09	
	=	0.28	|	P	=		
	(Pr	=	0.28)				
	(ELME000064|ELME000155|ELME000220|ELME000336)						
	(Pr	=	0.28)-------------------------------------------------------|				
	Secondary_structure	(Pr	=	0.24)	|		
	|						
	Stability_and_conformational_flexibility	(Pr	=	0.17)	|		
	|---->Altered	Conformational_flexibility	(Pr	=	0.17)		
	|						
	Special_structural_signatures	(Pr	=	0.11)	|		
	Signal_peptide	(Pr	=	0.00)	|		
	|						
	Transmembrane_protein	(Pr	=	0.11)	|		
	Non-cytoplasmic_loop	(Pr	=	0.11	|		
							
	(Pr	=	0.28)	|			
	Allosteric_site	at	W120	(Pr	=	0.28	
	(Pr	=	0.28)	|			
	DNA_binding	(Pr	=	0.24	|		
	Protein_binding	(Pr	=	0.28)	|		
	Disordered_interface	(Pr	=	0.27)	|		
	|---->Altered	MoRF	(Pr	=	0.27		
	|						
	Ordered_interface	(Pr	=	0.28)	|		
	PPI_residue	(Pr	=	0.28	|		
							
	(Pr	=	0.10)<---------------------------------------------------------|				
							
	(Pr	=	0.09)				
	at	E76	(Pr	=	0.25		
	(Pr	=	0.27)				
	(None)						
	(Pr	=	0.27)-------------------------------------------------------|				
	Secondary_structure	(Pr	=	0.25)	|		
	|						
	Stability_and_conformational_flexibility	(Pr	=	0.27)	|		
	|---->Altered	Conformational_flexibility	(Pr	=	0.27)		
	|						
	Special_structural_signatures	(Pr	=	0.03)	|		
	Signal_peptide	(Pr	=	0.00)	|		
	|						
	Transmembrane_protein	(Pr	=	0.03)	|		
							
	(Pr	=	0.25)	|			
	(Pr	=	0.19)	|			
	Protein_binding	(Pr	=	0.19)	|		
	Disordered_interface	(Pr	=	0.19)	|		
	|						
	Ordered_interface	(Pr	=	0.10)	|		
							
	(Pr	=	0.25)<---------------------------------------------------------|				
	of	Nickel_binding	at	E76	(Pr		
							
	(Pr	=	0.25)				
	Phosphorylation	at	Y77	(Pr	=	0.25	
	Sulfation	at	Y77	(Pr	=	0.02	
	SUMOylation	at	K74	(Pr	=	0.2	
	(Pr	=	0.36	|	P		
	(Pr	=	0.36)				
	(ELME000062|ELME000063|ELME000197)						
	(Pr	=	0.36)-------------------------------------------------------|				
	Secondary_structure	(Pr	=	0.26)	|		
	|---->Gain	of	Strand	(Pr	=	0.26	
	|						
	Stability_and_conformational_flexibility	(Pr	=	0.36)	|		
	|---->Altered	Conformational_flexibility	(Pr	=	0.36)		
	|---->Loss	of	Intrinsic_disorder	(Pr	=	0.36	
	|						
	Special_structural_signatures	(Pr	=	0.05)	|		
	Signal_peptide	(Pr	=	0.00)	|		
	|						
	Transmembrane_protein	(Pr	=	0.05)	|		
							
	(Pr	=	0.20)	|			
	(Pr	=	0.14)	|			
	Protein_binding	(Pr	=	0.14)	|		
	Disordered_interface	(Pr	=	0.11)	|		
	|						
	Ordered_interface	(Pr	=	0.14)	|		
							
	(Pr	=	0.03)<---------------------------------------------------------|				
							
	(Pr	=	0.20)				
	SUMOylation	at	K74	(Pr	=	0.2	
	=	0.28	|	P	=		
	(Pr	=	0.28)				
	(ELME000336)						
	(Pr	=	0.24)-------------------------------------------------------|				
	of	Relative_solvent_accessibility	(Pr	=	0.24		
	Secondary_structure	(Pr	=	0.24)	|		
	|						
	Stability_and_conformational_flexibility	(Pr	=	0.19)	|		
	|---->Altered	Conformational_flexibility	(Pr	=	0.19)		
	|						
	Special_structural_signatures	(Pr	=	0.21)	|		
	Signal_peptide	(Pr	=	0.00)	|		
	|						
	Transmembrane_protein	(Pr	=	0.21)	|		
	Non-cytoplasmic_loop	(Pr	=	0.21	|		
							
	(Pr	=	0.28)	|			
	Allosteric_site	at	F402	(Pr	=	0.22	
	(Pr	=	0.28)	|			
	DNA_binding	(Pr	=	0.18	|		
	Protein_binding	(Pr	=	0.28)	|		
	Disordered_interface	(Pr	=	0.14)	|		
	|						
	Ordered_interface	(Pr	=	0.28)	|		
	PPI_residue	(Pr	=	0.28	|		
							
	(Pr	=	0.06)<---------------------------------------------------------|				
							
	(Pr	=	0.16)				
	Methylation	at	K398	(Pr	=	0.09	
	=	0.29	|	P	=		
	(Pr	=	0.29)				
	(ELME000336)						
	(Pr	=	0.28)-------------------------------------------------------|				
	of	Relative_solvent_accessibility	(Pr	=	0.28		
	Secondary_structure	(Pr	=	0.25)	|		
	|						
	Stability_and_conformational_flexibility	(Pr	=	0.19)	|		
	|---->Altered	Conformational_flexibility	(Pr	=	0.19)		
	|						
	Special_structural_signatures	(Pr	=	0.20)	|		
	Signal_peptide	(Pr	=	0.00)	|		
	|						
	Transmembrane_protein	(Pr	=	0.20)	|		
	Non-cytoplasmic_loop	(Pr	=	0.20	|		
							
	(Pr	=	0.29)	|			
	Allosteric_site	at	F402	(Pr	=	0.22	
	(Pr	=	0.29)	|			
	DNA_binding	(Pr	=	0.18	|		
	Protein_binding	(Pr	=	0.29)	|		
	Disordered_interface	(Pr	=	0.15)	|		
	|						
	Ordered_interface	(Pr	=	0.29)	|		
	PPI_residue	(Pr	=	0.29	|		
	PPI_hotspot	(Pr	=	0.23	|		
							
	(Pr	=	0.06)<---------------------------------------------------------|				
							
	(Pr	=	0.16)				
							
	(Pr	=	0.26)				
	(None)						
	(Pr	=	0.26)-------------------------------------------------------|				
	Secondary_structure	(Pr	=	0.26)	|		
	|						
	Stability_and_conformational_flexibility	(Pr	=	0.17)	|		
	|---->Altered	Conformational_flexibility	(Pr	=	0.17)		
	|						
	Special_structural_signatures	(Pr	=	0.03)	|		
	Signal_peptide	(Pr	=	0.00)	|		
	|						
	Transmembrane_protein	(Pr	=	0.03)	|		
							
	(Pr	=	0.14)	|			
	(Pr	=	0.14)	|			
	Protein_binding	(Pr	=	0.14)	|		
	Disordered_interface	(Pr	=	0.08)	|		
	|						
	Ordered_interface	(Pr	=	0.14)	|		
							
	(Pr	=	0.05)<---------------------------------------------------------|				
							
	(Pr	=	0.13)				
	(Pr	=	0.31	|	P		
	(Pr	=	0.31)				
	(None)						
	(Pr	=	0.31)----------------------------------------------------------|				
	of	Relative_solvent_accessibility	(Pr	=	0.31		
	Secondary_structure	(Pr	=	0.21)	|		
	|						
	Stability_and_conformational_flexibility	(Pr	=	0.21)	|		
	|---->Altered	Conformational_flexibility	(Pr	=	0.21)		
	|						
	Special_structural_signatures	(Pr	=	0.10)	|		
	Signal_peptide	(Pr	=	0.00)	|		
	|						
	Transmembrane_protein	(Pr	=	0.10)	|		
							
	(Pr	=	0.26)	|			
	(Pr	=	0.26)	|			
	Protein_binding	(Pr	=	0.26)	|		
	Disordered_interface	(Pr	=	0.06)	|		
	|						
	Ordered_interface	(Pr	=	0.26)	|		
							
	(Pr	=	0.08)<------------------------------------------------------------|				
							
	(Pr	=	0.18)				
	(Pr	=	0.27	|	P		
	(Pr	=	0.27)				
	(None)						
	(Pr	=	0.27)-------------------------------------------------------|				
	of	Relative_solvent_accessibility	(Pr	=	0.27		
	Secondary_structure	(Pr	=	0.26)	|		
	|						
	Stability_and_conformational_flexibility	(Pr	=	0.17)	|		
	|---->Altered	Conformational_flexibility	(Pr	=	0.17)		
	|						
	Special_structural_signatures	(Pr	=	0.10)	|		
	Signal_peptide	(Pr	=	0.00)	|		
	|						
	Transmembrane_protein	(Pr	=	0.10)	|		
	Non-cytoplasmic_loop	(Pr	=	0.10	|		
							
	(Pr	=	0.26)	|			
	Allosteric_site	at	Y168	(Pr	=	0.24	
	(Pr	=	0.26)	|			
	DNA_binding	(Pr	=	0.21	|		
	Protein_binding	(Pr	=	0.26)	|		
	Disordered_interface	(Pr	=	0.25)	|		
	|						
	Ordered_interface	(Pr	=	0.26)	|		
							
	(Pr	=	0.24)<---------------------------------------------------------|				
	of	Copper_binding	at	H170	(Pr		
	of	Manganese_binding	at	H170	(Pr		
	of	Nickel_binding	at	H170	(Pr		
	of	Potassium_binding	at	Y168	(Pr		
	of	Sodium_binding	at	Q172	(Pr		
	of	Zinc_binding	at	H170	(Pr		
							
	(Pr	=	0.21)				
	=	0.32	|	P	=		
	(Pr	=	0.32)				
	(ELME000065|PS00005)						
	(Pr	=	0.26)-------------------------------------------------------|				
	of	Relative_solvent_accessibility	(Pr	=	0.26		
	Secondary_structure	(Pr	=	0.25)	|		
	|						
	Stability_and_conformational_flexibility	(Pr	=	0.13)	|		
	|---->Altered	Stability	(Pr	=	0.13		
	|---->Altered	Conformational_flexibility	(Pr	=	0.13)		
	|						
	Special_structural_signatures	(Pr	=	0.25)	|		
	Signal_peptide	(Pr	=	0.00)	|		
	|						
	Transmembrane_protein	(Pr	=	0.25)	|		
	Non-cytoplasmic_loop	(Pr	=	0.25	|		
							
	(Pr	=	0.32)	|			
	(Pr	=	0.32)	|			
	DNA_binding	(Pr	=	0.23	|		
	Protein_binding	(Pr	=	0.32)	|		
	Disordered_interface	(Pr	=	0.18)	|		
	|						
	Ordered_interface	(Pr	=	0.32)	|		
	PPI_residue	(Pr	=	0.32	|		
	PPI_hotspot	(Pr	=	0.26	|		
							
	(Pr	=	0.26)<---------------------------------------------------------|				
	of	Nickel_binding	at	D415	(Pr		
							
	(Pr	=	0.15)				
	Sulfation	at	Y417	(Pr	=	0.02	
	=	0.27	|	P	=		
	(Pr	=	0.27)				
	(ELME000052|ELME000182|ELME000202|PS00005)						
	(Pr	=	0.25)-------------------------------------------------------|				
	Secondary_structure	(Pr	=	0.25)	|		
	|						
	Stability_and_conformational_flexibility	(Pr	=	0.13)	|		
	|---->Altered	Conformational_flexibility	(Pr	=	0.13)		
	|						
	Special_structural_signatures	(Pr	=	0.15)	|		
	Coiled_coil	(Pr	=	0.15	|		
	Signal_peptide	(Pr	=	0.00)	|		
	|						
	Transmembrane_protein	(Pr	=	0.11)	|		
	Non-cytoplasmic_loop	(Pr	=	0.11	|		
							
	(Pr	=	0.27)	|			
	(Pr	=	0.27)	|			
	Protein_binding	(Pr	=	0.27)	|		
	Disordered_interface	(Pr	=	0.20)	|		
	|						
	Ordered_interface	(Pr	=	0.27)	|		
	PPI_residue	(Pr	=	0.27	|		
	PPI_hotspot	(Pr	=	0.25	|		
							
	(Pr	=	0.14)<---------------------------------------------------------|				
							
	(Pr	=	0.15)				
	Sulfation	at	Y417	(Pr	=	0.02	
	(Pr	=	0.27	|	P		
	(Pr	=	0.27)				
	(ELME000065)						
	(Pr	=	0.27)-------------------------------------------------------|				
	of	Relative_solvent_accessibility	(Pr	=	0.27		
	Secondary_structure	(Pr	=	0.25)	|		
	|						
	Stability_and_conformational_flexibility	(Pr	=	0.12)	|		
	|---->Altered	Conformational_flexibility	(Pr	=	0.12)		
	|						
	Special_structural_signatures	(Pr	=	0.23)	|		
	Signal_peptide	(Pr	=	0.00)	|		
	|						
	Transmembrane_protein	(Pr	=	0.23)	|		
	Non-cytoplasmic_loop	(Pr	=	0.23	|		
							
	(Pr	=	0.27)	|			
	(Pr	=	0.27)	|			
	DNA_binding	(Pr	=	0.21	|		
	Protein_binding	(Pr	=	0.27)	|		
	Disordered_interface	(Pr	=	0.19)	|		
	|						
	Ordered_interface	(Pr	=	0.27)	|		
	PPI_hotspot	(Pr	=	0.24	|		
							
	(Pr	=	0.12)<---------------------------------------------------------|				
							
	(Pr	=	0.14)				
	(Pr	=	0.36	|	P		
	(Pr	=	0.36)				
	(ELME000064|ELME000070|ELME000182|ELME000220|PS00001)						
	(Pr	=	0.36)----------------------------------------------------------|				
	of	Relative_solvent_accessibility	(Pr	=	0.36		
	Secondary_structure	(Pr	=	0.26)	|		
	|						
	Stability_and_conformational_flexibility	(Pr	=	0.14)	|		
	|---->Altered	Conformational_flexibility	(Pr	=	0.14)		
	|						
	Special_structural_signatures	(Pr	=	0.32)	|		
	Signal_peptide	(Pr	=	0.00)	|		
	|						
	Transmembrane_protein	(Pr	=	0.32)	|		
	Non-cytoplasmic_loop	(Pr	=	0.32	|		
							
	(Pr	=	0.33)	|			
	Allosteric_site	at	Y377	(Pr	=	0.25	
	(Pr	=	0.33)	|			
	Protein_binding	(Pr	=	0.33)	|		
	Disordered_interface	(Pr	=	0.12)	|		
	|						
	Ordered_interface	(Pr	=	0.33)	|		
	PPI_residue	(Pr	=	0.33	|		
							
	(Pr	=	0.26)<------------------------------------------------------------|				
	of	Copper_binding	at	Y377	(Pr		
	of	Nickel_binding	at	Y377	(Pr		
	of	Sodium_binding	at	Y377	(Pr		
							
	(Pr	=	0.09)				
	N-linked_glycosylation	at	N376	(Pr	=	0.09	
	=	0.30	|	P	=		
	(Pr	=	0.30)				
	(ELME000333)						
	(Pr	=	0.25)-------------------------------------------------------|				
	Secondary_structure	(Pr	=	0.25)	|		
	|						
	Stability_and_conformational_flexibility	(Pr	=	0.17)	|		
	|---->Altered	Conformational_flexibility	(Pr	=	0.17)		
	|						
	Special_structural_signatures	(Pr	=	0.05)	|		
	Signal_peptide	(Pr	=	0.00)	|		
	|						
	Transmembrane_protein	(Pr	=	0.05)	|		
							
	(Pr	=	0.30)	|			
	(Pr	=	0.30)	|			
	Protein_binding	(Pr	=	0.30)	|		
	Disordered_interface	(Pr	=	0.13)	|		
	|						
	Ordered_interface	(Pr	=	0.30)	|		
	PPI_residue	(Pr	=	0.30	|		
							
	(Pr	=	0.18)<---------------------------------------------------------|				
	of	Nickel_binding	at	D222	(Pr		
							
	(Pr	=	0.04)				
	(Pr	=	0.28	|	P		
	(Pr	=	0.28)				
	(None)						
	(Pr	=	0.28)-------------------------------------------------------|				
	Secondary_structure	(Pr	=	0.28)	|		
	|---->Loss	of	Helix	(Pr	=	0.28	
	|						
	Stability_and_conformational_flexibility	(Pr	=	0.18)	|		
	|---->Altered	Conformational_flexibility	(Pr	=	0.18)		
	|						
	Special_structural_signatures	(Pr	=	0.06)	|		
	Signal_peptide	(Pr	=	0.00)	|		
	|						
	Transmembrane_protein	(Pr	=	0.06)	|		
							
	(Pr	=	0.25)	|			
	(Pr	=	0.25)	|			
	Protein_binding	(Pr	=	0.25)	|		
	Disordered_interface	(Pr	=	0.14)	|		
	|						
	Ordered_interface	(Pr	=	0.25)	|		
							
	(Pr	=	0.22)<---------------------------------------------------------|				
	of	Nickel_binding	at	D222	(Pr		
	of	Zinc_binding	at	E221	(Pr		
							
	(Pr	=	0.15)				
	=	0.16	|	P	=		
	(Pr	=	0.26)				
	(ELME000052|ELME000120|ELME000182|ELME000202|PS00005)						
	(Pr	=	0.25)-------------------------------------------------------|				
	Secondary_structure	(Pr	=	0.25)	|		
	|						
	Stability_and_conformational_flexibility	(Pr	=	0.13)	|		
	|---->Altered	Conformational_flexibility	(Pr	=	0.13)		
	|						
	Special_structural_signatures	(Pr	=	0.16)	|		
	Coiled_coil	(Pr	=	0.16	|		
	Signal_peptide	(Pr	=	0.00)	|		
	|						
	Transmembrane_protein	(Pr	=	0.10)	|		
	Non-cytoplasmic_loop	(Pr	=	0.10	|		
							
	(Pr	=	0.26)	|			
	(Pr	=	0.26)	|			
	Protein_binding	(Pr	=	0.26)	|		
	Disordered_interface	(Pr	=	0.17)	|		
	|						
	Ordered_interface	(Pr	=	0.26)	|		
							
	(Pr	=	0.12)<---------------------------------------------------------|				
							
	(Pr	=	0.19)				
	Sulfation	at	Y417	(Pr	=	0.02	
	(Pr	=	0.37	|	P		
	(Pr	=	0.37)				
	(ELME000053|ELME000062|ELME000063|ELME000085|ELME000147|ELME000197)						
	(Pr	=	0.37)-------------------------------------------------------|				
	Secondary_structure	(Pr	=	0.27)	|		
	|						
	Stability_and_conformational_flexibility	(Pr	=	0.37)	|		
	|---->Altered	Conformational_flexibility	(Pr	=	0.37)		
	|---->Gain	of	Intrinsic_disorder	(Pr	=	0.37	
	|						
	Special_structural_signatures	(Pr	=	0.07)	|		
	Signal_peptide	(Pr	=	0.00)	|		
	|						
	Transmembrane_protein	(Pr	=	0.07)	|		
							
	(Pr	=	0.15)	|			
	(Pr	=	0.15)	|			
	Protein_binding	(Pr	=	0.15)	|		
	Disordered_interface	(Pr	=	0.07)	|		
	|						
	Ordered_interface	(Pr	=	0.15)	|		
							
	(Pr	=	0.05)<---------------------------------------------------------|				
							
	(Pr	=	0.12)				
	Pyrrolidone_carboxylic_acid	at	Q301	(Pr	=	0.08	
	(Pr	=	0.34	|	P		
	(Pr	=	0.34)				
	(ELME000070|PS00001)						
	(Pr	=	0.34)----------------------------------------------------------|				
	of	Relative_solvent_accessibility	(Pr	=	0.34		
	Secondary_structure	(Pr	=	0.26)	|		
	|						
	Stability_and_conformational_flexibility	(Pr	=	0.16)	|		
	|---->Altered	Conformational_flexibility	(Pr	=	0.16)		
	|						
	Special_structural_signatures	(Pr	=	0.12)	|		
	Signal_peptide	(Pr	=	0.00)	|		
	|						
	Transmembrane_protein	(Pr	=	0.12)	|		
	Non-cytoplasmic_loop	(Pr	=	0.12	|		
							
	(Pr	=	0.33)	|			
	Allosteric_site	at	Y168	(Pr	=	0.24	
	(Pr	=	0.33)	|			
	DNA_binding	(Pr	=	0.20	|		
	Protein_binding	(Pr	=	0.33)	|		
	Disordered_interface	(Pr	=	0.24)	|		
	|						
	Ordered_interface	(Pr	=	0.33)	|		
	PPI_residue	(Pr	=	0.33	|		
							
	(Pr	=	0.25)<------------------------------------------------------------|				
	of	Copper_binding	at	H170	(Pr		
	of	Manganese_binding	at	H170	(Pr		
	of	Nickel_binding	at	H170	(Pr		
	of	Potassium_binding	at	Y168	(Pr		
	of	Sodium_binding	at	Y168	(Pr		
	of	Zinc_binding	at	H170	(Pr		
							
	(Pr	=	0.21)				
	N-linked_glycosylation	at	N167	(Pr	=	0.03	
	=	0.30	|	P	=		
	(Pr	=	0.30)				
	(ELME000147|ELME000336)						
	(Pr	=	0.30)-------------------------------------------------------|				
	of	Relative_solvent_accessibility	(Pr	=	0.26		
	Secondary_structure	(Pr	=	0.25)	|		
	|						
	Stability_and_conformational_flexibility	(Pr	=	0.18)	|		
	|---->Altered	Conformational_flexibility	(Pr	=	0.18)		
	|						
	Special_structural_signatures	(Pr	=	0.30)	|		
	Signal_peptide	(Pr	=	0.00)	|		
	|						
	Transmembrane_protein	(Pr	=	0.30)	|		
	Non-cytoplasmic_loop	(Pr	=	0.30	|		
							
	(Pr	=	0.28)	|			
	Allosteric_site	at	Y377	(Pr	=	0.28	
	(Pr	=	0.28)	|			
	Protein_binding	(Pr	=	0.28)	|		
	Disordered_interface	(Pr	=	0.11)	|		
	|						
	Ordered_interface	(Pr	=	0.28)	|		
	PPI_residue	(Pr	=	0.28	|		
							
	(Pr	=	0.14)<---------------------------------------------------------|				
	of	Copper_binding	at	Y377	(Pr		
							
	(Pr	=	0.14)				
	N-linked_glycosylation	at	N376	(Pr	=	0.08	
	=	0.29	|	P	=		
	(Pr	=	0.29)				
	(ELME000064|ELME000070|ELME000147)						
	(Pr	=	0.29)-------------------------------------------------------|				
	of	Relative_solvent_accessibility	(Pr	=	0.25		
	Secondary_structure	(Pr	=	0.25)	|		
	|						
	Stability_and_conformational_flexibility	(Pr	=	0.16)	|		
	|---->Altered	Conformational_flexibility	(Pr	=	0.16)		
	|						
	Special_structural_signatures	(Pr	=	0.29)	|		
	Signal_peptide	(Pr	=	0.00)	|		
	|						
	Transmembrane_protein	(Pr	=	0.29)	|		
	Non-cytoplasmic_loop	(Pr	=	0.29	|		
							
	(Pr	=	0.28)	|			
	Allosteric_site	at	Y377	(Pr	=	0.23	
	(Pr	=	0.28)	|			
	Protein_binding	(Pr	=	0.28)	|		
	Disordered_interface	(Pr	=	0.12)	|		
	|						
	Ordered_interface	(Pr	=	0.28)	|		
	PPI_residue	(Pr	=	0.28	|		
							
	(Pr	=	0.12)<---------------------------------------------------------|				
	of	Copper_binding	at	Y377	(Pr		
							
	(Pr	=	0.18)				
	N-linked_glycosylation	at	N376	(Pr	=	0.08	
	=	0.41	|	P	=		
	(Pr	=	0.41)				
	(None)						
	(Pr	=	0.30)----------------------------------------------------------|				
	of	Relative_solvent_accessibility	(Pr	=	0.30		
	Secondary_structure	(Pr	=	0.27)	|		
	|---->Loss	of	Strand	(Pr	=	0.27	
	|						
	Stability_and_conformational_flexibility	(Pr	=	0.20)	|		
	|---->Altered	Conformational_flexibility	(Pr	=	0.20)		
	|						
	Special_structural_signatures	(Pr	=	0.17)	|		
	Signal_peptide	(Pr	=	0.00)	|		
	|						
	Transmembrane_protein	(Pr	=	0.17)	|		
	Non-cytoplasmic_loop	(Pr	=	0.17	|		
							
	(Pr	=	0.41)	|			
	(Pr	=	0.41)	|			
	Protein_binding	(Pr	=	0.41)	|		
	Disordered_interface	(Pr	=	0.12)	|		
	|						
	Ordered_interface	(Pr	=	0.41)	|		
	PPI_residue	(Pr	=	0.27	|		
	PPI_hotspot	(Pr	=	0.41	|		
							
	(Pr	=	0.10)<------------------------------------------------------------|				
							
	(Pr	=	0.10)				
	at	Y277	(Pr	=	0.01		
	(Pr	=	0.28)				
	(ELME000136|ELME000159|ELME000182|ELME000358)						
	(Pr	=	0.28)-------------------------------------------------------|				
	Secondary_structure	(Pr	=	0.25)	|		
	|						
	Stability_and_conformational_flexibility	(Pr	=	0.28)	|		
	|---->Altered	Conformational_flexibility	(Pr	=	0.28)		
	|						
	Special_structural_signatures	(Pr	=	0.08)	|		
	Signal_peptide	(Pr	=	0.00)	|		
	|						
	Transmembrane_protein	(Pr	=	0.08)	|		
							
	(Pr	=	0.22)	|			
	(Pr	=	0.22)	|			
	Protein_binding	(Pr	=	0.22)	|		
	Disordered_interface	(Pr	=	0.09)	|		
	|						
	Ordered_interface	(Pr	=	0.22)	|		
							
	(Pr	=	0.05)<---------------------------------------------------------|				
							
	(Pr	=	0.06)				
	Sulfation	at	Y277	(Pr	=	0.01	
	(Pr	=	0.33	|	P		
	(Pr	=	0.33)				
	(ELME000064|ELME000336|PS00008)						
	(Pr	=	0.33)-------------------------------------------------------|				
	Secondary_structure	(Pr	=	0.33)	|		
	|---->Loss	of	Helix	(Pr	=	0.33	
	|						
	Stability_and_conformational_flexibility	(Pr	=	0.19)	|		
	|---->Altered	Conformational_flexibility	(Pr	=	0.19)		
	|						
	Special_structural_signatures	(Pr	=	0.07)	|		
	Signal_peptide	(Pr	=	0.00)	|		
	|						
	Transmembrane_protein	(Pr	=	0.07)	|		
							
	(Pr	=	0.26)	|			
	(Pr	=	0.26)	|			
	Protein_binding	(Pr	=	0.26)	|		
	Disordered_interface	(Pr	=	0.09)	|		
	|						
	Ordered_interface	(Pr	=	0.26)	|		
	PPI_hotspot	(Pr	=	0.26	|		
							
	(Pr	=	0.04)<---------------------------------------------------------|				
							
	(Pr	=	0.10)				
	=	0.12	|	P	=		
	(Pr	=	0.26)				
	(ELME000136|ELME000146|ELME000159|ELME000197|ELME000231|PS00005|PS00006|PS00008)						
	(Pr	=	0.26)-------------------------------------------------------|				
	Secondary_structure	(Pr	=	0.26)	|		
	|						
	Stability_and_conformational_flexibility	(Pr	=	0.18)	|		
	|---->Altered	Stability	(Pr	=	0.12		
	|---->Altered	Conformational_flexibility	(Pr	=	0.18)		
	|						
	Special_structural_signatures	(Pr	=	0.09)	|		
	Signal_peptide	(Pr	=	0.00)	|		
	|						
	Transmembrane_protein	(Pr	=	0.09)	|		
							
	(Pr	=	0.13)	|			
	(Pr	=	0.12)	|			
	Protein_binding	(Pr	=	0.12)	|		
	Disordered_interface	(Pr	=	0.03)	|		
	|						
	Ordered_interface	(Pr	=	0.12)	|		
							
	(Pr	=	0.05)<---------------------------------------------------------|				
							
	(Pr	=	0.13)				
	at	D222	(Pr	=	0.18		
	(Pr	=	0.25)				
	(ELME000002)						
	(Pr	=	0.25)-------------------------------------------------------|				
	Secondary_structure	(Pr	=	0.25)	|		
	|						
	Stability_and_conformational_flexibility	(Pr	=	0.17)	|		
	|---->Altered	Conformational_flexibility	(Pr	=	0.17)		
	|						
	Special_structural_signatures	(Pr	=	0.05)	|		
	Signal_peptide	(Pr	=	0.00)	|		
	|						
	Transmembrane_protein	(Pr	=	0.05)	|		
							
	(Pr	=	0.25)	|			
	(Pr	=	0.25)	|			
	Protein_binding	(Pr	=	0.25)	|		
	Disordered_interface	(Pr	=	0.13)	|		
	|						
	Ordered_interface	(Pr	=	0.25)	|		
							
	(Pr	=	0.18)<---------------------------------------------------------|				
	of	Nickel_binding	at	D222	(Pr		
							
	(Pr	=	0.10)				
	=	0.28	|	P	=		
	(Pr	=	0.28)				
	(None)						
	(Pr	=	0.27)-------------------------------------------------------|				
	of	Relative_solvent_accessibility	(Pr	=	0.26		
	Secondary_structure	(Pr	=	0.26)	|		
	|						
	Stability_and_conformational_flexibility	(Pr	=	0.27)	|		
	|---->Altered	Conformational_flexibility	(Pr	=	0.27)		
	|						
	Special_structural_signatures	(Pr	=	0.15)	|		
	Signal_peptide	(Pr	=	0.00)	|		
	|						
	Transmembrane_protein	(Pr	=	0.15)	|		
	Non-cytoplasmic_loop	(Pr	=	0.15	|		
							
	(Pr	=	0.28)	|			
	(Pr	=	0.28)	|			
	Protein_binding	(Pr	=	0.28)	|		
	Disordered_interface	(Pr	=	0.12)	|		
	|						
	Ordered_interface	(Pr	=	0.28)	|		
	PPI_residue	(Pr	=	0.28	|		
							
	(Pr	=	0.09)<---------------------------------------------------------|				
							
	(Pr	=	0.15)				
	=	0.39	|	P	=		
	(Pr	=	0.39)				
	(ELME000052)						
	(Pr	=	0.13)-------------------------------------------------------|				
	Secondary_structure	(Pr	=	0.11)	|		
	|						
	Stability_and_conformational_flexibility	(Pr	=	0.13)	|		
	|---->Altered	Conformational_flexibility	(Pr	=	0.13)		
	|						
	Special_structural_signatures	(Pr	=	0.03)	|		
	Signal_peptide	(Pr	=	0.00)	|		
	|						
	Transmembrane_protein	(Pr	=	0.03)	|		
							
	(Pr	=	0.39)	|			
	(Pr	=	0.39)	|			
	Protein_binding	(Pr	=	0.39)	|		
	Disordered_interface	(Pr	=	0.39)	|		
	|---->Altered	MoRF	(Pr	=	0.39		
	|						
	Ordered_interface	(Pr	=	0.10)	|		
							
	(Pr	=	0.01)<---------------------------------------------------------|				
							
	(Pr	=	0.18)				
	=	0.72	|	P	=		
	(Pr	=	0.72)				
	(ELME000053|ELME000064|ELME000070|ELME000220|PS00001)						
	(Pr	=	0.72)-------------------------------------------------------|				
	Secondary_structure	(Pr	=	0.26)	|		
	|						
	Stability_and_conformational_flexibility	(Pr	=	0.72)	|		
	|---->Altered	Stability	(Pr	=	0.72		
	|---->Altered	Conformational_flexibility	(Pr	=	0.32)		
	|---->Gain	of	Intrinsic_disorder	(Pr	=	0.32	
	|						
	Special_structural_signatures	(Pr	=	0.06)	|		
	Signal_peptide	(Pr	=	0.00)	|		
	|						
	Transmembrane_protein	(Pr	=	0.06)	|		
							
	(Pr	=	0.18)	|			
	(Pr	=	0.18)	|			
	Protein_binding	(Pr	=	0.18)	|		
	Disordered_interface	(Pr	=	0.06)	|		
	|						
	Ordered_interface	(Pr	=	0.18)	|		
							
	(Pr	=	0.14)<---------------------------------------------------------|				
	of	Potassium_binding	at	N58	(Pr		
							
	(Pr	=	0.07)				
	N-linked_glycosylation	at	N61	(Pr	=	0.01	
	(Pr	=	0.32	|	P		
	(Pr	=	0.32)				
	(None)						
	(Pr	=	0.32)----------------------------------------------------------|				
	of	Relative_solvent_accessibility	(Pr	=	0.32		
	Secondary_structure	(Pr	=	0.26)	|		
	|						
	Stability_and_conformational_flexibility	(Pr	=	0.22)	|		
	|---->Altered	Conformational_flexibility	(Pr	=	0.22)		
	|						
	Special_structural_signatures	(Pr	=	0.07)	|		
	Signal_peptide	(Pr	=	0.00)	|		
	|						
	Transmembrane_protein	(Pr	=	0.07)	|		
							
	(Pr	=	0.31)	|			
	Catalytic_site	at	H146	(Pr	=	0.27	
	Allosteric_site	at	H146	(Pr	=	0.25	
	(Pr	=	0.31)	|			
	Protein_binding	(Pr	=	0.31)	|		
	Disordered_interface	(Pr	=	0.26)	|		
	|						
	Ordered_interface	(Pr	=	0.31)	|		
	PPI_residue	(Pr	=	0.31	|		
							
	(Pr	=	0.30)<------------------------------------------------------------|				
	of	Copper_binding	at	H146	(Pr		
	of	Manganese_binding	at	D145	(Pr		
	of	Nickel_binding	at	D145	(Pr		
	of	Potassium_binding	at	D151	(Pr		
	of	Sodium_binding	at	D145	(Pr		
	of	Zinc_binding	at	D145	(Pr		
							
	(Pr	=	0.27)				
	Acetylation	at	K150	(Pr	=	0.27	
	=	0.33	|	P	=		
	(Pr	=	0.33)				
	(ELME000220)						
	(Pr	=	0.29)-------------------------------------------------------|				
	Secondary_structure	(Pr	=	0.25)	|		
	|						
	Stability_and_conformational_flexibility	(Pr	=	0.12)	|		
	|---->Altered	Conformational_flexibility	(Pr	=	0.12)		
	|						
	Special_structural_signatures	(Pr	=	0.29)	|		
	Signal_peptide	(Pr	=	0.00)	|		
	|						
	Transmembrane_protein	(Pr	=	0.29)	|		
	Non-cytoplasmic_loop	(Pr	=	0.29	|		
							
	(Pr	=	0.33)	|			
	Allosteric_site	at	Y377	(Pr	=	0.23	
	(Pr	=	0.33)	|			
	Protein_binding	(Pr	=	0.33)	|		
	Disordered_interface	(Pr	=	0.12)	|		
	|						
	Ordered_interface	(Pr	=	0.33)	|		
	PPI_residue	(Pr	=	0.33	|		
	PPI_hotspot	(Pr	=	0.25	|		
							
	(Pr	=	0.11)<---------------------------------------------------------|				
	of	Copper_binding	at	Y377	(Pr		
							
	(Pr	=	0.13)				
	Sulfation	at	Y387	(Pr	=	0.03	
	=	0.33	|	P	=		
	(Pr	=	0.33)				
	(ELME000220)						
	(Pr	=	0.29)-------------------------------------------------------|				
	Secondary_structure	(Pr	=	0.25)	|		
	|						
	Stability_and_conformational_flexibility	(Pr	=	0.12)	|		
	|---->Altered	Conformational_flexibility	(Pr	=	0.12)		
	|						
	Special_structural_signatures	(Pr	=	0.29)	|		
	Signal_peptide	(Pr	=	0.00)	|		
	|						
	Transmembrane_protein	(Pr	=	0.29)	|		
	Non-cytoplasmic_loop	(Pr	=	0.29	|		
							
	(Pr	=	0.33)	|			
	Allosteric_site	at	Y377	(Pr	=	0.23	
	(Pr	=	0.33)	|			
	Protein_binding	(Pr	=	0.33)	|		
	Disordered_interface	(Pr	=	0.12)	|		
	|						
	Ordered_interface	(Pr	=	0.33)	|		
	PPI_residue	(Pr	=	0.33	|		
	PPI_hotspot	(Pr	=	0.25	|		
							
	(Pr	=	0.11)<---------------------------------------------------------|				
	of	Copper_binding	at	Y377	(Pr		
							
	(Pr	=	0.13)				
	Sulfation	at	Y387	(Pr	=	0.03	
	at	K150	(Pr	=	0.34		
	(Pr	=	0.34)				
	(PS00007)						
	(Pr	=	0.31)-------------------------------------------------------|				
	of	Relative_solvent_accessibility	(Pr	=	0.25		
	Secondary_structure	(Pr	=	0.27)	|		
	|---->Loss	of	Loop	(Pr	=	0.27	
	|						
	Stability_and_conformational_flexibility	(Pr	=	0.19)	|		
	|---->Altered	Conformational_flexibility	(Pr	=	0.19)		
	|						
	Special_structural_signatures	(Pr	=	0.06)	|		
	Signal_peptide	(Pr	=	0.00)	|		
	|						
	Transmembrane_protein	(Pr	=	0.06)	|		
							
	(Pr	=	0.34)	|			
	Catalytic_site	at	H146	(Pr	=	0.31	
	Allosteric_site	at	H146	(Pr	=	0.25	
	(Pr	=	0.29)	|			
	Protein_binding	(Pr	=	0.29)	|		
	Disordered_interface	(Pr	=	0.24)	|		
	|						
	Ordered_interface	(Pr	=	0.29)	|		
	PPI_residue	(Pr	=	0.29	|		
							
	(Pr	=	0.31)<---------------------------------------------------------|				
	of	Copper_binding	at	H146	(Pr		
	of	Manganese_binding	at	H146	(Pr		
	of	Nickel_binding	at	H146	(Pr		
	of	Potassium_binding	at	D151	(Pr		
	of	Sodium_binding	at	H146	(Pr		
	of	Zinc_binding	at	D145	(Pr		
							
	(Pr	=	0.34)				
	Acetylation	at	K150	(Pr	=	0.34	
	=	0.35	|	P	=		
	(Pr	=	0.35)				
	(ELME000064|ELME000155)						
	(Pr	=	0.27)-------------------------------------------------------|				
	Secondary_structure	(Pr	=	0.24)	|		
	|						
	Stability_and_conformational_flexibility	(Pr	=	0.21)	|		
	|---->Altered	Conformational_flexibility	(Pr	=	0.21)		
	|						
	Special_structural_signatures	(Pr	=	0.17)	|		
	Signal_peptide	(Pr	=	0.00)	|		
	|						
	Transmembrane_protein	(Pr	=	0.17)	|		
	Non-cytoplasmic_loop	(Pr	=	0.17	|		
							
	(Pr	=	0.35)	|			
	Allosteric_site	at	W120	(Pr	=	0.27	
	(Pr	=	0.35)	|			
	DNA_binding	(Pr	=	0.27	|		
	Protein_binding	(Pr	=	0.35)	|		
	Disordered_interface	(Pr	=	0.35)	|		
	|---->Altered	MoRF	(Pr	=	0.35		
	|						
	Ordered_interface	(Pr	=	0.27)	|		
							
	(Pr	=	0.05)<---------------------------------------------------------|				
							
	(Pr	=	0.11)				
	(Pr	=	0.30	|	P		
	(Pr	=	0.30)				
	(ELME000085|ELME000336|PS00008)						
	(Pr	=	0.30)-------------------------------------------------------|				
	Secondary_structure	(Pr	=	0.30)	|		
	|---->Loss	of	Helix	(Pr	=	0.3	
	|						
	Stability_and_conformational_flexibility	(Pr	=	0.25)	|		
	|---->Altered	Conformational_flexibility	(Pr	=	0.25)		
	|						
	Special_structural_signatures	(Pr	=	0.25)	|		
	Coiled_coil	(Pr	=	0.25	|		
	Signal_peptide	(Pr	=	0.00)	|		
	|						
	Transmembrane_protein	(Pr	=	0.04)	|		
							
	(Pr	=	0.26)	|			
	(Pr	=	0.26)	|			
	Protein_binding	(Pr	=	0.26)	|		
	Disordered_interface	(Pr	=	0.26)	|		
	|						
	Ordered_interface	(Pr	=	0.12)	|		
							
	(Pr	=	0.01)<---------------------------------------------------------|				
							
	(Pr	=	0.09)				
	=	0.29	|	P	=		
	(Pr	=	0.29)				
	(ELME000321|PS00006)						
	(Pr	=	0.27)-------------------------------------------------------|				
	of	Relative_solvent_accessibility	(Pr	=	0.27		
	Secondary_structure	(Pr	=	0.22)	|		
	|						
	Stability_and_conformational_flexibility	(Pr	=	0.19)	|		
	|---->Altered	Conformational_flexibility	(Pr	=	0.19)		
	|						
	Special_structural_signatures	(Pr	=	0.11)	|		
	Signal_peptide	(Pr	=	0.00)	|		
	|						
	Transmembrane_protein	(Pr	=	0.11)	|		
	Non-cytoplasmic_loop	(Pr	=	0.11	|		
							
	(Pr	=	0.29)	|			
	Allosteric_site	at	F392	(Pr	=	0.2	
	(Pr	=	0.29)	|			
	Protein_binding	(Pr	=	0.29)	|		
	Disordered_interface	(Pr	=	0.07)	|		
	|						
	Ordered_interface	(Pr	=	0.29)	|		
	PPI_residue	(Pr	=	0.29	|		
	PPI_hotspot	(Pr	=	0.24	|		
							
	(Pr	=	0.14)<---------------------------------------------------------|				
	of	Copper_binding	at	E390	(Pr		
							
	(Pr	=	0.15)				
	Sulfation	at	Y387	(Pr	=	0.03	
	at	Q172	(Pr	=	0.89		
	(Pr	=	0.89)				
	(None)						
	(Pr	=	0.89)-------------------------------------------------------|				
	of	Relative_solvent_accessibility	(Pr	=	0.29		
	Secondary_structure	(Pr	=	0.26)	|		
	|						
	Stability_and_conformational_flexibility	(Pr	=	0.22)	|		
	|---->Altered	Conformational_flexibility	(Pr	=	0.22)		
	|						
	Special_structural_signatures	(Pr	=	0.15)	|		
	Signal_peptide	(Pr	=	0.00)	|		
	|						
	Transmembrane_protein	(Pr	=	0.15)	|		
	Non-cytoplasmic_loop	(Pr	=	0.15	|		
							
	(Pr	=	0.89)	|			
	Allosteric_site	at	Y168	(Pr	=	0.25	
	(Pr	=	0.28)	|			
	DNA_binding	(Pr	=	0.20	|		
	Protein_binding	(Pr	=	0.28)	|		
	Disordered_interface	(Pr	=	0.23)	|		
	|						
	Ordered_interface	(Pr	=	0.28)	|		
	PPI_residue	(Pr	=	0.28	|		
							
	(Pr	=	0.89)<---------------------------------------------------------|				
	of	Copper_binding	at	H170	(Pr		
	of	Manganese_binding	at	Q172	(Pr		
	of	Nickel_binding	at	Q172	(Pr		
	of	Potassium_binding	at	Y168	(Pr		
	of	Sodium_binding	at	Q172	(Pr		
	of	Zinc_binding	at	Q172	(Pr		
							
	(Pr	=	0.16)				
	at	Q172	(Pr	=	0.89		
	(Pr	=	0.89)				
	(None)						
	(Pr	=	0.89)-------------------------------------------------------|				
	of	Relative_solvent_accessibility	(Pr	=	0.29		
	Secondary_structure	(Pr	=	0.26)	|		
	|						
	Stability_and_conformational_flexibility	(Pr	=	0.22)	|		
	|---->Altered	Conformational_flexibility	(Pr	=	0.22)		
	|						
	Special_structural_signatures	(Pr	=	0.15)	|		
	Signal_peptide	(Pr	=	0.00)	|		
	|						
	Transmembrane_protein	(Pr	=	0.15)	|		
	Non-cytoplasmic_loop	(Pr	=	0.15	|		
							
	(Pr	=	0.89)	|			
	Allosteric_site	at	Y168	(Pr	=	0.25	
	(Pr	=	0.28)	|			
	DNA_binding	(Pr	=	0.20	|		
	Protein_binding	(Pr	=	0.28)	|		
	Disordered_interface	(Pr	=	0.23)	|		
	|						
	Ordered_interface	(Pr	=	0.28)	|		
	PPI_residue	(Pr	=	0.28	|		
							
	(Pr	=	0.89)<---------------------------------------------------------|				
	of	Copper_binding	at	H170	(Pr		
	of	Manganese_binding	at	Q172	(Pr		
	of	Nickel_binding	at	Q172	(Pr		
	of	Potassium_binding	at	Y168	(Pr		
	of	Sodium_binding	at	Q172	(Pr		
	of	Zinc_binding	at	Q172	(Pr		
							
	(Pr	=	0.16)				
	(Pr	=	0.27	|	P		
	(Pr	=	0.27)				
	(ELME000133|ELME000182|ELME000193)						
	(Pr	=	0.27)-------------------------------------------------------|				
	Secondary_structure	(Pr	=	0.27)	|		
	|---->Loss	of	Helix	(Pr	=	0.27	
	|						
	Stability_and_conformational_flexibility	(Pr	=	0.16)	|		
	|---->Altered	Conformational_flexibility	(Pr	=	0.16)		
	|						
	Special_structural_signatures	(Pr	=	0.08)	|		
	Signal_peptide	(Pr	=	0.00)	|		
	|						
	Transmembrane_protein	(Pr	=	0.08)	|		
							
	(Pr	=	0.19)	|			
	(Pr	=	0.19)	|			
	Protein_binding	(Pr	=	0.19)	|		
	Disordered_interface	(Pr	=	0.08)	|		
	|						
	Ordered_interface	(Pr	=	0.19)	|		
							
	(Pr	=	0.06)<---------------------------------------------------------|				
							
	(Pr	=	0.06)				
	Sulfation	at	Y317	(Pr	=	0.01	
	at	Q301	(Pr	=	0.08		
	(Pr	=	0.25)				
	(ELME000063|ELME000147|ELME000202)						
	(Pr	=	0.25)-------------------------------------------------------|				
	Secondary_structure	(Pr	=	0.25)	|		
	|						
	Stability_and_conformational_flexibility	(Pr	=	0.14)	|		
	|---->Altered	Conformational_flexibility	(Pr	=	0.14)		
	|						
	Special_structural_signatures	(Pr	=	0.06)	|		
	Signal_peptide	(Pr	=	0.00)	|		
	|						
	Transmembrane_protein	(Pr	=	0.06)	|		
							
	(Pr	=	0.15)	|			
	(Pr	=	0.15)	|			
	Protein_binding	(Pr	=	0.15)	|		
	Disordered_interface	(Pr	=	0.07)	|		
	|						
	Ordered_interface	(Pr	=	0.15)	|		
							
	(Pr	=	0.05)<---------------------------------------------------------|				
							
	(Pr	=	0.12)				
	Pyrrolidone_carboxylic_acid	at	Q301	(Pr	=	0.08	
	(Pr	=	0.28	|	P		
	(Pr	=	0.28)				
	(ELME000063|ELME000147|ELME000202)						
	(Pr	=	0.28)-------------------------------------------------------|				
	Secondary_structure	(Pr	=	0.28)	|		
	|---->Loss	of	Helix	(Pr	=	0.28	
	|						
	Stability_and_conformational_flexibility	(Pr	=	0.14)	|		
	|---->Altered	Conformational_flexibility	(Pr	=	0.14)		
	|						
	Special_structural_signatures	(Pr	=	0.07)	|		
	Signal_peptide	(Pr	=	0.00)	|		
	|						
	Transmembrane_protein	(Pr	=	0.07)	|		
							
	(Pr	=	0.16)	|			
	(Pr	=	0.16)	|			
	Protein_binding	(Pr	=	0.16)	|		
	Disordered_interface	(Pr	=	0.07)	|		
	|						
	Ordered_interface	(Pr	=	0.16)	|		
							
	(Pr	=	0.05)<---------------------------------------------------------|				
							
	(Pr	=	0.12)				
	Pyrrolidone_carboxylic_acid	at	Q301	(Pr	=	0.08	
	at	Q301	(Pr	=	0.08		
	(Pr	=	0.27)				
	(ELME000063|ELME000147|PS00005)						
	(Pr	=	0.27)-------------------------------------------------------|				
	Secondary_structure	(Pr	=	0.27)	|		
	|						
	Stability_and_conformational_flexibility	(Pr	=	0.14)	|		
	|---->Altered	Conformational_flexibility	(Pr	=	0.14)		
	|						
	Special_structural_signatures	(Pr	=	0.08)	|		
	Signal_peptide	(Pr	=	0.00)	|		
	|						
	Transmembrane_protein	(Pr	=	0.08)	|		
							
	(Pr	=	0.17)	|			
	(Pr	=	0.17)	|			
	Protein_binding	(Pr	=	0.17)	|		
	Disordered_interface	(Pr	=	0.07)	|		
	|						
	Ordered_interface	(Pr	=	0.17)	|		
							
	(Pr	=	0.04)<---------------------------------------------------------|				
							
	(Pr	=	0.13)				
	Pyrrolidone_carboxylic_acid	at	Q301	(Pr	=	0.08	
	=	0.28	|	P	=		
	(Pr	=	0.28)				
	(PS00007)						
	(Pr	=	0.27)-------------------------------------------------------|				
	of	Relative_solvent_accessibility	(Pr	=	0.27		
	Secondary_structure	(Pr	=	0.26)	|		
	|						
	Stability_and_conformational_flexibility	(Pr	=	0.13)	|		
	|---->Altered	Conformational_flexibility	(Pr	=	0.13)		
	|						
	Special_structural_signatures	(Pr	=	0.09)	|		
	Signal_peptide	(Pr	=	0.00)	|		
	|						
	Transmembrane_protein	(Pr	=	0.09)	|		
							
	(Pr	=	0.28)	|			
	Allosteric_site	at	Y168	(Pr	=	0.26	
	(Pr	=	0.28)	|			
	DNA_binding	(Pr	=	0.20	|		
	Protein_binding	(Pr	=	0.28)	|		
	Disordered_interface	(Pr	=	0.25)	|		
	|						
	Ordered_interface	(Pr	=	0.28)	|		
	PPI_residue	(Pr	=	0.28	|		
							
	(Pr	=	0.25)<---------------------------------------------------------|				
	of	Copper_binding	at	H170	(Pr		
	of	Manganese_binding	at	H170	(Pr		
	of	Nickel_binding	at	H170	(Pr		
	of	Potassium_binding	at	Y168	(Pr		
	of	Sodium_binding	at	A165	(Pr		
							
	(Pr	=	0.24)				
	Phosphorylation	at	Y166	(Pr	=	0.24	
	=	0.31	|	P	=		
	(Pr	=	0.31)				
	(None)						
	(Pr	=	0.26)-------------------------------------------------------|				
	Secondary_structure	(Pr	=	0.26)	|		
	|						
	Stability_and_conformational_flexibility	(Pr	=	0.09)	|		
	|---->Altered	Conformational_flexibility	(Pr	=	0.09)		
	|						
	Special_structural_signatures	(Pr	=	0.05)	|		
	Signal_peptide	(Pr	=	0.00)	|		
	|						
	Transmembrane_protein	(Pr	=	0.05)	|		
							
	(Pr	=	0.31)	|			
	(Pr	=	0.31)	|			
	Protein_binding	(Pr	=	0.31)	|		
	Disordered_interface	(Pr	=	0.31)	|		
	|---->Altered	MoRF	(Pr	=	0.31		
	|						
	Ordered_interface	(Pr	=	0.10)	|		
							
	(Pr	=	0.06)<---------------------------------------------------------|				
							
	(Pr	=	0.18)				
	=	0.27	|	P	=		
	(Pr	=	0.27)				
	(ELME000020|ELME000083|ELME000120|ELME000182|ELME000193|ELME000235|PS00367)						
	(Pr	=	0.25)-------------------------------------------------------|				
	Secondary_structure	(Pr	=	0.25)	|		
	|						
	Stability_and_conformational_flexibility	(Pr	=	0.12)	|		
	|---->Altered	Conformational_flexibility	(Pr	=	0.12)		
	|						
	Special_structural_signatures	(Pr	=	0.03)	|		
	Signal_peptide	(Pr	=	0.00)	|		
	|						
	Transmembrane_protein	(Pr	=	0.03)	|		
							
	(Pr	=	0.27)	|			
	Allosteric_site	at	H285	(Pr	=	0.19	
	(Pr	=	0.27)	|			
	Protein_binding	(Pr	=	0.27)	|		
	Disordered_interface	(Pr	=	0.09)	|		
	|						
	Ordered_interface	(Pr	=	0.27)	|		
	PPI_hotspot	(Pr	=	0.27	|		
							
	(Pr	=	0.12)<---------------------------------------------------------|				
							
	(Pr	=	0.04)				
	(Pr	=	0.29	|	P		
	(Pr	=	0.29)				
	(ELME000100|ELME000102|ELME000106|ELME000108|ELME000145|ELME000146|ELME000149|ELME000233)						
	(Pr	=	0.29)-------------------------------------------------------|				
	Secondary_structure	(Pr	=	0.29)	|		
	|---->Loss	of	Loop	(Pr	=	0.29	
	|						
	Stability_and_conformational_flexibility	(Pr	=	0.23)	|		
	|---->Altered	Conformational_flexibility	(Pr	=	0.23)		
	|						
	Special_structural_signatures	(Pr	=	0.03)	|		
	Signal_peptide	(Pr	=	0.00)	|		
	|						
	Transmembrane_protein	(Pr	=	0.03)	|		
							
	(Pr	=	0.15)	|			
	(Pr	=	0.15)	|			
	Protein_binding	(Pr	=	0.15)	|		
	Disordered_interface	(Pr	=	0.08)	|		
	|						
	Ordered_interface	(Pr	=	0.15)	|		
							
	(Pr	=	0.02)<---------------------------------------------------------|				
							
	(Pr	=	0.12)				
	=	0.28	|	P	=		
	(Pr	=	0.28)				
	(ELME000064|ELME000070|ELME000147|ELME000220|PS00006)						
	(Pr	=	0.28)-------------------------------------------------------|				
	of	Relative_solvent_accessibility	(Pr	=	0.25		
	Secondary_structure	(Pr	=	0.25)	|		
	|						
	Stability_and_conformational_flexibility	(Pr	=	0.16)	|		
	|---->Altered	Conformational_flexibility	(Pr	=	0.16)		
	|						
	Special_structural_signatures	(Pr	=	0.28)	|		
	Signal_peptide	(Pr	=	0.00)	|		
	|						
	Transmembrane_protein	(Pr	=	0.28)	|		
	Non-cytoplasmic_loop	(Pr	=	0.28	|		
							
	(Pr	=	0.27)	|			
	Allosteric_site	at	Y377	(Pr	=	0.22	
	(Pr	=	0.27)	|			
	Protein_binding	(Pr	=	0.27)	|		
	Disordered_interface	(Pr	=	0.12)	|		
	|						
	Ordered_interface	(Pr	=	0.27)	|		
	PPI_residue	(Pr	=	0.27	|		
							
	(Pr	=	0.14)<---------------------------------------------------------|				
	of	Copper_binding	at	Y377	(Pr		
							
	(Pr	=	0.14)				
	N-linked_glycosylation	at	N376	(Pr	=	0.08	
	Sulfation	at	Y377	(Pr	=	0.02	
	at	K74	(Pr	=	0.19		
	(Pr	=	0.27)				
	(None)						
	(Pr	=	0.27)-------------------------------------------------------|				
	Secondary_structure	(Pr	=	0.25)	|		
	|						
	Stability_and_conformational_flexibility	(Pr	=	0.27)	|		
	|---->Altered	Conformational_flexibility	(Pr	=	0.27)		
	|						
	Special_structural_signatures	(Pr	=	0.03)	|		
	Signal_peptide	(Pr	=	0.00)	|		
	|						
	Transmembrane_protein	(Pr	=	0.03)	|		
							
	(Pr	=	0.23)	|			
	(Pr	=	0.18)	|			
	Protein_binding	(Pr	=	0.18)	|		
	Disordered_interface	(Pr	=	0.18)	|		
	|						
	Ordered_interface	(Pr	=	0.14)	|		
							
	(Pr	=	0.09)<---------------------------------------------------------|				
							
	(Pr	=	0.23)				
	Sulfation	at	Y77	(Pr	=	0.02	
	SUMOylation	at	K74	(Pr	=	0.19	
	=	0.46	|	P	=		
	(Pr	=	0.46)				
	(ELME000052|ELME000202|ELME000333)						
	(Pr	=	0.46)-------------------------------------------------------|				
	Secondary_structure	(Pr	=	0.27)	|		
	|---->Gain	of	Loop	(Pr	=	0.27	
	|						
	Stability_and_conformational_flexibility	(Pr	=	0.46)	|		
	|---->Altered	Stability	(Pr	=	0.46		
	|---->Altered	Conformational_flexibility	(Pr	=	0.19)		
	|						
	Special_structural_signatures	(Pr	=	0.19)	|		
	Coiled_coil	(Pr	=	0.19	|		
	Signal_peptide	(Pr	=	0.00)	|		
	|						
	Transmembrane_protein	(Pr	=	0.10)	|		
	Non-cytoplasmic_loop	(Pr	=	0.10	|		
							
	(Pr	=	0.28)	|			
	(Pr	=	0.28)	|			
	Protein_binding	(Pr	=	0.28)	|		
	Disordered_interface	(Pr	=	0.14)	|		
	|						
	Ordered_interface	(Pr	=	0.28)	|		
	PPI_residue	(Pr	=	0.28	|		
							
	(Pr	=	0.17)<---------------------------------------------------------|				
							
	(Pr	=	0.16)				
	Sulfation	at	Y417	(Pr	=	0.02	
	proteins	re-exported	from	the	nucleus		
	(Pr	=	0.26)				
	(ELME000193|ELME000235|PS00367)						
	(Pr	=	0.26)-------------------------------------------------------|				
	Secondary_structure	(Pr	=	0.26)	|		
	|						
	Stability_and_conformational_flexibility	(Pr	=	0.13)	|		
	|---->Altered	Conformational_flexibility	(Pr	=	0.13)		
	|						
	Special_structural_signatures	(Pr	=	0.04)	|		
	Signal_peptide	(Pr	=	0.00)	|		
	|						
	Transmembrane_protein	(Pr	=	0.04)	|		
							
	(Pr	=	0.17)	|			
	(Pr	=	0.15)	|			
	Protein_binding	(Pr	=	0.15)	|		
	Disordered_interface	(Pr	=	0.08)	|		
	|						
	Ordered_interface	(Pr	=	0.15)	|		
							
	(Pr	=	0.06)<---------------------------------------------------------|				
							
	(Pr	=	0.12)				
	=	0.26	|	P	=		
	(Pr	=	0.26)				
	(ELME000106|ELME000333|ELME000336)						
	(Pr	=	0.26)-------------------------------------------------------|				
	Secondary_structure	(Pr	=	0.25)	|		
	|						
	Stability_and_conformational_flexibility	(Pr	=	0.15)	|		
	|---->Altered	Conformational_flexibility	(Pr	=	0.15)		
	|						
	Special_structural_signatures	(Pr	=	0.26)	|		
	Coiled_coil	(Pr	=	0.26	|		
	Signal_peptide	(Pr	=	0.00)	|		
	|						
	Transmembrane_protein	(Pr	=	0.06)	|		
							
	(Pr	=	0.19)	|			
	(Pr	=	0.19)	|			
	Protein_binding	(Pr	=	0.19)	|		
	Disordered_interface	(Pr	=	0.19)	|		
	|						
	Ordered_interface	(Pr	=	0.14)	|		
							
	(Pr	=	0.06)<---------------------------------------------------------|				
							
	(Pr	=	0.13)				
	(Pr	=	0.28	|	P		
	(Pr	=	0.28)				
	(ELME000098|ELME000147|ELME000336)						
	(Pr	=	0.28)-------------------------------------------------------|				
	of	Relative_solvent_accessibility	(Pr	=	0.28		
	Secondary_structure	(Pr	=	0.26)	|		
	|						
	Stability_and_conformational_flexibility	(Pr	=	0.18)	|		
	|---->Altered	Stability	(Pr	=	0.12		
	|---->Altered	Conformational_flexibility	(Pr	=	0.18)		
	|						
	Special_structural_signatures	(Pr	=	0.13)	|		
	Signal_peptide	(Pr	=	0.00)	|		
	|						
	Transmembrane_protein	(Pr	=	0.13)	|		
	Non-cytoplasmic_loop	(Pr	=	0.13	|		
							
	(Pr	=	0.26)	|			
	(Pr	=	0.26)	|			
	Protein_binding	(Pr	=	0.26)	|		
	Disordered_interface	(Pr	=	0.10)	|		
	|						
	Ordered_interface	(Pr	=	0.26)	|		
							
	(Pr	=	0.12)<---------------------------------------------------------|				
							
	(Pr	=	0.22)				
	Acetylation	at	K371	(Pr	=	0.22	
	(Pr	=	0.29	|	P		
	(Pr	=	0.29)				
	(ELME000002|ELME000047|ELME000233|ELME000333)						
	(Pr	=	0.29)-------------------------------------------------------|				
	of	Relative_solvent_accessibility	(Pr	=	0.29		
	Secondary_structure	(Pr	=	0.25)	|		
	|						
	Stability_and_conformational_flexibility	(Pr	=	0.20)	|		
	|---->Altered	Conformational_flexibility	(Pr	=	0.20)		
	|						
	Special_structural_signatures	(Pr	=	0.12)	|		
	Signal_peptide	(Pr	=	0.00)	|		
	|						
	Transmembrane_protein	(Pr	=	0.12)	|		
	Non-cytoplasmic_loop	(Pr	=	0.12	|		
							
	(Pr	=	0.17)	|			
	(Pr	=	0.17)	|			
	Protein_binding	(Pr	=	0.17)	|		
	Disordered_interface	(Pr	=	0.11)	|		
	|						
	Ordered_interface	(Pr	=	0.17)	|		
							
	(Pr	=	0.12)<---------------------------------------------------------|				
							
	(Pr	=	0.16)				
	at	Y154	(Pr	=	0.33		
	(Pr	=	0.33)				
	(ELME000012)						
	(Pr	=	0.33)-------------------------------------------------------|				
	of	Relative_solvent_accessibility	(Pr	=	0.27		
	Secondary_structure	(Pr	=	0.25)	|		
	|						
	Stability_and_conformational_flexibility	(Pr	=	0.19)	|		
	|---->Altered	Conformational_flexibility	(Pr	=	0.19)		
	|						
	Special_structural_signatures	(Pr	=	0.07)	|		
	Signal_peptide	(Pr	=	0.00)	|		
	|						
	Transmembrane_protein	(Pr	=	0.07)	|		
							
	(Pr	=	0.33)	|			
	Allosteric_site	at	Y154	(Pr	=	0.33	
	(Pr	=	0.32)	|			
	DNA_binding	(Pr	=	0.32	|		
	Protein_binding	(Pr	=	0.31)	|		
	Disordered_interface	(Pr	=	0.31)	|		
	|---->Altered	MoRF	(Pr	=	0.31		
	|						
	Ordered_interface	(Pr	=	0.27)	|		
							
	(Pr	=	0.20)<---------------------------------------------------------|				
	of	Sodium_binding	at	D151	(Pr		
							
	(Pr	=	0.26)				
	Acetylation	at	K150	(Pr	=	0.26	
	Methylation	at	K159	(Pr	=	0.11	
	(Pr	=	0.28	|	P		
	(Pr	=	0.28)				
	(ELME000155|ELME000336)						
	(Pr	=	0.28)-------------------------------------------------------|				
	of	Relative_solvent_accessibility	(Pr	=	0.28		
	Secondary_structure	(Pr	=	0.25)	|		
	|						
	Stability_and_conformational_flexibility	(Pr	=	0.13)	|		
	|---->Altered	Conformational_flexibility	(Pr	=	0.13)		
	|						
	Special_structural_signatures	(Pr	=	0.23)	|		
	Signal_peptide	(Pr	=	0.00)	|		
	|						
	Transmembrane_protein	(Pr	=	0.23)	|		
	Non-cytoplasmic_loop	(Pr	=	0.23	|		
							
	(Pr	=	0.27)	|			
	Allosteric_site	at	F402	(Pr	=	0.22	
	(Pr	=	0.27)	|			
	DNA_binding	(Pr	=	0.19	|		
	Protein_binding	(Pr	=	0.27)	|		
	Disordered_interface	(Pr	=	0.19)	|		
	|						
	Ordered_interface	(Pr	=	0.27)	|		
							
	(Pr	=	0.06)<---------------------------------------------------------|				
							
	(Pr	=	0.14)				
	(Pr	=	0.27	|	P		
	(Pr	=	0.27)				
	(ELME000313|ELME000336)						
	(Pr	=	0.27)-------------------------------------------------------|				
	Secondary_structure	(Pr	=	0.27)	|		
	|---->Loss	of	Strand	(Pr	=	0.27	
	|						
	Stability_and_conformational_flexibility	(Pr	=	0.10)	|		
	|---->Altered	Conformational_flexibility	(Pr	=	0.10)		
	|						
	Special_structural_signatures	(Pr	=	0.03)	|		
	Signal_peptide	(Pr	=	0.00)	|		
	|						
	Transmembrane_protein	(Pr	=	0.03)	|		
							
	(Pr	=	0.18)	|			
	(Pr	=	0.18)	|			
	Protein_binding	(Pr	=	0.18)	|		
	Disordered_interface	(Pr	=	0.02)	|		
	|						
	Ordered_interface	(Pr	=	0.18)	|		
							
	(Pr	=	0.04)<---------------------------------------------------------|				
							
	(Pr	=	0.17)				
	=	0.26	|	P	=		
	(Pr	=	0.26)				
	(ELME000052|ELME000182|ELME000202|ELME000336)						
	(Pr	=	0.25)-------------------------------------------------------|				
	Secondary_structure	(Pr	=	0.25)	|		
	|						
	Stability_and_conformational_flexibility	(Pr	=	0.19)	|		
	|---->Altered	Conformational_flexibility	(Pr	=	0.19)		
	|						
	Special_structural_signatures	(Pr	=	0.07)	|		
	Signal_peptide	(Pr	=	0.00)	|		
	|						
	Transmembrane_protein	(Pr	=	0.07)	|		
							
	(Pr	=	0.26)	|			
	(Pr	=	0.26)	|			
	Protein_binding	(Pr	=	0.26)	|		
	Disordered_interface	(Pr	=	0.14)	|		
	|						
	Ordered_interface	(Pr	=	0.26)	|		
	PPI_hotspot	(Pr	=	0.26	|		
							
	(Pr	=	0.16)<---------------------------------------------------------|				
							
	(Pr	=	0.07)				
	proteins	re-exported	from	the	nucleus		
	(Pr	=	0.27)				
	(ELME000193|ELME000235|PS00367)						
	(Pr	=	0.27)-------------------------------------------------------|				
	Secondary_structure	(Pr	=	0.27)	|		
	|						
	Stability_and_conformational_flexibility	(Pr	=	0.14)	|		
	|---->Altered	Conformational_flexibility	(Pr	=	0.14)		
	|						
	Special_structural_signatures	(Pr	=	0.03)	|		
	Signal_peptide	(Pr	=	0.00)	|		
	|						
	Transmembrane_protein	(Pr	=	0.03)	|		
							
	(Pr	=	0.17)	|			
	(Pr	=	0.13)	|			
	Protein_binding	(Pr	=	0.13)	|		
	Disordered_interface	(Pr	=	0.05)	|		
	|						
	Ordered_interface	(Pr	=	0.13)	|		
							
	(Pr	=	0.14)<---------------------------------------------------------|				
							
	(Pr	=	0.02)				
	(Pr	=	0.23	|	P		
	(Pr	=	0.26)				
	(ELME000202|ELME000313|ELME000336)						
	(Pr	=	0.25)-------------------------------------------------------|				
	of	Relative_solvent_accessibility	(Pr	=	0.23		
	Secondary_structure	(Pr	=	0.25)	|		
	|						
	Stability_and_conformational_flexibility	(Pr	=	0.13)	|		
	|---->Altered	Conformational_flexibility	(Pr	=	0.13)		
	|						
	Special_structural_signatures	(Pr	=	0.05)	|		
	Signal_peptide	(Pr	=	0.00)	|		
	|						
	Transmembrane_protein	(Pr	=	0.05)	|		
							
	(Pr	=	0.26)	|			
	(Pr	=	0.26)	|			
	Protein_binding	(Pr	=	0.26)	|		
	Disordered_interface	(Pr	=	0.05)	|		
	|						
	Ordered_interface	(Pr	=	0.26)	|		
							
	(Pr	=	0.08)<---------------------------------------------------------|				
							
	(Pr	=	0.03)				
	at	R157	(Pr	=	0.48		
	(Pr	=	0.48)				
	(ELME000012|ELME000062|ELME000101|ELME000102|ELME000108|PS00005)						
	(Pr	=	0.48)-------------------------------------------------------|				
	of	Relative_solvent_accessibility	(Pr	=	0.29		
	Secondary_structure	(Pr	=	0.28)	|		
	|---->Loss	of	Helix	(Pr	=	0.28	
	|						
	Stability_and_conformational_flexibility	(Pr	=	0.15)	|		
	|---->Altered	Conformational_flexibility	(Pr	=	0.15)		
	|						
	Special_structural_signatures	(Pr	=	0.08)	|		
	Signal_peptide	(Pr	=	0.00)	|		
	|						
	Transmembrane_protein	(Pr	=	0.08)	|		
							
	(Pr	=	0.48)	|			
	Allosteric_site	at	R157	(Pr	=	0.48	
	(Pr	=	0.32)	|			
	DNA_binding	(Pr	=	0.27	|		
	Protein_binding	(Pr	=	0.32)	|		
	Disordered_interface	(Pr	=	0.32)	|		
	|---->Altered	MoRF	(Pr	=	0.32		
	|						
	Ordered_interface	(Pr	=	0.27)	|		
							
	(Pr	=	0.07)<---------------------------------------------------------|				
							
	(Pr	=	0.18)				
	Methylation	at	K159	(Pr	=	0.11	
	(Pr	=	0.28	|	P		
	(Pr	=	0.28)				
	(ELME000202|ELME000313)						
	(Pr	=	0.28)-------------------------------------------------------|				
	of	Relative_solvent_accessibility	(Pr	=	0.28		
	Secondary_structure	(Pr	=	0.26)	|		
	|						
	Stability_and_conformational_flexibility	(Pr	=	0.16)	|		
	|---->Altered	Conformational_flexibility	(Pr	=	0.16)		
	|						
	Special_structural_signatures	(Pr	=	0.05)	|		
	Signal_peptide	(Pr	=	0.00)	|		
	|						
	Transmembrane_protein	(Pr	=	0.05)	|		
							
	(Pr	=	0.25)	|			
	(Pr	=	0.25)	|			
	Protein_binding	(Pr	=	0.25)	|		
	Disordered_interface	(Pr	=	0.04)	|		
	|						
	Ordered_interface	(Pr	=	0.25)	|		
							
	(Pr	=	0.08)<---------------------------------------------------------|				
							
	(Pr	=	0.05)				
	=	0.12	|	P	=		
	(Pr	=	0.25)				
	(ELME000231)						
	(Pr	=	0.25)-------------------------------------------------------|				
	Secondary_structure	(Pr	=	0.25)	|		
	|						
	Stability_and_conformational_flexibility	(Pr	=	0.16)	|		
	|---->Altered	Conformational_flexibility	(Pr	=	0.16)		
	|						
	Special_structural_signatures	(Pr	=	0.12)	|		
	Signal_peptide	(Pr	=	0.00)	|		
	|						
	Transmembrane_protein	(Pr	=	0.12)	|		
	Non-cytoplasmic_loop	(Pr	=	0.12	|		
							
	(Pr	=	0.14)	|			
	(Pr	=	0.14)	|			
	Protein_binding	(Pr	=	0.14)	|		
	Disordered_interface	(Pr	=	0.13)	|		
	|						
	Ordered_interface	(Pr	=	0.14)	|		
							
	(Pr	=	0.02)<---------------------------------------------------------|				
							
	(Pr	=	0.08)				
	at	K74	(Pr	=	0.19		
	(Pr	=	0.27)				
	(ELME000313)						
	(Pr	=	0.27)-------------------------------------------------------|				
	Secondary_structure	(Pr	=	0.25)	|		
	|						
	Stability_and_conformational_flexibility	(Pr	=	0.27)	|		
	|---->Altered	Conformational_flexibility	(Pr	=	0.27)		
	|						
	Special_structural_signatures	(Pr	=	0.03)	|		
	Signal_peptide	(Pr	=	0.00)	|		
	|						
	Transmembrane_protein	(Pr	=	0.03)	|		
							
	(Pr	=	0.23)	|			
	(Pr	=	0.19)	|			
	Protein_binding	(Pr	=	0.19)	|		
	Disordered_interface	(Pr	=	0.19)	|		
	|						
	Ordered_interface	(Pr	=	0.10)	|		
							
	(Pr	=	0.09)<---------------------------------------------------------|				
							
	(Pr	=	0.23)				
	Sulfation	at	Y77	(Pr	=	0.02	
	SUMOylation	at	K74	(Pr	=	0.19	
	(Pr	=	0.35	|	P		
	(Pr	=	0.35)				
	(ELME000313)						
	(Pr	=	0.35)-------------------------------------------------------|				
	Secondary_structure	(Pr	=	0.25)	|		
	|						
	Stability_and_conformational_flexibility	(Pr	=	0.35)	|		
	|---->Altered	Conformational_flexibility	(Pr	=	0.35)		
	|---->Loss	of	Intrinsic_disorder	(Pr	=	0.35	
	|						
	Special_structural_signatures	(Pr	=	0.03)	|		
	Signal_peptide	(Pr	=	0.00)	|		
	|						
	Transmembrane_protein	(Pr	=	0.03)	|		
							
	(Pr	=	0.24)	|			
	(Pr	=	0.19)	|			
	Protein_binding	(Pr	=	0.19)	|		
	Disordered_interface	(Pr	=	0.19)	|		
	|						
	Ordered_interface	(Pr	=	0.12)	|		
							
	(Pr	=	0.09)<---------------------------------------------------------|				
							
	(Pr	=	0.24)				
	Sulfation	at	Y77	(Pr	=	0.02	
	SUMOylation	at	K74	(Pr	=	0.21	
	at	G46	(Pr	=	0.23		
	(Pr	=	0.26)				
	(None)						
	(Pr	=	0.26)-------------------------------------------------------|				
	Secondary_structure	(Pr	=	0.26)	|		
	|						
	Stability_and_conformational_flexibility	(Pr	=	0.17)	|		
	|---->Altered	Conformational_flexibility	(Pr	=	0.17)		
	|						
	Special_structural_signatures	(Pr	=	0.03)	|		
	Signal_peptide	(Pr	=	0.00)	|		
	|						
	Transmembrane_protein	(Pr	=	0.03)	|		
							
	(Pr	=	0.23)	|			
	(Pr	=	0.17)	|			
	Protein_binding	(Pr	=	0.17)	|		
	Disordered_interface	(Pr	=	0.03)	|		
	|						
	Ordered_interface	(Pr	=	0.17)	|		
							
	(Pr	=	0.05)<---------------------------------------------------------|				
							
	(Pr	=	0.23)				
	ADP-ribosylation	at	G46	(Pr	=	0.23	
	at	N61	(Pr	=	0.01		
	(Pr	=	0.26)				
	(ELME000333)						
	(Pr	=	0.26)-------------------------------------------------------|				
	Secondary_structure	(Pr	=	0.26)	|		
	|						
	Stability_and_conformational_flexibility	(Pr	=	0.19)	|		
	|---->Altered	Conformational_flexibility	(Pr	=	0.19)		
	|						
	Special_structural_signatures	(Pr	=	0.08)	|		
	Signal_peptide	(Pr	=	0.00)	|		
	|						
	Transmembrane_protein	(Pr	=	0.08)	|		
							
	(Pr	=	0.16)	|			
	(Pr	=	0.14)	|			
	Protein_binding	(Pr	=	0.14)	|		
	Disordered_interface	(Pr	=	0.05)	|		
	|						
	Ordered_interface	(Pr	=	0.14)	|		
							
	(Pr	=	0.14)<---------------------------------------------------------|				
							
	(Pr	=	0.06)				
	N-linked_glycosylation	at	N61	(Pr	=	0.01	
	1	interacting	phospho-motif	for	14-3-3		
	(Pr	=	0.25)				
	(ELME000048|ELME000163|ELME000182)						
	(Pr	=	0.25)-------------------------------------------------------|				
	Secondary_structure	(Pr	=	0.25)	|		
	|						
	Stability_and_conformational_flexibility	(Pr	=	0.22)	|		
	|---->Altered	Conformational_flexibility	(Pr	=	0.22)		
	|						
	Special_structural_signatures	(Pr	=	0.08)	|		
	Signal_peptide	(Pr	=	0.00)	|		
	|						
	Transmembrane_protein	(Pr	=	0.08)	|		
							
	(Pr	=	0.21)	|			
	(Pr	=	0.21)	|			
	Protein_binding	(Pr	=	0.21)	|		
	Disordered_interface	(Pr	=	0.09)	|		
	|						
	Ordered_interface	(Pr	=	0.21)	|		
							
	(Pr	=	0.03)<---------------------------------------------------------|				
							
	(Pr	=	0.08)				
	at	Y317	(Pr	=	0.01		
	(Pr	=	0.25)				
	(ELME000133|ELME000337|PS00005)						
	(Pr	=	0.25)-------------------------------------------------------|				
	Secondary_structure	(Pr	=	0.25)	|		
	|						
	Stability_and_conformational_flexibility	(Pr	=	0.18)	|		
	|---->Altered	Conformational_flexibility	(Pr	=	0.18)		
	|						
	Special_structural_signatures	(Pr	=	0.09)	|		
	Signal_peptide	(Pr	=	0.00)	|		
	|						
	Transmembrane_protein	(Pr	=	0.09)	|		
							
	(Pr	=	0.15)	|			
	(Pr	=	0.14)	|			
	Protein_binding	(Pr	=	0.14)	|		
	Disordered_interface	(Pr	=	0.08)	|		
	|						
	Ordered_interface	(Pr	=	0.14)	|		
							
	(Pr	=	0.06)<---------------------------------------------------------|				
							
	(Pr	=	0.15)				
	Sulfation	at	Y317	(Pr	=	0.01	
	preference	for	PKA-type	AGC	kinase		
	(Pr	=	0.23)				
	(ELME000062|ELME000063|ELME000172|ELME000202|ELME000336)						
	(Pr	=	0.23)-------------------------------------------------------|				
	Secondary_structure	(Pr	=	0.23)	|		
	|						
	Stability_and_conformational_flexibility	(Pr	=	0.09)	|		
	|---->Altered	Conformational_flexibility	(Pr	=	0.09)		
	|						
	Special_structural_signatures	(Pr	=	0.07)	|		
	Signal_peptide	(Pr	=	0.00)	|		
	|						
	Transmembrane_protein	(Pr	=	0.07)	|		
							
	(Pr	=	0.21)	|			
	(Pr	=	0.21)	|			
	Protein_binding	(Pr	=	0.21)	|		
	Disordered_interface	(Pr	=	0.13)	|		
	|						
	Ordered_interface	(Pr	=	0.21)	|		
							
	(Pr	=	0.11)<---------------------------------------------------------|				
							
	(Pr	=	0.08)				
	at	R157	(Pr	=	0.35		
	(Pr	=	0.35)				
	(ELME000012|ELME000101|ELME000102|ELME000108)						
	(Pr	=	0.35)----------------------------------------------------------|				
	of	Relative_solvent_accessibility	(Pr	=	0.31		
	Secondary_structure	(Pr	=	0.27)	|		
	|---->Loss	of	Helix	(Pr	=	0.27	
	|						
	Stability_and_conformational_flexibility	(Pr	=	0.15)	|		
	|---->Altered	Conformational_flexibility	(Pr	=	0.15)		
	|						
	Special_structural_signatures	(Pr	=	0.09)	|		
	Signal_peptide	(Pr	=	0.00)	|		
	|						
	Transmembrane_protein	(Pr	=	0.09)	|		
							
	(Pr	=	0.35)	|			
	Allosteric_site	at	R157	(Pr	=	0.35	
	(Pr	=	0.32)	|			
	DNA_binding	(Pr	=	0.30	|		
	Protein_binding	(Pr	=	0.32)	|		
	Disordered_interface	(Pr	=	0.31)	|		
	|---->Altered	MoRF	(Pr	=	0.31		
	|						
	Ordered_interface	(Pr	=	0.32)	|		
	PPI_residue	(Pr	=	0.32	|		
							
	(Pr	=	0.08)<------------------------------------------------------------|				
							
	(Pr	=	0.18)				
	Methylation	at	K159	(Pr	=	0.12	
							
	(Pr	=	0.23)				
	(None)						
	(Pr	=	0.23)-------------------------------------------------------|				
	Secondary_structure	(Pr	=	0.23)	|		
	|						
	Stability_and_conformational_flexibility	(Pr	=	0.12)	|		
	|---->Altered	Conformational_flexibility	(Pr	=	0.12)		
	|						
	Special_structural_signatures	(Pr	=	0.09)	|		
	Signal_peptide	(Pr	=	0.00)	|		
	|						
	Transmembrane_protein	(Pr	=	0.09)	|		
							
	(Pr	=	0.18)	|			
	(Pr	=	0.18)	|			
	Protein_binding	(Pr	=	0.18)	|		
	Disordered_interface	(Pr	=	0.18)	|		
	|						
	Ordered_interface	(Pr	=	0.16)	|		
							
	(Pr	=	0.12)<---------------------------------------------------------|				
							
	(Pr	=	0.08)				
	motif	binding	a	subset	of		
	(Pr	=	0.30)				
	(ELME000052|ELME000285|ELME000355)						
	(Pr	=	0.30)-------------------------------------------------------|				
	Secondary_structure	(Pr	=	0.26)	|		
	|						
	Stability_and_conformational_flexibility	(Pr	=	0.30)	|		
	|---->Altered	Conformational_flexibility	(Pr	=	0.30)		
	|						
	Special_structural_signatures	(Pr	=	0.03)	|		
	Signal_peptide	(Pr	=	0.00)	|		
	|						
	Transmembrane_protein	(Pr	=	0.03)	|		
							
	(Pr	=	0.12)	|			
	(Pr	=	0.12)	|			
	Protein_binding	(Pr	=	0.12)	|		
	Disordered_interface	(Pr	=	0.12)	|		
	|						
	Ordered_interface	(Pr	=	0.09)	|		
							
	(Pr	=	0.02)<---------------------------------------------------------|				
							
	(Pr	=	0.05)				
	=	0.29	|	P	=		
	(Pr	=	0.29)				
	(ELME000052|ELME000202)						
	(Pr	=	0.28)-------------------------------------------------------|				
	Secondary_structure	(Pr	=	0.28)	|		
	|---->Gain	of	Strand	(Pr	=	0.28	
	|						
	Stability_and_conformational_flexibility	(Pr	=	0.13)	|		
	|---->Altered	Conformational_flexibility	(Pr	=	0.13)		
	|						
	Special_structural_signatures	(Pr	=	0.22)	|		
	Coiled_coil	(Pr	=	0.22	|		
	Signal_peptide	(Pr	=	0.00)	|		
	|						
	Transmembrane_protein	(Pr	=	0.15)	|		
	Non-cytoplasmic_loop	(Pr	=	0.15	|		
							
	(Pr	=	0.29)	|			
	(Pr	=	0.29)	|			
	Protein_binding	(Pr	=	0.29)	|		
	Disordered_interface	(Pr	=	0.18)	|		
	|						
	Ordered_interface	(Pr	=	0.29)	|		
	PPI_residue	(Pr	=	0.29	|		
	PPI_hotspot	(Pr	=	0.25	|		
							
	(Pr	=	0.12)<---------------------------------------------------------|				
							
	(Pr	=	0.15)				
	Sulfation	at	Y417	(Pr	=	0.02	
	(Pr	=	0.26	|	P		
	(Pr	=	0.26)				
	(ELME000202|ELME000313)						
	(Pr	=	0.26)-------------------------------------------------------|				
	of	Relative_solvent_accessibility	(Pr	=	0.26		
	Secondary_structure	(Pr	=	0.25)	|		
	|						
	Stability_and_conformational_flexibility	(Pr	=	0.21)	|		
	|---->Altered	Conformational_flexibility	(Pr	=	0.21)		
	|						
	Special_structural_signatures	(Pr	=	0.05)	|		
	Signal_peptide	(Pr	=	0.00)	|		
	|						
	Transmembrane_protein	(Pr	=	0.05)	|		
							
	(Pr	=	0.25)	|			
	(Pr	=	0.25)	|			
	Protein_binding	(Pr	=	0.25)	|		
	Disordered_interface	(Pr	=	0.14)	|		
	|						
	Ordered_interface	(Pr	=	0.25)	|		
							
	(Pr	=	0.07)<---------------------------------------------------------|				
							
	(Pr	=	0.03)				
	(Pr	=	0.32	|	P		
	(Pr	=	0.32)				
	(ELME000106|ELME000146|ELME000182)						
	(Pr	=	0.32)----------------------------------------------------------|				
	of	Relative_solvent_accessibility	(Pr	=	0.32		
	Secondary_structure	(Pr	=	0.24)	|		
	|						
	Stability_and_conformational_flexibility	(Pr	=	0.14)	|		
	|---->Altered	Conformational_flexibility	(Pr	=	0.14)		
	|						
	Special_structural_signatures	(Pr	=	0.08)	|		
	Signal_peptide	(Pr	=	0.00)	|		
	|						
	Transmembrane_protein	(Pr	=	0.08)	|		
							
	(Pr	=	0.23)	|			
	(Pr	=	0.23)	|			
	Protein_binding	(Pr	=	0.23)	|		
	Disordered_interface	(Pr	=	0.16)	|		
	|						
	Ordered_interface	(Pr	=	0.23)	|		
							
	(Pr	=	0.23)<------------------------------------------------------------|				
	of	Nickel_binding	at	H201	(Pr		
	of	Zinc_binding	at	H201	(Pr		
							
	(Pr	=	0.23)				
	Acetylation	at	K195	(Pr	=	0.23	
	=	0.25	|	P	=		
	(Pr	=	0.26)				
	(ELME000182)						
	(Pr	=	0.26)-------------------------------------------------------|				
	Secondary_structure	(Pr	=	0.26)	|		
	|						
	Stability_and_conformational_flexibility	(Pr	=	0.22)	|		
	|---->Altered	Conformational_flexibility	(Pr	=	0.22)		
	|						
	Special_structural_signatures	(Pr	=	0.03)	|		
	Signal_peptide	(Pr	=	0.00)	|		
	|						
	Transmembrane_protein	(Pr	=	0.03)	|		
							
	(Pr	=	0.25)	|			
	(Pr	=	0.25)	|			
	Protein_binding	(Pr	=	0.25)	|		
	Disordered_interface	(Pr	=	0.06)	|		
	|						
	Ordered_interface	(Pr	=	0.25)	|		
	PPI_hotspot	(Pr	=	0.25	|		
							
	(Pr	=	0.02)<---------------------------------------------------------|				
							
	(Pr	=	0.15)				
	motif	binding	a	subset	of		
	(Pr	=	0.23)				
	(ELME000052|ELME000202|ELME000336)						
	(Pr	=	0.23)-------------------------------------------------------|				
	Secondary_structure	(Pr	=	0.23)	|		
	|						
	Stability_and_conformational_flexibility	(Pr	=	0.16)	|		
	|---->Altered	Conformational_flexibility	(Pr	=	0.16)		
	|						
	Special_structural_signatures	(Pr	=	0.06)	|		
	Signal_peptide	(Pr	=	0.00)	|		
	|						
	Transmembrane_protein	(Pr	=	0.06)	|		
							
	(Pr	=	0.22)	|			
	(Pr	=	0.22)	|			
	Protein_binding	(Pr	=	0.22)	|		
	Disordered_interface	(Pr	=	0.13)	|		
	|						
	Ordered_interface	(Pr	=	0.22)	|		
							
	(Pr	=	0.11)<---------------------------------------------------------|				
							
	(Pr	=	0.08)				
	=	0.32	|	P	=		
	(Pr	=	0.32)				
	(ELME000064|PS00006|PS00008)						
	(Pr	=	0.28)-------------------------------------------------------|				
	of	Relative_solvent_accessibility	(Pr	=	0.28		
	Secondary_structure	(Pr	=	0.27)	|		
	|---->Gain	of	Strand	(Pr	=	0.27	
	|						
	Stability_and_conformational_flexibility	(Pr	=	0.24)	|		
	|---->Altered	Conformational_flexibility	(Pr	=	0.24)		
	|						
	Special_structural_signatures	(Pr	=	0.17)	|		
	Signal_peptide	(Pr	=	0.00)	|		
	|						
	Transmembrane_protein	(Pr	=	0.17)	|		
	Non-cytoplasmic_loop	(Pr	=	0.17	|		
							
	(Pr	=	0.32)	|			
	(Pr	=	0.32)	|			
	Protein_binding	(Pr	=	0.32)	|		
	Disordered_interface	(Pr	=	0.11)	|		
	|						
	Ordered_interface	(Pr	=	0.32)	|		
	PPI_residue	(Pr	=	0.32	|		
							
	(Pr	=	0.24)<---------------------------------------------------------|				
	of	Copper_binding	at	H170	(Pr		
	of	Manganese_binding	at	H170	(Pr		
	of	Nickel_binding	at	H170	(Pr		
	of	Potassium_binding	at	Q172	(Pr		
	of	Sodium_binding	at	Q172	(Pr		
	of	Zinc_binding	at	H170	(Pr		
							
	(Pr	=	0.12)				
	=	0.41	|	P	=		
	(Pr	=	0.41)				
	(ELME000012|ELME000101|ELME000182)						
	(Pr	=	0.28)-------------------------------------------------------|				
	of	Relative_solvent_accessibility	(Pr	=	0.28		
	Secondary_structure	(Pr	=	0.27)	|		
	|---->Loss	of	Helix	(Pr	=	0.27	
	|						
	Stability_and_conformational_flexibility	(Pr	=	0.21)	|		
	|---->Altered	Conformational_flexibility	(Pr	=	0.21)		
	|						
	Special_structural_signatures	(Pr	=	0.08)	|		
	Signal_peptide	(Pr	=	0.00)	|		
	|						
	Transmembrane_protein	(Pr	=	0.08)	|		
							
	(Pr	=	0.41)	|			
	Allosteric_site	at	Y154	(Pr	=	0.28	
	(Pr	=	0.41)	|			
	DNA_binding	(Pr	=	0.34	|		
	Protein_binding	(Pr	=	0.41)	|		
	Disordered_interface	(Pr	=	0.41)	|		
	|---->Altered	MoRF	(Pr	=	0.41		
	|						
	Ordered_interface	(Pr	=	0.36)	|		
	PPI_residue	(Pr	=	0.36	|		
							
	(Pr	=	0.20)<---------------------------------------------------------|				
	of	Potassium_binding	at	D151	(Pr		
	of	Sodium_binding	at	D151	(Pr		
							
	(Pr	=	0.30)				
	Acetylation	at	K150	(Pr	=	0.3	
	Methylation	at	K159	(Pr	=	0.11	
	at	K96	(Pr	=	0.19		
	(Pr	=	0.25)				
	(None)						
	(Pr	=	0.25)-------------------------------------------------------|				
	Secondary_structure	(Pr	=	0.25)	|		
	|						
	Stability_and_conformational_flexibility	(Pr	=	0.13)	|		
	|---->Altered	Conformational_flexibility	(Pr	=	0.13)		
	|						
	Special_structural_signatures	(Pr	=	0.07)	|		
	Signal_peptide	(Pr	=	0.00)	|		
	|						
	Transmembrane_protein	(Pr	=	0.07)	|		
							
	(Pr	=	0.25)	|			
	(Pr	=	0.25)	|			
	Protein_binding	(Pr	=	0.25)	|		
	Disordered_interface	(Pr	=	0.25)	|		
	|						
	Ordered_interface	(Pr	=	0.09)	|		
							
	(Pr	=	0.06)<---------------------------------------------------------|				
							
	(Pr	=	0.19)				
	Acetylation	at	K96	(Pr	=	0.19	
	=	0.16	|	P	=		
	(Pr	=	0.27)				
	(ELME000064|ELME000220)						
	(Pr	=	0.27)-------------------------------------------------------|				
	Secondary_structure	(Pr	=	0.27)	|		
	|						
	Stability_and_conformational_flexibility	(Pr	=	0.20)	|		
	|---->Altered	Conformational_flexibility	(Pr	=	0.20)		
	|						
	Special_structural_signatures	(Pr	=	0.16)	|		
	Signal_peptide	(Pr	=	0.00)	|		
	|						
	Transmembrane_protein	(Pr	=	0.16)	|		
	Non-cytoplasmic_loop	(Pr	=	0.16	|		
							
	(Pr	=	0.22)	|			
	(Pr	=	0.22)	|			
	Protein_binding	(Pr	=	0.22)	|		
	Disordered_interface	(Pr	=	0.22)	|		
	|						
	Ordered_interface	(Pr	=	0.09)	|		
							
	(Pr	=	0.09)<---------------------------------------------------------|				
							
	(Pr	=	0.10)				
	=	0.34	|	P	=		
	(Pr	=	0.34)				
	(ELME000336)						
	(Pr	=	0.26)-------------------------------------------------------|				
	of	Relative_solvent_accessibility	(Pr	=	0.26		
	Secondary_structure	(Pr	=	0.24)	|		
	|						
	Stability_and_conformational_flexibility	(Pr	=	0.15)	|		
	|---->Altered	Conformational_flexibility	(Pr	=	0.15)		
	|						
	Special_structural_signatures	(Pr	=	0.25)	|		
	Signal_peptide	(Pr	=	0.00)	|		
	|						
	Transmembrane_protein	(Pr	=	0.25)	|		
	Non-cytoplasmic_loop	(Pr	=	0.25	|		
							
	(Pr	=	0.34)	|			
	Allosteric_site	at	F402	(Pr	=	0.21	
	(Pr	=	0.34)	|			
	DNA_binding	(Pr	=	0.19	|		
	Protein_binding	(Pr	=	0.34)	|		
	Disordered_interface	(Pr	=	0.19)	|		
	|						
	Ordered_interface	(Pr	=	0.34)	|		
	PPI_residue	(Pr	=	0.34	|		
							
	(Pr	=	0.07)<---------------------------------------------------------|				
							
	(Pr	=	0.14)				
	at	H146	(Pr	=	0.28		
	(Pr	=	0.28)				
	(None)						
	(Pr	=	0.28)-------------------------------------------------------|				
	of	Relative_solvent_accessibility	(Pr	=	0.27		
	Secondary_structure	(Pr	=	0.27)	|		
	|---->Loss	of	Loop	(Pr	=	0.27	
	|						
	Stability_and_conformational_flexibility	(Pr	=	0.21)	|		
	|---->Altered	Conformational_flexibility	(Pr	=	0.21)		
	|						
	Special_structural_signatures	(Pr	=	0.07)	|		
	Signal_peptide	(Pr	=	0.00)	|		
	|						
	Transmembrane_protein	(Pr	=	0.07)	|		
							
	(Pr	=	0.28)	|			
	Catalytic_site	at	H146	(Pr	=	0.28	
	Allosteric_site	at	H146	(Pr	=	0.25	
	(Pr	=	0.27)	|			
	Protein_binding	(Pr	=	0.27)	|		
	Disordered_interface	(Pr	=	0.24)	|		
	|						
	Ordered_interface	(Pr	=	0.27)	|		
							
	(Pr	=	0.28)<---------------------------------------------------------|				
	of	Copper_binding	at	H146	(Pr		
	of	Manganese_binding	at	D145	(Pr		
	of	Nickel_binding	at	D145	(Pr		
	of	Potassium_binding	at	D151	(Pr		
	of	Sodium_binding	at	D143	(Pr		
	of	Zinc_binding	at	D145	(Pr		
							
	(Pr	=	0.26)				
	Acetylation	at	K150	(Pr	=	0.26	
	=	0.25	|	P	=		
	(Pr	=	0.26)				
	(ELME000012|ELME000052|ELME000102|ELME000108|ELME000182|ELME000202|PS00005)						
	(Pr	=	0.26)-------------------------------------------------------|				
	Secondary_structure	(Pr	=	0.26)	|		
	|						
	Stability_and_conformational_flexibility	(Pr	=	0.13)	|		
	|---->Altered	Conformational_flexibility	(Pr	=	0.13)		
	|						
	Special_structural_signatures	(Pr	=	0.13)	|		
	Coiled_coil	(Pr	=	0.13	|		
	Signal_peptide	(Pr	=	0.00)	|		
	|						
	Transmembrane_protein	(Pr	=	0.10)	|		
	Non-cytoplasmic_loop	(Pr	=	0.10	|		
							
	(Pr	=	0.26)	|			
	(Pr	=	0.26)	|			
	Protein_binding	(Pr	=	0.26)	|		
	Disordered_interface	(Pr	=	0.14)	|		
	|						
	Ordered_interface	(Pr	=	0.26)	|		
	PPI_hotspot	(Pr	=	0.25	|		
							
	(Pr	=	0.11)<---------------------------------------------------------|				
							
	(Pr	=	0.20)				
	ADP-ribosylation	at	Q419	(Pr	=	0.2	
	Sulfation	at	Y417	(Pr	=	0.02	
	(Pr	=	0.27	|	P		
	(Pr	=	0.27)				
	(ELME000062|ELME000182)						
	(Pr	=	0.27)-------------------------------------------------------|				
	Secondary_structure	(Pr	=	0.27)	|		
	|---->Loss	of	Loop	(Pr	=	0.27	
	|						
	Stability_and_conformational_flexibility	(Pr	=	0.26)	|		
	|---->Altered	Conformational_flexibility	(Pr	=	0.26)		
	|						
	Special_structural_signatures	(Pr	=	0.03)	|		
	Signal_peptide	(Pr	=	0.00)	|		
	|						
	Transmembrane_protein	(Pr	=	0.03)	|		
							
	(Pr	=	0.26)	|			
	(Pr	=	0.26)	|			
	Protein_binding	(Pr	=	0.26)	|		
	Disordered_interface	(Pr	=	0.11)	|		
	|						
	Ordered_interface	(Pr	=	0.26)	|		
	PPI_hotspot	(Pr	=	0.26	|		
							
	(Pr	=	0.02)<---------------------------------------------------------|				
							
	(Pr	=	0.15)				
	(Pr	=	0.26	|	P		
	(Pr	=	0.26)				
	(ELME000064|ELME000085|ELME000147|ELME000220)						
	(Pr	=	0.26)-------------------------------------------------------|				
	Secondary_structure	(Pr	=	0.26)	|		
	|---->Gain	of	Strand	(Pr	=	0.26	
	|						
	Stability_and_conformational_flexibility	(Pr	=	0.22)	|		
	|---->Altered	Conformational_flexibility	(Pr	=	0.22)		
	|						
	Special_structural_signatures	(Pr	=	0.15)	|		
	Signal_peptide	(Pr	=	0.00)	|		
	|						
	Transmembrane_protein	(Pr	=	0.15)	|		
	Non-cytoplasmic_loop	(Pr	=	0.15	|		
							
	(Pr	=	0.23)	|			
	(Pr	=	0.23)	|			
	Protein_binding	(Pr	=	0.23)	|		
	Disordered_interface	(Pr	=	0.23)	|		
	|						
	Ordered_interface	(Pr	=	0.10)	|		
							
	(Pr	=	0.05)<---------------------------------------------------------|				
							
	(Pr	=	0.13)				
	=	0.19	|	P	=		
	(Pr	=	0.24)				
	(ELME000052|ELME000202|ELME000336|PS00005)						
	(Pr	=	0.24)-------------------------------------------------------|				
	Secondary_structure	(Pr	=	0.24)	|		
	|						
	Stability_and_conformational_flexibility	(Pr	=	0.16)	|		
	|---->Altered	Conformational_flexibility	(Pr	=	0.16)		
	|						
	Special_structural_signatures	(Pr	=	0.19)	|		
	Coiled_coil	(Pr	=	0.19	|		
	Signal_peptide	(Pr	=	0.00)	|		
	|						
	Transmembrane_protein	(Pr	=	0.09)	|		
							
	(Pr	=	0.17)	|			
	(Pr	=	0.17)	|			
	Protein_binding	(Pr	=	0.17)	|		
	Disordered_interface	(Pr	=	0.17)	|		
	|						
	Ordered_interface	(Pr	=	0.13)	|		
							
	(Pr	=	0.10)<---------------------------------------------------------|				
							
	(Pr	=	0.13)				
	=	0.25	|	P	=		
	(Pr	=	0.25)				
	(ELME000136|ELME000159|ELME000358)						
	(Pr	=	0.25)-------------------------------------------------------|				
	Secondary_structure	(Pr	=	0.25)	|		
	|						
	Stability_and_conformational_flexibility	(Pr	=	0.23)	|		
	|---->Altered	Conformational_flexibility	(Pr	=	0.23)		
	|						
	Special_structural_signatures	(Pr	=	0.07)	|		
	Signal_peptide	(Pr	=	0.00)	|		
	|						
	Transmembrane_protein	(Pr	=	0.07)	|		
							
	(Pr	=	0.25)	|			
	(Pr	=	0.25)	|			
	Protein_binding	(Pr	=	0.25)	|		
	Disordered_interface	(Pr	=	0.11)	|		
	|						
	Ordered_interface	(Pr	=	0.25)	|		
	PPI_hotspot	(Pr	=	0.25	|		
							
	(Pr	=	0.04)<---------------------------------------------------------|				
							
	(Pr	=	0.05)				
	Sulfation	at	Y277	(Pr	=	0.01	
	=	0.27	|	P	=		
	(Pr	=	0.27)				
	(ELME000335|PS00008)						
	(Pr	=	0.27)-------------------------------------------------------|				
	Secondary_structure	(Pr	=	0.17)	|		
	|						
	Stability_and_conformational_flexibility	(Pr	=	0.21)	|		
	|---->Altered	Conformational_flexibility	(Pr	=	0.21)		
	|						
	Special_structural_signatures	(Pr	=	0.27)	|		
	Coiled_coil	(Pr	=	0.27	|		
	Signal_peptide	(Pr	=	0.00)	|		
	|						
	Transmembrane_protein	(Pr	=	0.03)	|		
							
	(Pr	=	0.18)	|			
	(Pr	=	0.18)	|			
	Protein_binding	(Pr	=	0.18)	|		
	Disordered_interface	(Pr	=	0.18)	|		
	|						
	Ordered_interface	(Pr	=	0.11)	|		
							
	(Pr	=	0.06)<---------------------------------------------------------|				
							
	(Pr	=	0.03)				
	=	0.36	|	P	=		
	(Pr	=	0.36)				
	(None)						
	(Pr	=	0.33)----------------------------------------------------------|				
	of	Relative_solvent_accessibility	(Pr	=	0.33		
	Secondary_structure	(Pr	=	0.27)	|		
	|---->Gain	of	Loop	(Pr	=	0.27	
	|						
	Stability_and_conformational_flexibility	(Pr	=	0.18)	|		
	|---->Altered	Conformational_flexibility	(Pr	=	0.18)		
	|						
	Special_structural_signatures	(Pr	=	0.09)	|		
	Signal_peptide	(Pr	=	0.00)	|		
	|						
	Transmembrane_protein	(Pr	=	0.09)	|		
							
	(Pr	=	0.36)	|			
	Catalytic_site	at	Q172	(Pr	=	0.09	
	Allosteric_site	at	Y168	(Pr	=	0.25	
	(Pr	=	0.36)	|			
	DNA_binding	(Pr	=	0.21	|		
	Protein_binding	(Pr	=	0.36)	|		
	Disordered_interface	(Pr	=	0.25)	|		
	|						
	Ordered_interface	(Pr	=	0.36)	|		
	PPI_residue	(Pr	=	0.36	|		
							
	(Pr	=	0.23)<------------------------------------------------------------|				
	of	Copper_binding	at	H170	(Pr		
	of	Manganese_binding	at	H170	(Pr		
	of	Nickel_binding	at	H170	(Pr		
	of	Potassium_binding	at	Y168	(Pr		
	of	Sodium_binding	at	Q172	(Pr		
							
	(Pr	=	0.23)				
	Phosphorylation	at	Y166	(Pr	=	0.23	
	=	0.31	|	P	=		
	(Pr	=	0.31)				
	(None)						
	(Pr	=	0.24)-------------------------------------------------------|				
	Secondary_structure	(Pr	=	0.24)	|		
	|						
	Stability_and_conformational_flexibility	(Pr	=	0.16)	|		
	|---->Altered	Conformational_flexibility	(Pr	=	0.16)		
	|						
	Special_structural_signatures	(Pr	=	0.05)	|		
	Signal_peptide	(Pr	=	0.00)	|		
	|						
	Transmembrane_protein	(Pr	=	0.05)	|		
							
	(Pr	=	0.31)	|			
	(Pr	=	0.31)	|			
	Protein_binding	(Pr	=	0.31)	|		
	Disordered_interface	(Pr	=	0.17)	|		
	|						
	Ordered_interface	(Pr	=	0.31)	|		
	PPI_residue	(Pr	=	0.31	|		
							
	(Pr	=	0.19)<---------------------------------------------------------|				
	of	Nickel_binding	at	D222	(Pr		
							
	(Pr	=	0.04)				
	at	H285	(Pr	=	0.22		
	(Pr	=	0.25)				
	(ELME000193|ELME000235|ELME000331|PS00367)						
	(Pr	=	0.25)-------------------------------------------------------|				
	Secondary_structure	(Pr	=	0.25)	|		
	|						
	Stability_and_conformational_flexibility	(Pr	=	0.11)	|		
	|---->Altered	Conformational_flexibility	(Pr	=	0.11)		
	|						
	Special_structural_signatures	(Pr	=	0.03)	|		
	Signal_peptide	(Pr	=	0.00)	|		
	|						
	Transmembrane_protein	(Pr	=	0.03)	|		
							
	(Pr	=	0.22)	|			
	Allosteric_site	at	H285	(Pr	=	0.22	
	(Pr	=	0.14)	|			
	Protein_binding	(Pr	=	0.14)	|		
	Disordered_interface	(Pr	=	0.05)	|		
	|						
	Ordered_interface	(Pr	=	0.14)	|		
							
	(Pr	=	0.12)<---------------------------------------------------------|				
							
	(Pr	=	0.08)				
	(Pr	=	0.28	|	P		
	(Pr	=	0.28)				
	(ELME000136|ELME000159|ELME000182|ELME000358)						
	(Pr	=	0.28)-------------------------------------------------------|				
	Secondary_structure	(Pr	=	0.28)	|		
	|---->Gain	of	Helix	(Pr	=	0.28	
	|						
	Stability_and_conformational_flexibility	(Pr	=	0.23)	|		
	|---->Altered	Conformational_flexibility	(Pr	=	0.23)		
	|						
	Special_structural_signatures	(Pr	=	0.08)	|		
	Signal_peptide	(Pr	=	0.00)	|		
	|						
	Transmembrane_protein	(Pr	=	0.08)	|		
							
	(Pr	=	0.25)	|			
	(Pr	=	0.25)	|			
	Protein_binding	(Pr	=	0.25)	|		
	Disordered_interface	(Pr	=	0.08)	|		
	|						
	Ordered_interface	(Pr	=	0.25)	|		
	PPI_hotspot	(Pr	=	0.25	|		
							
	(Pr	=	0.05)<---------------------------------------------------------|				
							
	(Pr	=	0.06)				
	Sulfation	at	Y277	(Pr	=	0.01	
	=	0.26	|	P	=		
	(Pr	=	0.27)				
	(PS00008)						
	(Pr	=	0.27)-------------------------------------------------------|				
	Secondary_structure	(Pr	=	0.27)	|		
	|						
	Stability_and_conformational_flexibility	(Pr	=	0.15)	|		
	|---->Altered	Conformational_flexibility	(Pr	=	0.15)		
	|						
	Special_structural_signatures	(Pr	=	0.08)	|		
	Signal_peptide	(Pr	=	0.00)	|		
	|						
	Transmembrane_protein	(Pr	=	0.08)	|		
							
	(Pr	=	0.26)	|			
	(Pr	=	0.26)	|			
	Protein_binding	(Pr	=	0.26)	|		
	Disordered_interface	(Pr	=	0.12)	|		
	|						
	Ordered_interface	(Pr	=	0.26)	|		
	PPI_hotspot	(Pr	=	0.26	|		
							
	(Pr	=	0.04)<---------------------------------------------------------|				
							
	(Pr	=	0.09)				
	=	0.32	|	P	=		
	(Pr	=	0.32)				
	(None)						
	(Pr	=	0.29)-------------------------------------------------------|				
	of	Relative_solvent_accessibility	(Pr	=	0.29		
	Secondary_structure	(Pr	=	0.29)	|		
	|---->Gain	of	Loop	(Pr	=	0.29	
	|						
	Stability_and_conformational_flexibility	(Pr	=	0.17)	|		
	|---->Altered	Conformational_flexibility	(Pr	=	0.17)		
	|						
	Special_structural_signatures	(Pr	=	0.10)	|		
	Signal_peptide	(Pr	=	0.00)	|		
	|						
	Transmembrane_protein	(Pr	=	0.10)	|		
							
	(Pr	=	0.32)	|			
	Allosteric_site	at	Y168	(Pr	=	0.28	
	(Pr	=	0.32)	|			
	DNA_binding	(Pr	=	0.22	|		
	Protein_binding	(Pr	=	0.32)	|		
	Disordered_interface	(Pr	=	0.24)	|		
	|						
	Ordered_interface	(Pr	=	0.32)	|		
	PPI_residue	(Pr	=	0.32	|		
							
	(Pr	=	0.27)<---------------------------------------------------------|				
	of	Copper_binding	at	H170	(Pr		
	of	Manganese_binding	at	H170	(Pr		
	of	Nickel_binding	at	H170	(Pr		
	of	Potassium_binding	at	Y168	(Pr		
	of	Sodium_binding	at	Q172	(Pr		
	of	Zinc_binding	at	H170	(Pr		
							
	(Pr	=	0.24)				
	Phosphorylation	at	Y166	(Pr	=	0.24	
	at	Y317	(Pr	=	0.01		
	(Pr	=	0.26)				
	(ELME000133)						
	(Pr	=	0.26)-------------------------------------------------------|				
	Secondary_structure	(Pr	=	0.26)	|		
	|						
	Stability_and_conformational_flexibility	(Pr	=	0.18)	|		
	|---->Altered	Conformational_flexibility	(Pr	=	0.18)		
	|						
	Special_structural_signatures	(Pr	=	0.09)	|		
	Signal_peptide	(Pr	=	0.00)	|		
	|						
	Transmembrane_protein	(Pr	=	0.09)	|		
							
	(Pr	=	0.16)	|			
	(Pr	=	0.14)	|			
	Protein_binding	(Pr	=	0.14)	|		
	Disordered_interface	(Pr	=	0.08)	|		
	|						
	Ordered_interface	(Pr	=	0.14)	|		
							
	(Pr	=	0.16)<---------------------------------------------------------|				
							
	(Pr	=	0.04)				
	Sulfation	at	Y317	(Pr	=	0.01	
	at	K215	(Pr	=	0.24		
	(Pr	=	0.25)				
	(None)						
	(Pr	=	0.25)-------------------------------------------------------|				
	Secondary_structure	(Pr	=	0.25)	|		
	|						
	Stability_and_conformational_flexibility	(Pr	=	0.12)	|		
	|---->Altered	Conformational_flexibility	(Pr	=	0.12)		
	|						
	Special_structural_signatures	(Pr	=	0.07)	|		
	Signal_peptide	(Pr	=	0.00)	|		
	|						
	Transmembrane_protein	(Pr	=	0.07)	|		
							
	(Pr	=	0.24)	|			
	(Pr	=	0.23)	|			
	Protein_binding	(Pr	=	0.23)	|		
	Disordered_interface	(Pr	=	0.08)	|		
	|						
	Ordered_interface	(Pr	=	0.23)	|		
							
	(Pr	=	0.11)<---------------------------------------------------------|				
							
	(Pr	=	0.24)				
	Acetylation	at	K215	(Pr	=	0.24	
	isozyme-1	(SKI1)	cleavage	site	([RK]-X-[hydrophobic]-[LTKF]-|-X);		
	(Pr	=	0.22)				
	(ELME000146|ELME000197|ELME000231|ELME000336|PS00006)						
	(Pr	=	0.22)-------------------------------------------------------|				
	Secondary_structure	(Pr	=	0.22)	|		
	|						
	Stability_and_conformational_flexibility	(Pr	=	0.15)	|		
	|---->Altered	Conformational_flexibility	(Pr	=	0.15)		
	|						
	Special_structural_signatures	(Pr	=	0.08)	|		
	Signal_peptide	(Pr	=	0.00)	|		
	|						
	Transmembrane_protein	(Pr	=	0.08)	|		
							
	(Pr	=	0.12)	|			
	(Pr	=	0.12)	|			
	Protein_binding	(Pr	=	0.12)	|		
	Disordered_interface	(Pr	=	0.05)	|		
	|						
	Ordered_interface	(Pr	=	0.12)	|		
							
	(Pr	=	0.05)<---------------------------------------------------------|				
							
	(Pr	=	0.12)				
	(Pr	=	0.27	|	P		
	(Pr	=	0.27)				
	(ELME000063|ELME000147|ELME000202)						
	(Pr	=	0.27)-------------------------------------------------------|				
	Secondary_structure	(Pr	=	0.27)	|		
	|---->Gain	of	Helix	(Pr	=	0.27	
	|						
	Stability_and_conformational_flexibility	(Pr	=	0.15)	|		
	|---->Altered	Conformational_flexibility	(Pr	=	0.15)		
	|						
	Special_structural_signatures	(Pr	=	0.06)	|		
	Signal_peptide	(Pr	=	0.00)	|		
	|						
	Transmembrane_protein	(Pr	=	0.06)	|		
							
	(Pr	=	0.15)	|			
	(Pr	=	0.15)	|			
	Protein_binding	(Pr	=	0.15)	|		
	Disordered_interface	(Pr	=	0.08)	|		
	|						
	Ordered_interface	(Pr	=	0.15)	|		
							
	(Pr	=	0.06)<---------------------------------------------------------|				
							
	(Pr	=	0.12)				
	Pyrrolidone_carboxylic_acid	at	Q301	(Pr	=	0.08	
